iTx 	 iRx    ichrec  ifreq 	 emf_real 	 emf_imag
1 	 1 	 1 	 1 	 -5.787903e-15 	 -3.320556e-15
1 	 2 	 1 	 1 	 -5.891528e-15 	 -3.341654e-15
1 	 3 	 1 	 1 	 -5.995152e-15 	 -3.362752e-15
1 	 4 	 1 	 1 	 -6.103261e-15 	 -3.382992e-15
1 	 5 	 1 	 1 	 -6.217077e-15 	 -3.402139e-15
1 	 6 	 1 	 1 	 -6.330894e-15 	 -3.421287e-15
1 	 7 	 1 	 1 	 -6.444710e-15 	 -3.440434e-15
1 	 8 	 1 	 1 	 -6.558526e-15 	 -3.459581e-15
1 	 9 	 1 	 1 	 -6.675875e-15 	 -3.477925e-15
1 	 10 	 1 	 1 	 -6.800732e-15 	 -3.494563e-15
1 	 11 	 1 	 1 	 -6.925588e-15 	 -3.511202e-15
1 	 12 	 1 	 1 	 -7.050445e-15 	 -3.527840e-15
1 	 13 	 1 	 1 	 -7.175301e-15 	 -3.544478e-15
1 	 14 	 1 	 1 	 -7.302548e-15 	 -3.560486e-15
1 	 15 	 1 	 1 	 -7.439357e-15 	 -3.573973e-15
1 	 16 	 1 	 1 	 -7.576165e-15 	 -3.587460e-15
1 	 17 	 1 	 1 	 -7.712974e-15 	 -3.600946e-15
1 	 18 	 1 	 1 	 -7.849782e-15 	 -3.614433e-15
1 	 19 	 1 	 1 	 -7.987625e-15 	 -3.627609e-15
1 	 20 	 1 	 1 	 -8.137367e-15 	 -3.637209e-15
1 	 21 	 1 	 1 	 -8.287108e-15 	 -3.646808e-15
1 	 22 	 1 	 1 	 -8.436849e-15 	 -3.656408e-15
1 	 23 	 1 	 1 	 -8.586590e-15 	 -3.666008e-15
1 	 24 	 1 	 1 	 -8.736331e-15 	 -3.675608e-15
1 	 25 	 1 	 1 	 -8.899500e-15 	 -3.680670e-15
1 	 26 	 1 	 1 	 -9.063228e-15 	 -3.685544e-15
1 	 27 	 1 	 1 	 -9.226957e-15 	 -3.690417e-15
1 	 28 	 1 	 1 	 -9.390685e-15 	 -3.695291e-15
1 	 29 	 1 	 1 	 -9.554413e-15 	 -3.700164e-15
1 	 30 	 1 	 1 	 -9.730842e-15 	 -3.700267e-15
1 	 31 	 1 	 1 	 -9.909691e-15 	 -3.699462e-15
1 	 32 	 1 	 1 	 -1.008854e-14 	 -3.698656e-15
1 	 33 	 1 	 1 	 -1.026739e-14 	 -3.697851e-15
1 	 34 	 1 	 1 	 -1.044624e-14 	 -3.697045e-15
1 	 35 	 1 	 1 	 -1.063685e-14 	 -3.691373e-15
1 	 36 	 1 	 1 	 -1.083203e-14 	 -3.683809e-15
1 	 37 	 1 	 1 	 -1.102722e-14 	 -3.676245e-15
1 	 38 	 1 	 1 	 -1.122240e-14 	 -3.668681e-15
1 	 39 	 1 	 1 	 -1.141759e-14 	 -3.661117e-15
1 	 40 	 1 	 1 	 -1.162336e-14 	 -3.648766e-15
1 	 41 	 1 	 1 	 -1.183619e-14 	 -3.633224e-15
1 	 42 	 1 	 1 	 -1.204901e-14 	 -3.617683e-15
1 	 43 	 1 	 1 	 -1.226184e-14 	 -3.602141e-15
1 	 44 	 1 	 1 	 -1.247467e-14 	 -3.586599e-15
1 	 45 	 1 	 1 	 -1.269664e-14 	 -3.566569e-15
1 	 46 	 1 	 1 	 -1.292852e-14 	 -3.541675e-15
1 	 47 	 1 	 1 	 -1.316040e-14 	 -3.516781e-15
1 	 48 	 1 	 1 	 -1.339227e-14 	 -3.491888e-15
1 	 49 	 1 	 1 	 -1.362415e-14 	 -3.466994e-15
1 	 50 	 1 	 1 	 -1.386343e-14 	 -3.438177e-15
1 	 51 	 1 	 1 	 -1.411587e-14 	 -3.402385e-15
1 	 52 	 1 	 1 	 -1.436831e-14 	 -3.366593e-15
1 	 53 	 1 	 1 	 -1.462075e-14 	 -3.330802e-15
1 	 54 	 1 	 1 	 -1.487318e-14 	 -3.295010e-15
1 	 55 	 1 	 1 	 -1.513095e-14 	 -3.256185e-15
1 	 56 	 1 	 1 	 -1.540558e-14 	 -3.207757e-15
1 	 57 	 1 	 1 	 -1.568021e-14 	 -3.159329e-15
1 	 58 	 1 	 1 	 -1.595485e-14 	 -3.110901e-15
1 	 59 	 1 	 1 	 -1.622948e-14 	 -3.062473e-15
1 	 60 	 1 	 1 	 -1.650699e-14 	 -3.012294e-15
1 	 61 	 1 	 1 	 -1.680558e-14 	 -2.949278e-15
1 	 62 	 1 	 1 	 -1.710418e-14 	 -2.886261e-15
1 	 63 	 1 	 1 	 -1.740277e-14 	 -2.823244e-15
1 	 64 	 1 	 1 	 -1.770137e-14 	 -2.760228e-15
1 	 65 	 1 	 1 	 -1.799996e-14 	 -2.697211e-15
1 	 66 	 1 	 1 	 -1.832444e-14 	 -2.617414e-15
1 	 67 	 1 	 1 	 -1.864892e-14 	 -2.537616e-15
1 	 68 	 1 	 1 	 -1.897339e-14 	 -2.457819e-15
1 	 69 	 1 	 1 	 -1.929787e-14 	 -2.378022e-15
1 	 70 	 1 	 1 	 -1.962235e-14 	 -2.298224e-15
1 	 71 	 1 	 1 	 -1.997145e-14 	 -2.201492e-15
1 	 72 	 1 	 1 	 -2.032391e-14 	 -2.102449e-15
1 	 73 	 1 	 1 	 -2.067636e-14 	 -2.003407e-15
1 	 74 	 1 	 1 	 -2.102882e-14 	 -1.904365e-15
1 	 75 	 1 	 1 	 -2.138128e-14 	 -1.805323e-15
1 	 76 	 1 	 1 	 -2.175675e-14 	 -1.689548e-15
1 	 77 	 1 	 1 	 -2.213948e-14 	 -1.568489e-15
1 	 78 	 1 	 1 	 -2.252222e-14 	 -1.447430e-15
1 	 79 	 1 	 1 	 -2.290496e-14 	 -1.326371e-15
1 	 80 	 1 	 1 	 -2.328770e-14 	 -1.205311e-15
1 	 81 	 1 	 1 	 -2.369144e-14 	 -1.068160e-15
1 	 82 	 1 	 1 	 -2.410699e-14 	 -9.219578e-16
1 	 83 	 1 	 1 	 -2.452254e-14 	 -7.757550e-16
1 	 84 	 1 	 1 	 -2.493810e-14 	 -6.295524e-16
1 	 85 	 1 	 1 	 -2.535365e-14 	 -4.833497e-16
1 	 86 	 1 	 1 	 -2.578773e-14 	 -3.222334e-16
1 	 87 	 1 	 1 	 -2.623892e-14 	 -1.473507e-16
1 	 88 	 1 	 1 	 -2.669010e-14 	 2.753199e-17
1 	 89 	 1 	 1 	 -2.714128e-14 	 2.024147e-16
1 	 90 	 1 	 1 	 -2.759247e-14 	 3.772973e-16
1 	 91 	 1 	 1 	 -2.805916e-14 	 5.652584e-16
1 	 92 	 1 	 1 	 -2.854911e-14 	 7.728370e-16
1 	 93 	 1 	 1 	 -2.903906e-14 	 9.804156e-16
1 	 94 	 1 	 1 	 -2.952902e-14 	 1.187994e-15
1 	 95 	 1 	 1 	 -3.001897e-14 	 1.395573e-15
1 	 96 	 1 	 1 	 -3.052076e-14 	 1.613589e-15
1 	 97 	 1 	 1 	 -3.105301e-14 	 1.858447e-15
1 	 98 	 1 	 1 	 -3.158525e-14 	 2.103304e-15
1 	 99 	 1 	 1 	 -3.211749e-14 	 2.348161e-15
1 	 100 	 1 	 1 	 -3.264973e-14 	 2.593018e-15
1 	 101 	 1 	 1 	 -3.318938e-14 	 2.844681e-15
1 	 102 	 1 	 1 	 -3.376788e-14 	 3.132076e-15
1 	 103 	 1 	 1 	 -3.434638e-14 	 3.419470e-15
1 	 104 	 1 	 1 	 -3.492488e-14 	 3.706865e-15
1 	 105 	 1 	 1 	 -3.550339e-14 	 3.994259e-15
1 	 106 	 1 	 1 	 -3.608392e-14 	 4.283598e-15
1 	 107 	 1 	 1 	 -3.671317e-14 	 4.619604e-15
1 	 108 	 1 	 1 	 -3.734243e-14 	 4.955610e-15
1 	 109 	 1 	 1 	 -3.797168e-14 	 5.291616e-15
1 	 110 	 1 	 1 	 -3.860094e-14 	 5.627622e-15
1 	 111 	 1 	 1 	 -3.923020e-14 	 5.963628e-15
1 	 112 	 1 	 1 	 -3.991085e-14 	 6.350856e-15
1 	 113 	 1 	 1 	 -4.059596e-14 	 6.742538e-15
1 	 114 	 1 	 1 	 -4.128108e-14 	 7.134221e-15
1 	 115 	 1 	 1 	 -4.196620e-14 	 7.525902e-15
1 	 116 	 1 	 1 	 -4.265132e-14 	 7.917585e-15
1 	 117 	 1 	 1 	 -4.338578e-14 	 8.360430e-15
1 	 118 	 1 	 1 	 -4.413258e-14 	 8.816067e-15
1 	 119 	 1 	 1 	 -4.487938e-14 	 9.271704e-15
1 	 120 	 1 	 1 	 -4.562618e-14 	 9.727341e-15
1 	 121 	 1 	 1 	 -4.637297e-14 	 1.018298e-14
1 	 122 	 1 	 1 	 -4.716622e-14 	 1.068875e-14
1 	 123 	 1 	 1 	 -4.798133e-14 	 1.121812e-14
1 	 124 	 1 	 1 	 -4.879644e-14 	 1.174748e-14
1 	 125 	 1 	 1 	 -4.961155e-14 	 1.227685e-14
1 	 126 	 1 	 1 	 -5.042666e-14 	 1.280621e-14
1 	 127 	 1 	 1 	 -5.128426e-14 	 1.338338e-14
1 	 128 	 1 	 1 	 -5.217524e-14 	 1.399811e-14
1 	 129 	 1 	 1 	 -5.306622e-14 	 1.461283e-14
1 	 130 	 1 	 1 	 -5.395720e-14 	 1.522756e-14
1 	 131 	 1 	 1 	 -5.484819e-14 	 1.584228e-14
1 	 132 	 1 	 1 	 -5.577634e-14 	 1.650070e-14
1 	 133 	 1 	 1 	 -5.675179e-14 	 1.721472e-14
1 	 134 	 1 	 1 	 -5.772725e-14 	 1.792875e-14
1 	 135 	 1 	 1 	 -5.870270e-14 	 1.864277e-14
1 	 136 	 1 	 1 	 -5.967815e-14 	 1.935680e-14
1 	 137 	 1 	 1 	 -6.068375e-14 	 2.010798e-14
1 	 138 	 1 	 1 	 -6.175342e-14 	 2.093813e-14
1 	 139 	 1 	 1 	 -6.282310e-14 	 2.176827e-14
1 	 140 	 1 	 1 	 -6.389277e-14 	 2.259842e-14
1 	 141 	 1 	 1 	 -6.496244e-14 	 2.342857e-14
1 	 142 	 1 	 1 	 -6.605315e-14 	 2.428603e-14
1 	 143 	 1 	 1 	 -6.722802e-14 	 2.525274e-14
1 	 144 	 1 	 1 	 -6.840290e-14 	 2.621945e-14
1 	 145 	 1 	 1 	 -6.957777e-14 	 2.718616e-14
1 	 146 	 1 	 1 	 -7.075265e-14 	 2.815287e-14
1 	 147 	 1 	 1 	 -7.193692e-14 	 2.913251e-14
1 	 148 	 1 	 1 	 -7.322928e-14 	 3.026078e-14
1 	 149 	 1 	 1 	 -7.452165e-14 	 3.138904e-14
1 	 150 	 1 	 1 	 -7.581401e-14 	 3.251731e-14
1 	 151 	 1 	 1 	 -7.710637e-14 	 3.364557e-14
1 	 152 	 1 	 1 	 -7.839874e-14 	 3.477384e-14
1 	 153 	 1 	 1 	 -7.981694e-14 	 3.608668e-14
1 	 154 	 1 	 1 	 -8.124040e-14 	 3.740722e-14
1 	 155 	 1 	 1 	 -8.266385e-14 	 3.872776e-14
1 	 156 	 1 	 1 	 -8.408731e-14 	 4.004829e-14
1 	 157 	 1 	 1 	 -8.551075e-14 	 4.136883e-14
1 	 158 	 1 	 1 	 -8.705680e-14 	 4.288277e-14
1 	 159 	 1 	 1 	 -8.862619e-14 	 4.443354e-14
1 	 160 	 1 	 1 	 -9.019558e-14 	 4.598431e-14
1 	 161 	 1 	 1 	 -9.176497e-14 	 4.753509e-14
1 	 162 	 1 	 1 	 -9.333436e-14 	 4.908586e-14
1 	 163 	 1 	 1 	 -9.502029e-14 	 5.083637e-14
1 	 164 	 1 	 1 	 -9.675155e-14 	 5.266454e-14
1 	 165 	 1 	 1 	 -9.848280e-14 	 5.449272e-14
1 	 166 	 1 	 1 	 -1.002141e-13 	 5.632089e-14
1 	 167 	 1 	 1 	 -1.019453e-13 	 5.814907e-14
1 	 168 	 1 	 1 	 -1.037837e-13 	 6.017903e-14
1 	 169 	 1 	 1 	 -1.056934e-13 	 6.234352e-14
1 	 170 	 1 	 1 	 -1.076032e-13 	 6.450801e-14
1 	 171 	 1 	 1 	 -1.095130e-13 	 6.667250e-14
1 	 172 	 1 	 1 	 -1.114227e-13 	 6.883699e-14
1 	 173 	 1 	 1 	 -1.134262e-13 	 7.119843e-14
1 	 174 	 1 	 1 	 -1.155313e-13 	 7.377324e-14
1 	 175 	 1 	 1 	 -1.176364e-13 	 7.634805e-14
1 	 176 	 1 	 1 	 -1.197415e-13 	 7.892285e-14
1 	 177 	 1 	 1 	 -1.218465e-13 	 8.149766e-14
1 	 178 	 1 	 1 	 -1.240277e-13 	 8.425387e-14
1 	 179 	 1 	 1 	 -1.263441e-13 	 8.733259e-14
1 	 180 	 1 	 1 	 -1.286605e-13 	 9.041129e-14
1 	 181 	 1 	 1 	 -1.309769e-13 	 9.349001e-14
1 	 182 	 1 	 1 	 -1.332933e-13 	 9.656872e-14
1 	 183 	 1 	 1 	 -1.356637e-13 	 9.979699e-14
1 	 184 	 1 	 1 	 -1.382052e-13 	 1.034989e-13
1 	 185 	 1 	 1 	 -1.407468e-13 	 1.072007e-13
1 	 186 	 1 	 1 	 -1.432883e-13 	 1.109026e-13
1 	 187 	 1 	 1 	 -1.458298e-13 	 1.146045e-13
1 	 188 	 1 	 1 	 -1.483995e-13 	 1.183996e-13
1 	 189 	 1 	 1 	 -1.511756e-13 	 1.228780e-13
1 	 190 	 1 	 1 	 -1.539517e-13 	 1.273565e-13
1 	 191 	 1 	 1 	 -1.567278e-13 	 1.318349e-13
1 	 192 	 1 	 1 	 -1.595039e-13 	 1.363134e-13
1 	 193 	 1 	 1 	 -1.622800e-13 	 1.407919e-13
1 	 194 	 1 	 1 	 -1.652924e-13 	 1.462466e-13
1 	 195 	 1 	 1 	 -1.683048e-13 	 1.517013e-13
1 	 196 	 1 	 1 	 -1.713172e-13 	 1.571559e-13
1 	 197 	 1 	 1 	 -1.743296e-13 	 1.626106e-13
1 	 198 	 1 	 1 	 -1.773420e-13 	 1.680653e-13
1 	 199 	 1 	 1 	 -1.805526e-13 	 1.746109e-13
1 	 200 	 1 	 1 	 -1.837901e-13 	 1.813052e-13
1 	 201 	 1 	 1 	 -1.870277e-13 	 1.879995e-13
1 	 202 	 1 	 1 	 -1.902652e-13 	 1.946937e-13
1 	 203 	 1 	 1 	 -1.935028e-13 	 2.013880e-13
1 	 204 	 1 	 1 	 -1.968870e-13 	 2.092928e-13
1 	 205 	 1 	 1 	 -2.003175e-13 	 2.175799e-13
1 	 206 	 1 	 1 	 -2.037480e-13 	 2.258670e-13
1 	 207 	 1 	 1 	 -2.071785e-13 	 2.341540e-13
1 	 208 	 1 	 1 	 -2.106090e-13 	 2.424411e-13
1 	 209 	 1 	 1 	 -2.141202e-13 	 2.520563e-13
1 	 210 	 1 	 1 	 -2.176768e-13 	 2.624187e-13
1 	 211 	 1 	 1 	 -2.212334e-13 	 2.727810e-13
1 	 212 	 1 	 1 	 -2.247899e-13 	 2.831434e-13
1 	 213 	 1 	 1 	 -2.283465e-13 	 2.935057e-13
1 	 214 	 1 	 1 	 -2.319039e-13 	 3.052972e-13
1 	 215 	 1 	 1 	 -2.354620e-13 	 3.184079e-13
1 	 216 	 1 	 1 	 -2.390201e-13 	 3.315186e-13
1 	 217 	 1 	 1 	 -2.425782e-13 	 3.446292e-13
1 	 218 	 1 	 1 	 -2.461363e-13 	 3.577399e-13
1 	 219 	 1 	 1 	 -2.496059e-13 	 3.723338e-13
1 	 220 	 1 	 1 	 -2.529427e-13 	 3.891524e-13
1 	 221 	 1 	 1 	 -2.562795e-13 	 4.059710e-13
1 	 222 	 1 	 1 	 -2.596163e-13 	 4.227897e-13
1 	 223 	 1 	 1 	 -2.629531e-13 	 4.396083e-13
1 	 224 	 1 	 1 	 -2.661175e-13 	 4.578569e-13
1 	 225 	 1 	 1 	 -2.688386e-13 	 4.797824e-13
1 	 226 	 1 	 1 	 -2.715597e-13 	 5.017080e-13
1 	 227 	 1 	 1 	 -2.742808e-13 	 5.236335e-13
1 	 228 	 1 	 1 	 -2.770019e-13 	 5.455591e-13
1 	 229 	 1 	 1 	 -2.795122e-13 	 5.686352e-13
1 	 230 	 1 	 1 	 -2.809163e-13 	 5.977512e-13
1 	 231 	 1 	 1 	 -2.823203e-13 	 6.268673e-13
1 	 232 	 1 	 1 	 -2.837244e-13 	 6.559834e-13
1 	 233 	 1 	 1 	 -2.851284e-13 	 6.850994e-13
1 	 234 	 1 	 1 	 -2.864292e-13 	 7.146297e-13
1 	 235 	 1 	 1 	 -2.852538e-13 	 7.541007e-13
1 	 236 	 1 	 1 	 -2.840785e-13 	 7.935718e-13
1 	 237 	 1 	 1 	 -2.829031e-13 	 8.330428e-13
1 	 238 	 1 	 1 	 -2.817277e-13 	 8.725139e-13
1 	 239 	 1 	 1 	 -2.805523e-13 	 9.119849e-13
1 	 240 	 1 	 1 	 -2.748822e-13 	 9.654803e-13
1 	 241 	 1 	 1 	 -2.688213e-13 	 1.020195e-12
1 	 242 	 1 	 1 	 -2.627603e-13 	 1.074910e-12
1 	 243 	 1 	 1 	 -2.566994e-13 	 1.129625e-12
1 	 244 	 1 	 1 	 -2.506384e-13 	 1.184340e-12
1 	 245 	 1 	 1 	 -2.372479e-13 	 1.257379e-12
1 	 246 	 1 	 1 	 -2.220250e-13 	 1.334999e-12
1 	 247 	 1 	 1 	 -2.068020e-13 	 1.412619e-12
1 	 248 	 1 	 1 	 -1.915791e-13 	 1.490239e-12
1 	 249 	 1 	 1 	 -1.763562e-13 	 1.567859e-12
1 	 250 	 1 	 1 	 -1.494340e-13 	 1.669313e-12
1 	 251 	 1 	 1 	 -1.170063e-13 	 1.781983e-12
1 	 252 	 1 	 1 	 -8.457854e-14 	 1.894652e-12
1 	 253 	 1 	 1 	 -5.215081e-14 	 2.007322e-12
1 	 254 	 1 	 1 	 -1.972309e-14 	 2.119992e-12
1 	 255 	 1 	 1 	 3.092457e-14 	 2.263168e-12
1 	 256 	 1 	 1 	 9.588788e-14 	 2.430315e-12
1 	 257 	 1 	 1 	 1.608512e-13 	 2.597461e-12
1 	 258 	 1 	 1 	 2.258145e-13 	 2.764607e-12
1 	 259 	 1 	 1 	 2.907778e-13 	 2.931753e-12
1 	 260 	 1 	 1 	 3.830944e-13 	 3.136645e-12
1 	 261 	 1 	 1 	 5.102242e-13 	 3.389575e-12
1 	 262 	 1 	 1 	 6.373540e-13 	 3.642506e-12
1 	 263 	 1 	 1 	 7.644839e-13 	 3.895436e-12
1 	 264 	 1 	 1 	 8.916137e-13 	 4.148366e-12
1 	 265 	 1 	 1 	 1.057261e-12 	 4.445003e-12
1 	 266 	 1 	 1 	 1.304756e-12 	 4.834513e-12
1 	 267 	 1 	 1 	 1.552251e-12 	 5.224024e-12
1 	 268 	 1 	 1 	 1.799747e-12 	 5.613536e-12
1 	 269 	 1 	 1 	 2.047242e-12 	 6.003047e-12
1 	 270 	 1 	 1 	 2.342153e-12 	 6.436482e-12
1 	 271 	 1 	 1 	 2.826726e-12 	 7.045613e-12
1 	 272 	 1 	 1 	 3.311299e-12 	 7.654744e-12
1 	 273 	 1 	 1 	 3.795872e-12 	 8.263875e-12
1 	 274 	 1 	 1 	 4.280446e-12 	 8.873006e-12
1 	 275 	 1 	 1 	 4.803256e-12 	 9.510680e-12
1 	 276 	 1 	 1 	 5.765793e-12 	 1.047658e-11
1 	 277 	 1 	 1 	 6.728329e-12 	 1.144249e-11
1 	 278 	 1 	 1 	 7.690866e-12 	 1.240839e-11
1 	 279 	 1 	 1 	 8.653403e-12 	 1.337429e-11
1 	 280 	 1 	 1 	 9.615939e-12 	 1.434020e-11
1 	 281 	 1 	 1 	 1.153462e-11 	 1.586955e-11
1 	 282 	 1 	 1 	 1.349315e-11 	 1.742239e-11
1 	 283 	 1 	 1 	 1.545168e-11 	 1.897522e-11
1 	 284 	 1 	 1 	 1.741020e-11 	 2.052806e-11
1 	 285 	 1 	 1 	 1.936873e-11 	 2.208089e-11
1 	 286 	 1 	 1 	 2.315666e-11 	 2.445958e-11
1 	 287 	 1 	 1 	 2.729305e-11 	 2.699558e-11
1 	 288 	 1 	 1 	 3.142944e-11 	 2.953158e-11
1 	 289 	 1 	 1 	 3.556582e-11 	 3.206757e-11
1 	 290 	 1 	 1 	 3.970221e-11 	 3.460357e-11
1 	 291 	 1 	 1 	 4.751905e-11 	 3.835889e-11
1 	 292 	 1 	 1 	 5.676718e-11 	 4.258839e-11
1 	 293 	 1 	 1 	 6.601530e-11 	 4.681789e-11
1 	 294 	 1 	 1 	 7.526343e-11 	 5.104739e-11
1 	 295 	 1 	 1 	 8.451156e-11 	 5.527689e-11
1 	 296 	 1 	 1 	 1.017443e-10 	 6.133483e-11
1 	 297 	 1 	 1 	 1.243000e-10 	 6.861173e-11
1 	 298 	 1 	 1 	 1.468558e-10 	 7.588863e-11
1 	 299 	 1 	 1 	 1.694116e-10 	 8.316553e-11
1 	 300 	 1 	 1 	 1.919674e-10 	 9.044242e-11
1 	 301 	 1 	 1 	 2.337781e-10 	 1.005296e-10
1 	 302 	 1 	 1 	 2.964482e-10 	 1.136611e-10
1 	 303 	 1 	 1 	 3.591184e-10 	 1.267927e-10
1 	 304 	 1 	 1 	 4.217885e-10 	 1.399243e-10
1 	 305 	 1 	 1 	 4.844587e-10 	 1.530558e-10
1 	 306 	 1 	 1 	 5.989609e-10 	 1.705841e-10
1 	 307 	 1 	 1 	 8.056091e-10 	 1.959289e-10
1 	 308 	 1 	 1 	 1.012257e-09 	 2.212736e-10
1 	 309 	 1 	 1 	 1.218905e-09 	 2.466183e-10
1 	 310 	 1 	 1 	 1.425553e-09 	 2.719631e-10
1 	 311 	 1 	 1 	 1.749297e-09 	 3.034816e-10
1 	 312 	 1 	 1 	 2.443842e-09 	 3.545503e-10
1 	 313 	 1 	 1 	 3.138387e-09 	 4.056191e-10
1 	 314 	 1 	 1 	 3.832932e-09 	 4.566878e-10
1 	 315 	 1 	 1 	 4.527478e-09 	 5.077566e-10
1 	 316 	 1 	 1 	 4.625959e-09 	 5.603243e-10
1 	 317 	 1 	 1 	 3.533043e-10 	 6.238842e-10
1 	 318 	 1 	 1 	 -3.919350e-09 	 6.874442e-10
1 	 319 	 1 	 1 	 -8.192004e-09 	 7.510041e-10
1 	 320 	 1 	 1 	 -1.246466e-08 	 8.145641e-10
1 	 321 	 1 	 1 	 -1.673731e-08 	 8.781241e-10
1 	 322 	 1 	 1 	 -1.246466e-08 	 8.145641e-10
1 	 323 	 1 	 1 	 -8.192004e-09 	 7.510042e-10
1 	 324 	 1 	 1 	 -3.919350e-09 	 6.874442e-10
1 	 325 	 1 	 1 	 3.533043e-10 	 6.238843e-10
1 	 326 	 1 	 1 	 4.625959e-09 	 5.603243e-10
1 	 327 	 1 	 1 	 4.527478e-09 	 5.077566e-10
1 	 328 	 1 	 1 	 3.832932e-09 	 4.566879e-10
1 	 329 	 1 	 1 	 3.138387e-09 	 4.056191e-10
1 	 330 	 1 	 1 	 2.443842e-09 	 3.545504e-10
1 	 331 	 1 	 1 	 1.749297e-09 	 3.034817e-10
1 	 332 	 1 	 1 	 1.425553e-09 	 2.719632e-10
1 	 333 	 1 	 1 	 1.218905e-09 	 2.466184e-10
1 	 334 	 1 	 1 	 1.012257e-09 	 2.212737e-10
1 	 335 	 1 	 1 	 8.056090e-10 	 1.959290e-10
1 	 336 	 1 	 1 	 5.989609e-10 	 1.705843e-10
1 	 337 	 1 	 1 	 4.844586e-10 	 1.530559e-10
1 	 338 	 1 	 1 	 4.217885e-10 	 1.399244e-10
1 	 339 	 1 	 1 	 3.591183e-10 	 1.267928e-10
1 	 340 	 1 	 1 	 2.964481e-10 	 1.136612e-10
1 	 341 	 1 	 1 	 2.337780e-10 	 1.005297e-10
1 	 342 	 1 	 1 	 1.919673e-10 	 9.044253e-11
1 	 343 	 1 	 1 	 1.694115e-10 	 8.316562e-11
1 	 344 	 1 	 1 	 1.468558e-10 	 7.588872e-11
1 	 345 	 1 	 1 	 1.243000e-10 	 6.861181e-11
1 	 346 	 1 	 1 	 1.017442e-10 	 6.133490e-11
1 	 347 	 1 	 1 	 8.451150e-11 	 5.527696e-11
1 	 348 	 1 	 1 	 7.526337e-11 	 5.104745e-11
1 	 349 	 1 	 1 	 6.601524e-11 	 4.681794e-11
1 	 350 	 1 	 1 	 5.676712e-11 	 4.258843e-11
1 	 351 	 1 	 1 	 4.751899e-11 	 3.835892e-11
1 	 352 	 1 	 1 	 3.970215e-11 	 3.460359e-11
1 	 353 	 1 	 1 	 3.556576e-11 	 3.206759e-11
1 	 354 	 1 	 1 	 3.142938e-11 	 2.953159e-11
1 	 355 	 1 	 1 	 2.729299e-11 	 2.699558e-11
1 	 356 	 1 	 1 	 2.315661e-11 	 2.445958e-11
1 	 357 	 1 	 1 	 1.936868e-11 	 2.208088e-11
1 	 358 	 1 	 1 	 1.741016e-11 	 2.052804e-11
1 	 359 	 1 	 1 	 1.545163e-11 	 1.897521e-11
1 	 360 	 1 	 1 	 1.349311e-11 	 1.742237e-11
1 	 361 	 1 	 1 	 1.153459e-11 	 1.586953e-11
1 	 362 	 1 	 1 	 9.615907e-12 	 1.434017e-11
1 	 363 	 1 	 1 	 8.653374e-12 	 1.337426e-11
1 	 364 	 1 	 1 	 7.690841e-12 	 1.240835e-11
1 	 365 	 1 	 1 	 6.728308e-12 	 1.144245e-11
1 	 366 	 1 	 1 	 5.765775e-12 	 1.047654e-11
1 	 367 	 1 	 1 	 4.803242e-12 	 9.510636e-12
1 	 368 	 1 	 1 	 4.280435e-12 	 8.872962e-12
1 	 369 	 1 	 1 	 3.795865e-12 	 8.263831e-12
1 	 370 	 1 	 1 	 3.311295e-12 	 7.654699e-12
1 	 371 	 1 	 1 	 2.826725e-12 	 7.045568e-12
1 	 372 	 1 	 1 	 2.342155e-12 	 6.436436e-12
1 	 373 	 1 	 1 	 2.047246e-12 	 6.003001e-12
1 	 374 	 1 	 1 	 1.799753e-12 	 5.613491e-12
1 	 375 	 1 	 1 	 1.552260e-12 	 5.223981e-12
1 	 376 	 1 	 1 	 1.304767e-12 	 4.834471e-12
1 	 377 	 1 	 1 	 1.057274e-12 	 4.444961e-12
1 	 378 	 1 	 1 	 8.916292e-13 	 4.148326e-12
1 	 379 	 1 	 1 	 7.645008e-13 	 3.895398e-12
1 	 380 	 1 	 1 	 6.373724e-13 	 3.642469e-12
1 	 381 	 1 	 1 	 5.102440e-13 	 3.389540e-12
1 	 382 	 1 	 1 	 3.831157e-13 	 3.136612e-12
1 	 383 	 1 	 1 	 2.908001e-13 	 2.931722e-12
1 	 384 	 1 	 1 	 2.258374e-13 	 2.764578e-12
1 	 385 	 1 	 1 	 1.608747e-13 	 2.597434e-12
1 	 386 	 1 	 1 	 9.591200e-14 	 2.430289e-12
1 	 387 	 1 	 1 	 3.094930e-14 	 2.263145e-12
1 	 388 	 1 	 1 	 -1.969802e-14 	 2.119970e-12
1 	 389 	 1 	 1 	 -5.212578e-14 	 2.007302e-12
1 	 390 	 1 	 1 	 -8.455355e-14 	 1.894634e-12
1 	 391 	 1 	 1 	 -1.169813e-13 	 1.781967e-12
1 	 392 	 1 	 1 	 -1.494091e-13 	 1.669299e-12
1 	 393 	 1 	 1 	 -1.763314e-13 	 1.567846e-12
1 	 394 	 1 	 1 	 -1.915549e-13 	 1.490228e-12
1 	 395 	 1 	 1 	 -2.067783e-13 	 1.412609e-12
1 	 396 	 1 	 1 	 -2.220017e-13 	 1.334991e-12
1 	 397 	 1 	 1 	 -2.372251e-13 	 1.257372e-12
1 	 398 	 1 	 1 	 -2.506162e-13 	 1.184335e-12
1 	 399 	 1 	 1 	 -2.566778e-13 	 1.129621e-12
1 	 400 	 1 	 1 	 -2.627395e-13 	 1.074907e-12
1 	 401 	 1 	 1 	 -2.688011e-13 	 1.020193e-12
1 	 402 	 1 	 1 	 -2.748628e-13 	 9.654795e-13
1 	 403 	 1 	 1 	 -2.805336e-13 	 9.119852e-13
1 	 404 	 1 	 1 	 -2.817098e-13 	 8.725149e-13
1 	 405 	 1 	 1 	 -2.828860e-13 	 8.330446e-13
1 	 406 	 1 	 1 	 -2.840622e-13 	 7.935743e-13
1 	 407 	 1 	 1 	 -2.852384e-13 	 7.541040e-13
1 	 408 	 1 	 1 	 -2.864146e-13 	 7.146338e-13
1 	 409 	 1 	 1 	 -2.851146e-13 	 6.851039e-13
1 	 410 	 1 	 1 	 -2.837113e-13 	 6.559883e-13
1 	 411 	 1 	 1 	 -2.823081e-13 	 6.268726e-13
1 	 412 	 1 	 1 	 -2.809048e-13 	 5.977570e-13
1 	 413 	 1 	 1 	 -2.795016e-13 	 5.686414e-13
1 	 414 	 1 	 1 	 -2.769919e-13 	 5.455655e-13
1 	 415 	 1 	 1 	 -2.742715e-13 	 5.236402e-13
1 	 416 	 1 	 1 	 -2.715511e-13 	 5.017148e-13
1 	 417 	 1 	 1 	 -2.688307e-13 	 4.797894e-13
1 	 418 	 1 	 1 	 -2.661103e-13 	 4.578640e-13
1 	 419 	 1 	 1 	 -2.629466e-13 	 4.396155e-13
1 	 420 	 1 	 1 	 -2.596103e-13 	 4.227968e-13
1 	 421 	 1 	 1 	 -2.562741e-13 	 4.059782e-13
1 	 422 	 1 	 1 	 -2.529379e-13 	 3.891596e-13
1 	 423 	 1 	 1 	 -2.496017e-13 	 3.723410e-13
1 	 424 	 1 	 1 	 -2.461326e-13 	 3.577470e-13
1 	 425 	 1 	 1 	 -2.425749e-13 	 3.446362e-13
1 	 426 	 1 	 1 	 -2.390173e-13 	 3.315254e-13
1 	 427 	 1 	 1 	 -2.354596e-13 	 3.184146e-13
1 	 428 	 1 	 1 	 -2.319020e-13 	 3.053039e-13
1 	 429 	 1 	 1 	 -2.283450e-13 	 2.935122e-13
1 	 430 	 1 	 1 	 -2.247887e-13 	 2.831497e-13
1 	 431 	 1 	 1 	 -2.212325e-13 	 2.727872e-13
1 	 432 	 1 	 1 	 -2.176762e-13 	 2.624247e-13
1 	 433 	 1 	 1 	 -2.141199e-13 	 2.520621e-13
1 	 434 	 1 	 1 	 -2.106090e-13 	 2.424467e-13
1 	 435 	 1 	 1 	 -2.071787e-13 	 2.341594e-13
1 	 436 	 1 	 1 	 -2.037485e-13 	 2.258722e-13
1 	 437 	 1 	 1 	 -2.003182e-13 	 2.175849e-13
1 	 438 	 1 	 1 	 -1.968879e-13 	 2.092976e-13
1 	 439 	 1 	 1 	 -1.935039e-13 	 2.013926e-13
1 	 440 	 1 	 1 	 -1.902665e-13 	 1.946981e-13
1 	 441 	 1 	 1 	 -1.870290e-13 	 1.880037e-13
1 	 442 	 1 	 1 	 -1.837916e-13 	 1.813092e-13
1 	 443 	 1 	 1 	 -1.805542e-13 	 1.746147e-13
1 	 444 	 1 	 1 	 -1.773437e-13 	 1.680689e-13
1 	 445 	 1 	 1 	 -1.743314e-13 	 1.626141e-13
1 	 446 	 1 	 1 	 -1.713191e-13 	 1.571592e-13
1 	 447 	 1 	 1 	 -1.683067e-13 	 1.517043e-13
1 	 448 	 1 	 1 	 -1.652944e-13 	 1.462494e-13
1 	 449 	 1 	 1 	 -1.622821e-13 	 1.407946e-13
1 	 450 	 1 	 1 	 -1.595060e-13 	 1.363159e-13
1 	 451 	 1 	 1 	 -1.567299e-13 	 1.318373e-13
1 	 452 	 1 	 1 	 -1.539538e-13 	 1.273587e-13
1 	 453 	 1 	 1 	 -1.511777e-13 	 1.228801e-13
1 	 454 	 1 	 1 	 -1.484016e-13 	 1.184015e-13
1 	 455 	 1 	 1 	 -1.458320e-13 	 1.146063e-13
1 	 456 	 1 	 1 	 -1.432904e-13 	 1.109043e-13
1 	 457 	 1 	 1 	 -1.407489e-13 	 1.072022e-13
1 	 458 	 1 	 1 	 -1.382073e-13 	 1.035002e-13
1 	 459 	 1 	 1 	 -1.356658e-13 	 9.979824e-14
1 	 460 	 1 	 1 	 -1.332953e-13 	 9.656986e-14
1 	 461 	 1 	 1 	 -1.309789e-13 	 9.349105e-14
1 	 462 	 1 	 1 	 -1.286624e-13 	 9.041224e-14
1 	 463 	 1 	 1 	 -1.263460e-13 	 8.733343e-14
1 	 464 	 1 	 1 	 -1.240296e-13 	 8.425462e-14
1 	 465 	 1 	 1 	 -1.218484e-13 	 8.149832e-14
1 	 466 	 1 	 1 	 -1.197433e-13 	 7.892343e-14
1 	 467 	 1 	 1 	 -1.176381e-13 	 7.634855e-14
1 	 468 	 1 	 1 	 -1.155330e-13 	 7.377367e-14
1 	 469 	 1 	 1 	 -1.134279e-13 	 7.119878e-14
1 	 470 	 1 	 1 	 -1.114243e-13 	 6.883728e-14
1 	 471 	 1 	 1 	 -1.095145e-13 	 6.667274e-14
1 	 472 	 1 	 1 	 -1.076047e-13 	 6.450820e-14
1 	 473 	 1 	 1 	 -1.056949e-13 	 6.234366e-14
1 	 474 	 1 	 1 	 -1.037851e-13 	 6.017912e-14
1 	 475 	 1 	 1 	 -1.019467e-13 	 5.814910e-14
1 	 476 	 1 	 1 	 -1.002154e-13 	 5.632089e-14
1 	 477 	 1 	 1 	 -9.848408e-14 	 5.449268e-14
1 	 478 	 1 	 1 	 -9.675278e-14 	 5.266447e-14
1 	 479 	 1 	 1 	 -9.502148e-14 	 5.083626e-14
1 	 480 	 1 	 1 	 -9.333550e-14 	 4.908572e-14
1 	 481 	 1 	 1 	 -9.176607e-14 	 4.753493e-14
1 	 482 	 1 	 1 	 -9.019664e-14 	 4.598413e-14
1 	 483 	 1 	 1 	 -8.862720e-14 	 4.443334e-14
1 	 484 	 1 	 1 	 -8.705776e-14 	 4.288254e-14
1 	 485 	 1 	 1 	 -8.551168e-14 	 4.136859e-14
1 	 486 	 1 	 1 	 -8.408819e-14 	 4.004804e-14
1 	 487 	 1 	 1 	 -8.266470e-14 	 3.872749e-14
1 	 488 	 1 	 1 	 -8.124121e-14 	 3.740694e-14
1 	 489 	 1 	 1 	 -7.981772e-14 	 3.608640e-14
1 	 490 	 1 	 1 	 -7.839947e-14 	 3.477353e-14
1 	 491 	 1 	 1 	 -7.710707e-14 	 3.364527e-14
1 	 492 	 1 	 1 	 -7.581467e-14 	 3.251700e-14
1 	 493 	 1 	 1 	 -7.452228e-14 	 3.138873e-14
1 	 494 	 1 	 1 	 -7.322988e-14 	 3.026046e-14
1 	 495 	 1 	 1 	 -7.193748e-14 	 2.913219e-14
1 	 496 	 1 	 1 	 -7.075318e-14 	 2.815255e-14
1 	 497 	 1 	 1 	 -6.957829e-14 	 2.718584e-14
1 	 498 	 1 	 1 	 -6.840339e-14 	 2.621913e-14
1 	 499 	 1 	 1 	 -6.722848e-14 	 2.525242e-14
1 	 500 	 1 	 1 	 -6.605358e-14 	 2.428571e-14
1 	 501 	 1 	 1 	 -6.496285e-14 	 2.342825e-14
1 	 502 	 1 	 1 	 -6.389315e-14 	 2.259811e-14
1 	 503 	 1 	 1 	 -6.282346e-14 	 2.176796e-14
1 	 504 	 1 	 1 	 -6.175376e-14 	 2.093782e-14
1 	 505 	 1 	 1 	 -6.068408e-14 	 2.010768e-14
1 	 506 	 1 	 1 	 -5.967845e-14 	 1.935650e-14
1 	 507 	 1 	 1 	 -5.870298e-14 	 1.864248e-14
1 	 508 	 1 	 1 	 -5.772751e-14 	 1.792846e-14
1 	 509 	 1 	 1 	 -5.675204e-14 	 1.721445e-14
1 	 510 	 1 	 1 	 -5.577657e-14 	 1.650043e-14
1 	 511 	 1 	 1 	 -5.484841e-14 	 1.584202e-14
1 	 512 	 1 	 1 	 -5.395741e-14 	 1.522730e-14
1 	 513 	 1 	 1 	 -5.306641e-14 	 1.461258e-14
1 	 514 	 1 	 1 	 -5.217542e-14 	 1.399786e-14
1 	 515 	 1 	 1 	 -5.128442e-14 	 1.338314e-14
1 	 516 	 1 	 1 	 -5.042681e-14 	 1.280598e-14
1 	 517 	 1 	 1 	 -4.961169e-14 	 1.227662e-14
1 	 518 	 1 	 1 	 -4.879657e-14 	 1.174726e-14
1 	 519 	 1 	 1 	 -4.798145e-14 	 1.121790e-14
1 	 520 	 1 	 1 	 -4.716633e-14 	 1.068854e-14
1 	 521 	 1 	 1 	 -4.637307e-14 	 1.018277e-14
1 	 522 	 1 	 1 	 -4.562627e-14 	 9.727143e-15
1 	 523 	 1 	 1 	 -4.487946e-14 	 9.271513e-15
1 	 524 	 1 	 1 	 -4.413266e-14 	 8.815882e-15
1 	 525 	 1 	 1 	 -4.338585e-14 	 8.360251e-15
1 	 526 	 1 	 1 	 -4.265139e-14 	 7.917411e-15
1 	 527 	 1 	 1 	 -4.196626e-14 	 7.525734e-15
1 	 528 	 1 	 1 	 -4.128114e-14 	 7.134058e-15
1 	 529 	 1 	 1 	 -4.059601e-14 	 6.742382e-15
1 	 530 	 1 	 1 	 -3.991089e-14 	 6.350705e-15
1 	 531 	 1 	 1 	 -3.923024e-14 	 5.963483e-15
1 	 532 	 1 	 1 	 -3.860098e-14 	 5.627482e-15
1 	 533 	 1 	 1 	 -3.797171e-14 	 5.291481e-15
1 	 534 	 1 	 1 	 -3.734246e-14 	 4.955480e-15
1 	 535 	 1 	 1 	 -3.671320e-14 	 4.619479e-15
1 	 536 	 1 	 1 	 -3.608394e-14 	 4.283478e-15
1 	 537 	 1 	 1 	 -3.550340e-14 	 3.994143e-15
1 	 538 	 1 	 1 	 -3.492490e-14 	 3.706753e-15
1 	 539 	 1 	 1 	 -3.434639e-14 	 3.419363e-15
1 	 540 	 1 	 1 	 -3.376789e-14 	 3.131972e-15
1 	 541 	 1 	 1 	 -3.318938e-14 	 2.844582e-15
1 	 542 	 1 	 1 	 -3.264974e-14 	 2.592922e-15
1 	 543 	 1 	 1 	 -3.211749e-14 	 2.348069e-15
1 	 544 	 1 	 1 	 -3.158525e-14 	 2.103215e-15
1 	 545 	 1 	 1 	 -3.105300e-14 	 1.858362e-15
1 	 546 	 1 	 1 	 -3.052076e-14 	 1.613508e-15
1 	 547 	 1 	 1 	 -3.001897e-14 	 1.395495e-15
1 	 548 	 1 	 1 	 -2.952901e-14 	 1.187919e-15
1 	 549 	 1 	 1 	 -2.903906e-14 	 9.803434e-16
1 	 550 	 1 	 1 	 -2.854910e-14 	 7.727677e-16
1 	 551 	 1 	 1 	 -2.805915e-14 	 5.651921e-16
1 	 552 	 1 	 1 	 -2.759246e-14 	 3.772337e-16
1 	 553 	 1 	 1 	 -2.714128e-14 	 2.023535e-16
1 	 554 	 1 	 1 	 -2.669009e-14 	 2.747328e-17
1 	 555 	 1 	 1 	 -2.623891e-14 	 -1.474069e-16
1 	 556 	 1 	 1 	 -2.578772e-14 	 -3.222871e-16
1 	 557 	 1 	 1 	 -2.535364e-14 	 -4.834012e-16
1 	 558 	 1 	 1 	 -2.493809e-14 	 -6.296018e-16
1 	 559 	 1 	 1 	 -2.452253e-14 	 -7.758023e-16
1 	 560 	 1 	 1 	 -2.410698e-14 	 -9.220030e-16
1 	 561 	 1 	 1 	 -2.369143e-14 	 -1.068204e-15
1 	 562 	 1 	 1 	 -2.328769e-14 	 -1.205353e-15
1 	 563 	 1 	 1 	 -2.290495e-14 	 -1.326410e-15
1 	 564 	 1 	 1 	 -2.252221e-14 	 -1.447467e-15
1 	 565 	 1 	 1 	 -2.213948e-14 	 -1.568525e-15
1 	 566 	 1 	 1 	 -2.175674e-14 	 -1.689582e-15
1 	 567 	 1 	 1 	 -2.138127e-14 	 -1.805355e-15
1 	 568 	 1 	 1 	 -2.102881e-14 	 -1.904396e-15
1 	 569 	 1 	 1 	 -2.067636e-14 	 -2.003436e-15
1 	 570 	 1 	 1 	 -2.032390e-14 	 -2.102477e-15
1 	 571 	 1 	 1 	 -1.997144e-14 	 -2.201517e-15
1 	 572 	 1 	 1 	 -1.962234e-14 	 -2.298248e-15
1 	 573 	 1 	 1 	 -1.929787e-14 	 -2.378044e-15
1 	 574 	 1 	 1 	 -1.897339e-14 	 -2.457840e-15
1 	 575 	 1 	 1 	 -1.864891e-14 	 -2.537636e-15
1 	 576 	 1 	 1 	 -1.832443e-14 	 -2.617432e-15
1 	 577 	 1 	 1 	 -1.799996e-14 	 -2.697228e-15
1 	 578 	 1 	 1 	 -1.770136e-14 	 -2.760244e-15
1 	 579 	 1 	 1 	 -1.740277e-14 	 -2.823259e-15
1 	 580 	 1 	 1 	 -1.710417e-14 	 -2.886274e-15
1 	 581 	 1 	 1 	 -1.680558e-14 	 -2.949290e-15
1 	 582 	 1 	 1 	 -1.650698e-14 	 -3.012305e-15
1 	 583 	 1 	 1 	 -1.622948e-14 	 -3.062483e-15
1 	 584 	 1 	 1 	 -1.595484e-14 	 -3.110910e-15
1 	 585 	 1 	 1 	 -1.568021e-14 	 -3.159337e-15
1 	 586 	 1 	 1 	 -1.540558e-14 	 -3.207765e-15
1 	 587 	 1 	 1 	 -1.513095e-14 	 -3.256192e-15
1 	 588 	 1 	 1 	 -1.487318e-14 	 -3.295016e-15
1 	 589 	 1 	 1 	 -1.462075e-14 	 -3.330807e-15
1 	 590 	 1 	 1 	 -1.436831e-14 	 -3.366598e-15
1 	 591 	 1 	 1 	 -1.411587e-14 	 -3.402389e-15
1 	 592 	 1 	 1 	 -1.386343e-14 	 -3.438180e-15
1 	 593 	 1 	 1 	 -1.362415e-14 	 -3.466997e-15
1 	 594 	 1 	 1 	 -1.339228e-14 	 -3.491890e-15
1 	 595 	 1 	 1 	 -1.316040e-14 	 -3.516783e-15
1 	 596 	 1 	 1 	 -1.292852e-14 	 -3.541676e-15
1 	 597 	 1 	 1 	 -1.269664e-14 	 -3.566569e-15
1 	 598 	 1 	 1 	 -1.247467e-14 	 -3.586600e-15
1 	 599 	 1 	 1 	 -1.226184e-14 	 -3.602141e-15
1 	 600 	 1 	 1 	 -1.204902e-14 	 -3.617683e-15
1 	 601 	 1 	 1 	 -1.183619e-14 	 -3.633225e-15
1 	 602 	 1 	 1 	 -1.162336e-14 	 -3.648766e-15
1 	 603 	 1 	 1 	 -1.141759e-14 	 -3.661117e-15
1 	 604 	 1 	 1 	 -1.122240e-14 	 -3.668681e-15
1 	 605 	 1 	 1 	 -1.102722e-14 	 -3.676245e-15
1 	 606 	 1 	 1 	 -1.083203e-14 	 -3.683809e-15
1 	 607 	 1 	 1 	 -1.063685e-14 	 -3.691374e-15
1 	 608 	 1 	 1 	 -1.044624e-14 	 -3.697046e-15
1 	 609 	 1 	 1 	 -1.026739e-14 	 -3.697852e-15
1 	 610 	 1 	 1 	 -1.008854e-14 	 -3.698657e-15
1 	 611 	 1 	 1 	 -9.909692e-15 	 -3.699463e-15
1 	 612 	 1 	 1 	 -9.730843e-15 	 -3.700269e-15
1 	 613 	 1 	 1 	 -9.554414e-15 	 -3.700166e-15
1 	 614 	 1 	 1 	 -9.390686e-15 	 -3.695293e-15
1 	 615 	 1 	 1 	 -9.226958e-15 	 -3.690420e-15
1 	 616 	 1 	 1 	 -9.063229e-15 	 -3.685547e-15
1 	 617 	 1 	 1 	 -8.899501e-15 	 -3.680673e-15
1 	 618 	 1 	 1 	 -8.736332e-15 	 -3.675611e-15
1 	 619 	 1 	 1 	 -8.586591e-15 	 -3.666012e-15
1 	 620 	 1 	 1 	 -8.436850e-15 	 -3.656413e-15
1 	 621 	 1 	 1 	 -8.287109e-15 	 -3.646814e-15
1 	 622 	 1 	 1 	 -8.137368e-15 	 -3.637215e-15
1 	 623 	 1 	 1 	 -7.987627e-15 	 -3.627615e-15
1 	 624 	 1 	 1 	 -7.849784e-15 	 -3.614440e-15
1 	 625 	 1 	 1 	 -7.712975e-15 	 -3.600953e-15
1 	 626 	 1 	 1 	 -7.576167e-15 	 -3.587467e-15
1 	 627 	 1 	 1 	 -7.439359e-15 	 -3.573981e-15
1 	 628 	 1 	 1 	 -7.302551e-15 	 -3.560495e-15
1 	 629 	 1 	 1 	 -7.175304e-15 	 -3.544488e-15
1 	 630 	 1 	 1 	 -7.050449e-15 	 -3.527850e-15
1 	 631 	 1 	 1 	 -6.925593e-15 	 -3.511212e-15
1 	 632 	 1 	 1 	 -6.800737e-15 	 -3.494575e-15
1 	 633 	 1 	 1 	 -6.675882e-15 	 -3.477937e-15
1 	 634 	 1 	 1 	 -6.558533e-15 	 -3.459593e-15
1 	 635 	 1 	 1 	 -6.444718e-15 	 -3.440447e-15
1 	 636 	 1 	 1 	 -6.330903e-15 	 -3.421300e-15
1 	 637 	 1 	 1 	 -6.217088e-15 	 -3.402153e-15
1 	 638 	 1 	 1 	 -6.103273e-15 	 -3.383007e-15
1 	 639 	 1 	 1 	 -5.995165e-15 	 -3.362768e-15
1 	 640 	 1 	 1 	 -5.891542e-15 	 -3.341670e-15
1 	 641 	 1 	 1 	 -5.787919e-15 	 -3.320572e-15
1 	 1 	 1 	 2 	 4.300934e-16 	 6.928025e-17
1 	 2 	 1 	 2 	 4.386719e-16 	 6.831490e-17
1 	 3 	 1 	 2 	 4.472504e-16 	 6.734956e-17
1 	 4 	 1 	 2 	 4.562587e-16 	 6.614373e-17
1 	 5 	 1 	 2 	 4.658142e-16 	 6.463182e-17
1 	 6 	 1 	 2 	 4.753697e-16 	 6.311991e-17
1 	 7 	 1 	 2 	 4.849252e-16 	 6.160800e-17
1 	 8 	 1 	 2 	 4.944807e-16 	 6.009609e-17
1 	 9 	 1 	 2 	 5.043776e-16 	 5.837224e-17
1 	 10 	 1 	 2 	 5.149999e-16 	 5.619804e-17
1 	 11 	 1 	 2 	 5.256223e-16 	 5.402383e-17
1 	 12 	 1 	 2 	 5.362446e-16 	 5.184963e-17
1 	 13 	 1 	 2 	 5.468670e-16 	 4.967543e-17
1 	 14 	 1 	 2 	 5.577219e-16 	 4.734153e-17
1 	 15 	 1 	 2 	 5.695067e-16 	 4.436883e-17
1 	 16 	 1 	 2 	 5.812914e-16 	 4.139614e-17
1 	 17 	 1 	 2 	 5.930762e-16 	 3.842345e-17
1 	 18 	 1 	 2 	 6.048610e-16 	 3.545075e-17
1 	 19 	 1 	 2 	 6.167468e-16 	 3.240137e-17
1 	 20 	 1 	 2 	 6.297948e-16 	 2.847011e-17
1 	 21 	 1 	 2 	 6.428427e-16 	 2.453884e-17
1 	 22 	 1 	 2 	 6.558908e-16 	 2.060757e-17
1 	 23 	 1 	 2 	 6.689387e-16 	 1.667631e-17
1 	 24 	 1 	 2 	 6.819867e-16 	 1.274504e-17
1 	 25 	 1 	 2 	 6.963485e-16 	 7.713448e-18
1 	 26 	 1 	 2 	 7.107650e-16 	 2.636009e-18
1 	 27 	 1 	 2 	 7.251816e-16 	 -2.441431e-18
1 	 28 	 1 	 2 	 7.395981e-16 	 -7.518872e-18
1 	 29 	 1 	 2 	 7.540147e-16 	 -1.259631e-17
1 	 30 	 1 	 2 	 7.696725e-16 	 -1.882057e-17
1 	 31 	 1 	 2 	 7.855666e-16 	 -2.526328e-17
1 	 32 	 1 	 2 	 8.014608e-16 	 -3.170599e-17
1 	 33 	 1 	 2 	 8.173550e-16 	 -3.814869e-17
1 	 34 	 1 	 2 	 8.332491e-16 	 -4.459140e-17
1 	 35 	 1 	 2 	 8.502873e-16 	 -5.220072e-17
1 	 36 	 1 	 2 	 8.677704e-16 	 -6.026374e-17
1 	 37 	 1 	 2 	 8.852535e-16 	 -6.832675e-17
1 	 38 	 1 	 2 	 9.027366e-16 	 -7.638977e-17
1 	 39 	 1 	 2 	 9.202197e-16 	 -8.445278e-17
1 	 40 	 1 	 2 	 9.387231e-16 	 -9.366561e-17
1 	 41 	 1 	 2 	 9.579067e-16 	 -1.036450e-16
1 	 42 	 1 	 2 	 9.770904e-16 	 -1.136243e-16
1 	 43 	 1 	 2 	 9.962741e-16 	 -1.236037e-16
1 	 44 	 1 	 2 	 1.015458e-15 	 -1.335831e-16
1 	 45 	 1 	 2 	 1.035510e-15 	 -1.446468e-16
1 	 46 	 1 	 2 	 1.056504e-15 	 -1.568853e-16
1 	 47 	 1 	 2 	 1.077498e-15 	 -1.691237e-16
1 	 48 	 1 	 2 	 1.098492e-15 	 -1.813622e-16
1 	 49 	 1 	 2 	 1.119486e-15 	 -1.936006e-16
1 	 50 	 1 	 2 	 1.141169e-15 	 -2.067948e-16
1 	 51 	 1 	 2 	 1.164077e-15 	 -2.216879e-16
1 	 52 	 1 	 2 	 1.186985e-15 	 -2.365811e-16
1 	 53 	 1 	 2 	 1.209893e-15 	 -2.514743e-16
1 	 54 	 1 	 2 	 1.232801e-15 	 -2.663675e-16
1 	 55 	 1 	 2 	 1.256192e-15 	 -2.820071e-16
1 	 56 	 1 	 2 	 1.281109e-15 	 -3.000103e-16
1 	 57 	 1 	 2 	 1.306026e-15 	 -3.180135e-16
1 	 58 	 1 	 2 	 1.330943e-15 	 -3.360168e-16
1 	 59 	 1 	 2 	 1.355860e-15 	 -3.540200e-16
1 	 60 	 1 	 2 	 1.381028e-15 	 -3.724591e-16
1 	 61 	 1 	 2 	 1.408033e-15 	 -3.940946e-16
1 	 62 	 1 	 2 	 1.435039e-15 	 -4.157301e-16
1 	 63 	 1 	 2 	 1.462044e-15 	 -4.373656e-16
1 	 64 	 1 	 2 	 1.489050e-15 	 -4.590011e-16
1 	 65 	 1 	 2 	 1.516055e-15 	 -4.806366e-16
1 	 66 	 1 	 2 	 1.545207e-15 	 -5.065006e-16
1 	 67 	 1 	 2 	 1.574358e-15 	 -5.323647e-16
1 	 68 	 1 	 2 	 1.603510e-15 	 -5.582287e-16
1 	 69 	 1 	 2 	 1.632662e-15 	 -5.840927e-16
1 	 70 	 1 	 2 	 1.661813e-15 	 -6.099568e-16
1 	 71 	 1 	 2 	 1.692878e-15 	 -6.401384e-16
1 	 72 	 1 	 2 	 1.724204e-15 	 -6.709088e-16
1 	 73 	 1 	 2 	 1.755530e-15 	 -7.016791e-16
1 	 74 	 1 	 2 	 1.786856e-15 	 -7.324494e-16
1 	 75 	 1 	 2 	 1.818182e-15 	 -7.632197e-16
1 	 76 	 1 	 2 	 1.851152e-15 	 -7.983011e-16
1 	 77 	 1 	 2 	 1.884641e-15 	 -8.347439e-16
1 	 78 	 1 	 2 	 1.918130e-15 	 -8.711867e-16
1 	 79 	 1 	 2 	 1.951620e-15 	 -9.076295e-16
1 	 80 	 1 	 2 	 1.985109e-15 	 -9.440723e-16
1 	 81 	 1 	 2 	 2.019944e-15 	 -9.846963e-16
1 	 82 	 1 	 2 	 2.055537e-15 	 -1.027672e-15
1 	 83 	 1 	 2 	 2.091130e-15 	 -1.070648e-15
1 	 84 	 1 	 2 	 2.126723e-15 	 -1.113625e-15
1 	 85 	 1 	 2 	 2.162315e-15 	 -1.156601e-15
1 	 86 	 1 	 2 	 2.198940e-15 	 -1.203473e-15
1 	 87 	 1 	 2 	 2.236516e-15 	 -1.253943e-15
1 	 88 	 1 	 2 	 2.274093e-15 	 -1.304413e-15
1 	 89 	 1 	 2 	 2.311670e-15 	 -1.354882e-15
1 	 90 	 1 	 2 	 2.349246e-15 	 -1.405352e-15
1 	 91 	 1 	 2 	 2.387540e-15 	 -1.459244e-15
1 	 92 	 1 	 2 	 2.426912e-15 	 -1.518270e-15
1 	 93 	 1 	 2 	 2.466283e-15 	 -1.577296e-15
1 	 94 	 1 	 2 	 2.505655e-15 	 -1.636322e-15
1 	 95 	 1 	 2 	 2.545026e-15 	 -1.695348e-15
1 	 96 	 1 	 2 	 2.584825e-15 	 -1.757096e-15
1 	 97 	 1 	 2 	 2.625727e-15 	 -1.825845e-15
1 	 98 	 1 	 2 	 2.666628e-15 	 -1.894593e-15
1 	 99 	 1 	 2 	 2.707529e-15 	 -1.963342e-15
1 	 100 	 1 	 2 	 2.748430e-15 	 -2.032090e-15
1 	 101 	 1 	 2 	 2.789522e-15 	 -2.102598e-15
1 	 102 	 1 	 2 	 2.831612e-15 	 -2.182339e-15
1 	 103 	 1 	 2 	 2.873702e-15 	 -2.262080e-15
1 	 104 	 1 	 2 	 2.915792e-15 	 -2.341821e-15
1 	 105 	 1 	 2 	 2.957882e-15 	 -2.421562e-15
1 	 106 	 1 	 2 	 3.000004e-15 	 -2.501797e-15
1 	 107 	 1 	 2 	 3.042874e-15 	 -2.593906e-15
1 	 108 	 1 	 2 	 3.085745e-15 	 -2.686014e-15
1 	 109 	 1 	 2 	 3.128616e-15 	 -2.778123e-15
1 	 110 	 1 	 2 	 3.171487e-15 	 -2.870231e-15
1 	 111 	 1 	 2 	 3.214358e-15 	 -2.962340e-15
1 	 112 	 1 	 2 	 3.257532e-15 	 -3.067195e-15
1 	 113 	 1 	 2 	 3.300732e-15 	 -3.173158e-15
1 	 114 	 1 	 2 	 3.343933e-15 	 -3.279121e-15
1 	 115 	 1 	 2 	 3.387133e-15 	 -3.385084e-15
1 	 116 	 1 	 2 	 3.430334e-15 	 -3.491047e-15
1 	 117 	 1 	 2 	 3.473438e-15 	 -3.609390e-15
1 	 118 	 1 	 2 	 3.516518e-15 	 -3.730826e-15
1 	 119 	 1 	 2 	 3.559599e-15 	 -3.852263e-15
1 	 120 	 1 	 2 	 3.602679e-15 	 -3.973700e-15
1 	 121 	 1 	 2 	 3.645760e-15 	 -4.095137e-15
1 	 122 	 1 	 2 	 3.688503e-15 	 -4.228320e-15
1 	 123 	 1 	 2 	 3.731088e-15 	 -4.367029e-15
1 	 124 	 1 	 2 	 3.773672e-15 	 -4.505739e-15
1 	 125 	 1 	 2 	 3.816257e-15 	 -4.644448e-15
1 	 126 	 1 	 2 	 3.858842e-15 	 -4.783157e-15
1 	 127 	 1 	 2 	 3.901036e-15 	 -4.932701e-15
1 	 128 	 1 	 2 	 3.942926e-15 	 -5.090756e-15
1 	 129 	 1 	 2 	 3.984815e-15 	 -5.248812e-15
1 	 130 	 1 	 2 	 4.026705e-15 	 -5.406868e-15
1 	 131 	 1 	 2 	 4.068594e-15 	 -5.564923e-15
1 	 132 	 1 	 2 	 4.110226e-15 	 -5.732603e-15
1 	 133 	 1 	 2 	 4.151529e-15 	 -5.912531e-15
1 	 134 	 1 	 2 	 4.192832e-15 	 -6.092458e-15
1 	 135 	 1 	 2 	 4.234135e-15 	 -6.272386e-15
1 	 136 	 1 	 2 	 4.275439e-15 	 -6.452314e-15
1 	 137 	 1 	 2 	 4.316735e-15 	 -6.640290e-15
1 	 138 	 1 	 2 	 4.358018e-15 	 -6.845368e-15
1 	 139 	 1 	 2 	 4.399301e-15 	 -7.050447e-15
1 	 140 	 1 	 2 	 4.440584e-15 	 -7.255526e-15
1 	 141 	 1 	 2 	 4.481867e-15 	 -7.460604e-15
1 	 142 	 1 	 2 	 4.523377e-15 	 -7.671616e-15
1 	 143 	 1 	 2 	 4.565797e-15 	 -7.906361e-15
1 	 144 	 1 	 2 	 4.608217e-15 	 -8.141106e-15
1 	 145 	 1 	 2 	 4.650637e-15 	 -8.375851e-15
1 	 146 	 1 	 2 	 4.693057e-15 	 -8.610595e-15
1 	 147 	 1 	 2 	 4.735712e-15 	 -8.848232e-15
1 	 148 	 1 	 2 	 4.781073e-15 	 -9.119136e-15
1 	 149 	 1 	 2 	 4.826434e-15 	 -9.390041e-15
1 	 150 	 1 	 2 	 4.871795e-15 	 -9.660945e-15
1 	 151 	 1 	 2 	 4.917155e-15 	 -9.931849e-15
1 	 152 	 1 	 2 	 4.962516e-15 	 -1.020275e-14
1 	 153 	 1 	 2 	 5.012921e-15 	 -1.051754e-14
1 	 154 	 1 	 2 	 5.063537e-15 	 -1.083416e-14
1 	 155 	 1 	 2 	 5.114152e-15 	 -1.115078e-14
1 	 156 	 1 	 2 	 5.164768e-15 	 -1.146739e-14
1 	 157 	 1 	 2 	 5.215383e-15 	 -1.178401e-14
1 	 158 	 1 	 2 	 5.272345e-15 	 -1.215088e-14
1 	 159 	 1 	 2 	 5.330516e-15 	 -1.252732e-14
1 	 160 	 1 	 2 	 5.388687e-15 	 -1.290377e-14
1 	 161 	 1 	 2 	 5.446858e-15 	 -1.328021e-14
1 	 162 	 1 	 2 	 5.505029e-15 	 -1.365665e-14
1 	 163 	 1 	 2 	 5.569423e-15 	 -1.409103e-14
1 	 164 	 1 	 2 	 5.636236e-15 	 -1.454795e-14
1 	 165 	 1 	 2 	 5.703050e-15 	 -1.500486e-14
1 	 166 	 1 	 2 	 5.769864e-15 	 -1.546177e-14
1 	 167 	 1 	 2 	 5.836677e-15 	 -1.591868e-14
1 	 168 	 1 	 2 	 5.907212e-15 	 -1.644162e-14
1 	 169 	 1 	 2 	 5.980227e-15 	 -1.700857e-14
1 	 170 	 1 	 2 	 6.053242e-15 	 -1.757553e-14
1 	 171 	 1 	 2 	 6.126257e-15 	 -1.814248e-14
1 	 172 	 1 	 2 	 6.199272e-15 	 -1.870944e-14
1 	 173 	 1 	 2 	 6.270462e-15 	 -1.934897e-14
1 	 174 	 1 	 2 	 6.339675e-15 	 -2.006713e-14
1 	 175 	 1 	 2 	 6.408888e-15 	 -2.078529e-14
1 	 176 	 1 	 2 	 6.478100e-15 	 -2.150344e-14
1 	 177 	 1 	 2 	 6.547313e-15 	 -2.222160e-14
1 	 178 	 1 	 2 	 6.606474e-15 	 -2.301405e-14
1 	 179 	 1 	 2 	 6.647767e-15 	 -2.393857e-14
1 	 180 	 1 	 2 	 6.689060e-15 	 -2.486310e-14
1 	 181 	 1 	 2 	 6.730353e-15 	 -2.578762e-14
1 	 182 	 1 	 2 	 6.771646e-15 	 -2.671214e-14
1 	 183 	 1 	 2 	 6.794656e-15 	 -2.770309e-14
1 	 184 	 1 	 2 	 6.759774e-15 	 -2.890438e-14
1 	 185 	 1 	 2 	 6.724891e-15 	 -3.010567e-14
1 	 186 	 1 	 2 	 6.690008e-15 	 -3.130696e-14
1 	 187 	 1 	 2 	 6.655125e-15 	 -3.250825e-14
1 	 188 	 1 	 2 	 6.600670e-15 	 -3.375283e-14
1 	 189 	 1 	 2 	 6.402686e-15 	 -3.531489e-14
1 	 190 	 1 	 2 	 6.204701e-15 	 -3.687695e-14
1 	 191 	 1 	 2 	 6.006717e-15 	 -3.843902e-14
1 	 192 	 1 	 2 	 5.808733e-15 	 -4.000108e-14
1 	 193 	 1 	 2 	 5.610748e-15 	 -4.156314e-14
1 	 194 	 1 	 2 	 5.104166e-15 	 -4.357631e-14
1 	 195 	 1 	 2 	 4.597584e-15 	 -4.558950e-14
1 	 196 	 1 	 2 	 4.091001e-15 	 -4.760268e-14
1 	 197 	 1 	 2 	 3.584419e-15 	 -4.961586e-14
1 	 198 	 1 	 2 	 3.077837e-15 	 -5.162904e-14
1 	 199 	 1 	 2 	 2.097660e-15 	 -5.410928e-14
1 	 200 	 1 	 2 	 1.052902e-15 	 -5.665321e-14
1 	 201 	 1 	 2 	 8.143982e-18 	 -5.919715e-14
1 	 202 	 1 	 2 	 -1.036614e-15 	 -6.174108e-14
1 	 203 	 1 	 2 	 -2.081372e-15 	 -6.428501e-14
1 	 204 	 1 	 2 	 -3.796285e-15 	 -6.725975e-14
1 	 205 	 1 	 2 	 -5.722825e-15 	 -7.037053e-14
1 	 206 	 1 	 2 	 -7.649366e-15 	 -7.348131e-14
1 	 207 	 1 	 2 	 -9.575907e-15 	 -7.659209e-14
1 	 208 	 1 	 2 	 -1.150245e-14 	 -7.970287e-14
1 	 209 	 1 	 2 	 -1.430581e-14 	 -8.313554e-14
1 	 210 	 1 	 2 	 -1.760238e-14 	 -8.674927e-14
1 	 211 	 1 	 2 	 -2.089895e-14 	 -9.036299e-14
1 	 212 	 1 	 2 	 -2.419551e-14 	 -9.397672e-14
1 	 213 	 1 	 2 	 -2.749209e-14 	 -9.759045e-14
1 	 214 	 1 	 2 	 -3.184226e-14 	 -1.013340e-13
1 	 215 	 1 	 2 	 -3.716500e-14 	 -1.051973e-13
1 	 216 	 1 	 2 	 -4.248774e-14 	 -1.090606e-13
1 	 217 	 1 	 2 	 -4.781048e-14 	 -1.129239e-13
1 	 218 	 1 	 2 	 -5.313321e-14 	 -1.167872e-13
1 	 219 	 1 	 2 	 -5.959673e-14 	 -1.205202e-13
1 	 220 	 1 	 2 	 -6.777140e-14 	 -1.240580e-13
1 	 221 	 1 	 2 	 -7.594608e-14 	 -1.275957e-13
1 	 222 	 1 	 2 	 -8.412076e-14 	 -1.311335e-13
1 	 223 	 1 	 2 	 -9.229543e-14 	 -1.346712e-13
1 	 224 	 1 	 2 	 -1.015357e-13 	 -1.378155e-13
1 	 225 	 1 	 2 	 -1.135162e-13 	 -1.399480e-13
1 	 226 	 1 	 2 	 -1.254966e-13 	 -1.420805e-13
1 	 227 	 1 	 2 	 -1.374771e-13 	 -1.442131e-13
1 	 228 	 1 	 2 	 -1.494576e-13 	 -1.463456e-13
1 	 229 	 1 	 2 	 -1.622018e-13 	 -1.479622e-13
1 	 230 	 1 	 2 	 -1.789561e-13 	 -1.468701e-13
1 	 231 	 1 	 2 	 -1.957103e-13 	 -1.457780e-13
1 	 232 	 1 	 2 	 -2.124646e-13 	 -1.446860e-13
1 	 233 	 1 	 2 	 -2.292188e-13 	 -1.435939e-13
1 	 234 	 1 	 2 	 -2.461946e-13 	 -1.422592e-13
1 	 235 	 1 	 2 	 -2.684867e-13 	 -1.351019e-13
1 	 236 	 1 	 2 	 -2.907788e-13 	 -1.279447e-13
1 	 237 	 1 	 2 	 -3.130710e-13 	 -1.207875e-13
1 	 238 	 1 	 2 	 -3.353631e-13 	 -1.136302e-13
1 	 239 	 1 	 2 	 -3.576552e-13 	 -1.064729e-13
1 	 240 	 1 	 2 	 -3.852405e-13 	 -8.989152e-14
1 	 241 	 1 	 2 	 -4.132861e-13 	 -7.249060e-14
1 	 242 	 1 	 2 	 -4.413317e-13 	 -5.508967e-14
1 	 243 	 1 	 2 	 -4.693772e-13 	 -3.768875e-14
1 	 244 	 1 	 2 	 -4.974228e-13 	 -2.028782e-14
1 	 245 	 1 	 2 	 -5.294344e-13 	 1.001130e-14
1 	 246 	 1 	 2 	 -5.624374e-13 	 4.353497e-14
1 	 247 	 1 	 2 	 -5.954404e-13 	 7.705865e-14
1 	 248 	 1 	 2 	 -6.284434e-13 	 1.105823e-13
1 	 249 	 1 	 2 	 -6.614464e-13 	 1.441060e-13
1 	 250 	 1 	 2 	 -6.962383e-13 	 1.941028e-13
1 	 251 	 1 	 2 	 -7.318720e-13 	 2.518518e-13
1 	 252 	 1 	 2 	 -7.675056e-13 	 3.096007e-13
1 	 253 	 1 	 2 	 -8.031393e-13 	 3.673496e-13
1 	 254 	 1 	 2 	 -8.387730e-13 	 4.250985e-13
1 	 255 	 1 	 2 	 -8.734541e-13 	 5.028182e-13
1 	 256 	 1 	 2 	 -9.073869e-13 	 5.962291e-13
1 	 257 	 1 	 2 	 -9.413196e-13 	 6.896400e-13
1 	 258 	 1 	 2 	 -9.752524e-13 	 7.830509e-13
1 	 259 	 1 	 2 	 -1.009185e-12 	 8.764618e-13
1 	 260 	 1 	 2 	 -1.039376e-12 	 9.933462e-13
1 	 261 	 1 	 2 	 -1.064804e-12 	 1.140106e-12
1 	 262 	 1 	 2 	 -1.090232e-12 	 1.286866e-12
1 	 263 	 1 	 2 	 -1.115660e-12 	 1.433626e-12
1 	 264 	 1 	 2 	 -1.141088e-12 	 1.580386e-12
1 	 265 	 1 	 2 	 -1.160391e-12 	 1.754353e-12
1 	 266 	 1 	 2 	 -1.166679e-12 	 1.986137e-12
1 	 267 	 1 	 2 	 -1.172967e-12 	 2.217921e-12
1 	 268 	 1 	 2 	 -1.179254e-12 	 2.449704e-12
1 	 269 	 1 	 2 	 -1.185542e-12 	 2.681488e-12
1 	 270 	 1 	 2 	 -1.183844e-12 	 2.943294e-12
1 	 271 	 1 	 2 	 -1.150204e-12 	 3.325191e-12
1 	 272 	 1 	 2 	 -1.116565e-12 	 3.707088e-12
1 	 273 	 1 	 2 	 -1.082926e-12 	 4.088985e-12
1 	 274 	 1 	 2 	 -1.049286e-12 	 4.470882e-12
1 	 275 	 1 	 2 	 -1.007946e-12 	 4.876347e-12
1 	 276 	 1 	 2 	 -8.780482e-13 	 5.552839e-12
1 	 277 	 1 	 2 	 -7.481502e-13 	 6.229331e-12
1 	 278 	 1 	 2 	 -6.182521e-13 	 6.905824e-12
1 	 279 	 1 	 2 	 -4.883541e-13 	 7.582316e-12
1 	 280 	 1 	 2 	 -3.584560e-13 	 8.258809e-12
1 	 281 	 1 	 2 	 3.779410e-14 	 9.532824e-12
1 	 282 	 1 	 2 	 4.451422e-13 	 1.083174e-11
1 	 283 	 1 	 2 	 8.524904e-13 	 1.213065e-11
1 	 284 	 1 	 2 	 1.259838e-12 	 1.342956e-11
1 	 285 	 1 	 2 	 1.667187e-12 	 1.472848e-11
1 	 286 	 1 	 2 	 2.812181e-12 	 1.717188e-11
1 	 287 	 1 	 2 	 4.097680e-12 	 1.983328e-11
1 	 288 	 1 	 2 	 5.383178e-12 	 2.249468e-11
1 	 289 	 1 	 2 	 6.668677e-12 	 2.515609e-11
1 	 290 	 1 	 2 	 7.954176e-12 	 2.781749e-11
1 	 291 	 1 	 2 	 1.130549e-11 	 3.265174e-11
1 	 292 	 1 	 2 	 1.546018e-11 	 3.833099e-11
1 	 293 	 1 	 2 	 1.961488e-11 	 4.401024e-11
1 	 294 	 1 	 2 	 2.376957e-11 	 4.968949e-11
1 	 295 	 1 	 2 	 2.792426e-11 	 5.536873e-11
1 	 296 	 1 	 2 	 3.786577e-11 	 6.508324e-11
1 	 297 	 1 	 2 	 5.166515e-11 	 7.748794e-11
1 	 298 	 1 	 2 	 6.546454e-11 	 8.989263e-11
1 	 299 	 1 	 2 	 7.926394e-11 	 1.022973e-10
1 	 300 	 1 	 2 	 9.306332e-11 	 1.147020e-10
1 	 301 	 1 	 2 	 1.234379e-10 	 1.344055e-10
1 	 302 	 1 	 2 	 1.717689e-10 	 1.620160e-10
1 	 303 	 1 	 2 	 2.201000e-10 	 1.896266e-10
1 	 304 	 1 	 2 	 2.684311e-10 	 2.172371e-10
1 	 305 	 1 	 2 	 3.167621e-10 	 2.448476e-10
1 	 306 	 1 	 2 	 4.141834e-10 	 2.851445e-10
1 	 307 	 1 	 2 	 5.988764e-10 	 3.479951e-10
1 	 308 	 1 	 2 	 7.835695e-10 	 4.108457e-10
1 	 309 	 1 	 2 	 9.682625e-10 	 4.736963e-10
1 	 310 	 1 	 2 	 1.152956e-09 	 5.365469e-10
1 	 311 	 1 	 2 	 1.452899e-09 	 6.181973e-10
1 	 312 	 1 	 2 	 2.117801e-09 	 7.593802e-10
1 	 313 	 1 	 2 	 2.782704e-09 	 9.005631e-10
1 	 314 	 1 	 2 	 3.447606e-09 	 1.041746e-09
1 	 315 	 1 	 2 	 4.112508e-09 	 1.182929e-09
1 	 316 	 1 	 2 	 4.181824e-09 	 1.329331e-09
1 	 317 	 1 	 2 	 -1.164986e-10 	 1.514011e-09
1 	 318 	 1 	 2 	 -4.414821e-09 	 1.698692e-09
1 	 319 	 1 	 2 	 -8.713143e-09 	 1.883372e-09
1 	 320 	 1 	 2 	 -1.301147e-08 	 2.068052e-09
1 	 321 	 1 	 2 	 -1.730979e-08 	 2.252732e-09
1 	 322 	 1 	 2 	 -1.301147e-08 	 2.068052e-09
1 	 323 	 1 	 2 	 -8.713143e-09 	 1.883372e-09
1 	 324 	 1 	 2 	 -4.414821e-09 	 1.698692e-09
1 	 325 	 1 	 2 	 -1.164986e-10 	 1.514011e-09
1 	 326 	 1 	 2 	 4.181824e-09 	 1.329331e-09
1 	 327 	 1 	 2 	 4.112508e-09 	 1.182929e-09
1 	 328 	 1 	 2 	 3.447606e-09 	 1.041746e-09
1 	 329 	 1 	 2 	 2.782703e-09 	 9.005630e-10
1 	 330 	 1 	 2 	 2.117801e-09 	 7.593801e-10
1 	 331 	 1 	 2 	 1.452899e-09 	 6.181972e-10
1 	 332 	 1 	 2 	 1.152956e-09 	 5.365469e-10
1 	 333 	 1 	 2 	 9.682625e-10 	 4.736963e-10
1 	 334 	 1 	 2 	 7.835695e-10 	 4.108457e-10
1 	 335 	 1 	 2 	 5.988764e-10 	 3.479951e-10
1 	 336 	 1 	 2 	 4.141834e-10 	 2.851445e-10
1 	 337 	 1 	 2 	 3.167621e-10 	 2.448476e-10
1 	 338 	 1 	 2 	 2.684310e-10 	 2.172370e-10
1 	 339 	 1 	 2 	 2.201000e-10 	 1.896265e-10
1 	 340 	 1 	 2 	 1.717689e-10 	 1.620160e-10
1 	 341 	 1 	 2 	 1.234379e-10 	 1.344055e-10
1 	 342 	 1 	 2 	 9.306333e-11 	 1.147020e-10
1 	 343 	 1 	 2 	 7.926394e-11 	 1.022973e-10
1 	 344 	 1 	 2 	 6.546455e-11 	 8.989261e-11
1 	 345 	 1 	 2 	 5.166517e-11 	 7.748791e-11
1 	 346 	 1 	 2 	 3.786578e-11 	 6.508322e-11
1 	 347 	 1 	 2 	 2.792427e-11 	 5.536871e-11
1 	 348 	 1 	 2 	 2.376958e-11 	 4.968947e-11
1 	 349 	 1 	 2 	 1.961489e-11 	 4.401022e-11
1 	 350 	 1 	 2 	 1.546020e-11 	 3.833098e-11
1 	 351 	 1 	 2 	 1.130551e-11 	 3.265174e-11
1 	 352 	 1 	 2 	 7.954195e-12 	 2.781749e-11
1 	 353 	 1 	 2 	 6.668696e-12 	 2.515609e-11
1 	 354 	 1 	 2 	 5.383196e-12 	 2.249469e-11
1 	 355 	 1 	 2 	 4.097697e-12 	 1.983329e-11
1 	 356 	 1 	 2 	 2.812199e-12 	 1.717189e-11
1 	 357 	 1 	 2 	 1.667204e-12 	 1.472848e-11
1 	 358 	 1 	 2 	 1.259854e-12 	 1.342957e-11
1 	 359 	 1 	 2 	 8.525051e-13 	 1.213066e-11
1 	 360 	 1 	 2 	 4.451557e-13 	 1.083175e-11
1 	 361 	 1 	 2 	 3.780634e-14 	 9.532838e-12
1 	 362 	 1 	 2 	 -3.584450e-13 	 8.258823e-12
1 	 363 	 1 	 2 	 -4.883446e-13 	 7.582331e-12
1 	 364 	 1 	 2 	 -6.182442e-13 	 6.905839e-12
1 	 365 	 1 	 2 	 -7.481438e-13 	 6.229347e-12
1 	 366 	 1 	 2 	 -8.780434e-13 	 5.552855e-12
1 	 367 	 1 	 2 	 -1.007943e-12 	 4.876364e-12
1 	 368 	 1 	 2 	 -1.049284e-12 	 4.470898e-12
1 	 369 	 1 	 2 	 -1.082925e-12 	 4.089001e-12
1 	 370 	 1 	 2 	 -1.116566e-12 	 3.707104e-12
1 	 371 	 1 	 2 	 -1.150206e-12 	 3.325206e-12
1 	 372 	 1 	 2 	 -1.183847e-12 	 2.943309e-12
1 	 373 	 1 	 2 	 -1.185546e-12 	 2.681502e-12
1 	 374 	 1 	 2 	 -1.179259e-12 	 2.449717e-12
1 	 375 	 1 	 2 	 -1.172972e-12 	 2.217933e-12
1 	 376 	 1 	 2 	 -1.166685e-12 	 1.986148e-12
1 	 377 	 1 	 2 	 -1.160398e-12 	 1.754364e-12
1 	 378 	 1 	 2 	 -1.141096e-12 	 1.580395e-12
1 	 379 	 1 	 2 	 -1.115668e-12 	 1.433634e-12
1 	 380 	 1 	 2 	 -1.090240e-12 	 1.286873e-12
1 	 381 	 1 	 2 	 -1.064812e-12 	 1.140113e-12
1 	 382 	 1 	 2 	 -1.039384e-12 	 9.933517e-13
1 	 383 	 1 	 2 	 -1.009193e-12 	 8.764664e-13
1 	 384 	 1 	 2 	 -9.752606e-13 	 7.830547e-13
1 	 385 	 1 	 2 	 -9.413276e-13 	 6.896429e-13
1 	 386 	 1 	 2 	 -9.073947e-13 	 5.962313e-13
1 	 387 	 1 	 2 	 -8.734618e-13 	 5.028196e-13
1 	 388 	 1 	 2 	 -8.387804e-13 	 4.250993e-13
1 	 389 	 1 	 2 	 -8.031463e-13 	 3.673498e-13
1 	 390 	 1 	 2 	 -7.675123e-13 	 3.096004e-13
1 	 391 	 1 	 2 	 -7.318782e-13 	 2.518509e-13
1 	 392 	 1 	 2 	 -6.962442e-13 	 1.941015e-13
1 	 393 	 1 	 2 	 -6.614519e-13 	 1.441042e-13
1 	 394 	 1 	 2 	 -6.284485e-13 	 1.105803e-13
1 	 395 	 1 	 2 	 -5.954450e-13 	 7.705639e-14
1 	 396 	 1 	 2 	 -5.624416e-13 	 4.353248e-14
1 	 397 	 1 	 2 	 -5.294381e-13 	 1.000856e-14
1 	 398 	 1 	 2 	 -4.974262e-13 	 -2.029076e-14
1 	 399 	 1 	 2 	 -4.693803e-13 	 -3.769173e-14
1 	 400 	 1 	 2 	 -4.413343e-13 	 -5.509269e-14
1 	 401 	 1 	 2 	 -4.132884e-13 	 -7.249365e-14
1 	 402 	 1 	 2 	 -3.852425e-13 	 -8.989462e-14
1 	 403 	 1 	 2 	 -3.576568e-13 	 -1.064761e-13
1 	 404 	 1 	 2 	 -3.353644e-13 	 -1.136332e-13
1 	 405 	 1 	 2 	 -3.130720e-13 	 -1.207904e-13
1 	 406 	 1 	 2 	 -2.907796e-13 	 -1.279476e-13
1 	 407 	 1 	 2 	 -2.684872e-13 	 -1.351048e-13
1 	 408 	 1 	 2 	 -2.461948e-13 	 -1.422619e-13
1 	 409 	 1 	 2 	 -2.292189e-13 	 -1.435965e-13
1 	 410 	 1 	 2 	 -2.124645e-13 	 -1.446884e-13
1 	 411 	 1 	 2 	 -1.957101e-13 	 -1.457803e-13
1 	 412 	 1 	 2 	 -1.789557e-13 	 -1.468723e-13
1 	 413 	 1 	 2 	 -1.622013e-13 	 -1.479642e-13
1 	 414 	 1 	 2 	 -1.494570e-13 	 -1.463475e-13
1 	 415 	 1 	 2 	 -1.374764e-13 	 -1.442148e-13
1 	 416 	 1 	 2 	 -1.254959e-13 	 -1.420822e-13
1 	 417 	 1 	 2 	 -1.135154e-13 	 -1.399495e-13
1 	 418 	 1 	 2 	 -1.015348e-13 	 -1.378168e-13
1 	 419 	 1 	 2 	 -9.229451e-14 	 -1.346724e-13
1 	 420 	 1 	 2 	 -8.411982e-14 	 -1.311346e-13
1 	 421 	 1 	 2 	 -7.594514e-14 	 -1.275967e-13
1 	 422 	 1 	 2 	 -6.777045e-14 	 -1.240589e-13
1 	 423 	 1 	 2 	 -5.959576e-14 	 -1.205210e-13
1 	 424 	 1 	 2 	 -5.313226e-14 	 -1.167879e-13
1 	 425 	 1 	 2 	 -4.780954e-14 	 -1.129245e-13
1 	 426 	 1 	 2 	 -4.248682e-14 	 -1.090611e-13
1 	 427 	 1 	 2 	 -3.716411e-14 	 -1.051977e-13
1 	 428 	 1 	 2 	 -3.184139e-14 	 -1.013343e-13
1 	 429 	 1 	 2 	 -2.749124e-14 	 -9.759077e-14
1 	 430 	 1 	 2 	 -2.419471e-14 	 -9.397698e-14
1 	 431 	 1 	 2 	 -2.089817e-14 	 -9.036320e-14
1 	 432 	 1 	 2 	 -1.760164e-14 	 -8.674942e-14
1 	 433 	 1 	 2 	 -1.430510e-14 	 -8.313565e-14
1 	 434 	 1 	 2 	 -1.150178e-14 	 -7.970293e-14
1 	 435 	 1 	 2 	 -9.575275e-15 	 -7.659213e-14
1 	 436 	 1 	 2 	 -7.648771e-15 	 -7.348131e-14
1 	 437 	 1 	 2 	 -5.722267e-15 	 -7.037051e-14
1 	 438 	 1 	 2 	 -3.795763e-15 	 -6.725970e-14
1 	 439 	 1 	 2 	 -2.080885e-15 	 -6.428494e-14
1 	 440 	 1 	 2 	 -1.036158e-15 	 -6.174099e-14
1 	 441 	 1 	 2 	 8.569242e-18 	 -5.919705e-14
1 	 442 	 1 	 2 	 1.053296e-15 	 -5.665310e-14
1 	 443 	 1 	 2 	 2.098023e-15 	 -5.410916e-14
1 	 444 	 1 	 2 	 3.078170e-15 	 -5.162890e-14
1 	 445 	 1 	 2 	 3.584729e-15 	 -4.961572e-14
1 	 446 	 1 	 2 	 4.091288e-15 	 -4.760254e-14
1 	 447 	 1 	 2 	 4.597846e-15 	 -4.558936e-14
1 	 448 	 1 	 2 	 5.104406e-15 	 -4.357618e-14
1 	 449 	 1 	 2 	 5.610964e-15 	 -4.156299e-14
1 	 450 	 1 	 2 	 5.808932e-15 	 -4.000093e-14
1 	 451 	 1 	 2 	 6.006899e-15 	 -3.843888e-14
1 	 452 	 1 	 2 	 6.204867e-15 	 -3.687682e-14
1 	 453 	 1 	 2 	 6.402834e-15 	 -3.531477e-14
1 	 454 	 1 	 2 	 6.600801e-15 	 -3.375271e-14
1 	 455 	 1 	 2 	 6.655244e-15 	 -3.250813e-14
1 	 456 	 1 	 2 	 6.690116e-15 	 -3.130685e-14
1 	 457 	 1 	 2 	 6.724987e-15 	 -3.010556e-14
1 	 458 	 1 	 2 	 6.759859e-15 	 -2.890427e-14
1 	 459 	 1 	 2 	 6.794731e-15 	 -2.770299e-14
1 	 460 	 1 	 2 	 6.771712e-15 	 -2.671205e-14
1 	 461 	 1 	 2 	 6.730412e-15 	 -2.578753e-14
1 	 462 	 1 	 2 	 6.689113e-15 	 -2.486301e-14
1 	 463 	 1 	 2 	 6.647813e-15 	 -2.393849e-14
1 	 464 	 1 	 2 	 6.606514e-15 	 -2.301398e-14
1 	 465 	 1 	 2 	 6.547347e-15 	 -2.222153e-14
1 	 466 	 1 	 2 	 6.478131e-15 	 -2.150338e-14
1 	 467 	 1 	 2 	 6.408915e-15 	 -2.078522e-14
1 	 468 	 1 	 2 	 6.339699e-15 	 -2.006707e-14
1 	 469 	 1 	 2 	 6.270483e-15 	 -1.934892e-14
1 	 470 	 1 	 2 	 6.199291e-15 	 -1.870939e-14
1 	 471 	 1 	 2 	 6.126274e-15 	 -1.814244e-14
1 	 472 	 1 	 2 	 6.053258e-15 	 -1.757549e-14
1 	 473 	 1 	 2 	 5.980241e-15 	 -1.700853e-14
1 	 474 	 1 	 2 	 5.907224e-15 	 -1.644158e-14
1 	 475 	 1 	 2 	 5.836688e-15 	 -1.591865e-14
1 	 476 	 1 	 2 	 5.769874e-15 	 -1.546174e-14
1 	 477 	 1 	 2 	 5.703060e-15 	 -1.500483e-14
1 	 478 	 1 	 2 	 5.636246e-15 	 -1.454792e-14
1 	 479 	 1 	 2 	 5.569431e-15 	 -1.409101e-14
1 	 480 	 1 	 2 	 5.505037e-15 	 -1.365663e-14
1 	 481 	 1 	 2 	 5.446866e-15 	 -1.328019e-14
1 	 482 	 1 	 2 	 5.388694e-15 	 -1.290375e-14
1 	 483 	 1 	 2 	 5.330523e-15 	 -1.252731e-14
1 	 484 	 1 	 2 	 5.272351e-15 	 -1.215086e-14
1 	 485 	 1 	 2 	 5.215389e-15 	 -1.178400e-14
1 	 486 	 1 	 2 	 5.164774e-15 	 -1.146738e-14
1 	 487 	 1 	 2 	 5.114158e-15 	 -1.115076e-14
1 	 488 	 1 	 2 	 5.063542e-15 	 -1.083415e-14
1 	 489 	 1 	 2 	 5.012926e-15 	 -1.051753e-14
1 	 490 	 1 	 2 	 4.962521e-15 	 -1.020275e-14
1 	 491 	 1 	 2 	 4.917160e-15 	 -9.931842e-15
1 	 492 	 1 	 2 	 4.871799e-15 	 -9.660939e-15
1 	 493 	 1 	 2 	 4.826438e-15 	 -9.390036e-15
1 	 494 	 1 	 2 	 4.781077e-15 	 -9.119132e-15
1 	 495 	 1 	 2 	 4.735716e-15 	 -8.848229e-15
1 	 496 	 1 	 2 	 4.693061e-15 	 -8.610592e-15
1 	 497 	 1 	 2 	 4.650642e-15 	 -8.375847e-15
1 	 498 	 1 	 2 	 4.608222e-15 	 -8.141103e-15
1 	 499 	 1 	 2 	 4.565802e-15 	 -7.906358e-15
1 	 500 	 1 	 2 	 4.523382e-15 	 -7.671614e-15
1 	 501 	 1 	 2 	 4.481872e-15 	 -7.460602e-15
1 	 502 	 1 	 2 	 4.440588e-15 	 -7.255523e-15
1 	 503 	 1 	 2 	 4.399306e-15 	 -7.050445e-15
1 	 504 	 1 	 2 	 4.358023e-15 	 -6.845366e-15
1 	 505 	 1 	 2 	 4.316740e-15 	 -6.640287e-15
1 	 506 	 1 	 2 	 4.275443e-15 	 -6.452311e-15
1 	 507 	 1 	 2 	 4.234140e-15 	 -6.272383e-15
1 	 508 	 1 	 2 	 4.192836e-15 	 -6.092455e-15
1 	 509 	 1 	 2 	 4.151533e-15 	 -5.912527e-15
1 	 510 	 1 	 2 	 4.110230e-15 	 -5.732599e-15
1 	 511 	 1 	 2 	 4.068598e-15 	 -5.564920e-15
1 	 512 	 1 	 2 	 4.026709e-15 	 -5.406864e-15
1 	 513 	 1 	 2 	 3.984819e-15 	 -5.248809e-15
1 	 514 	 1 	 2 	 3.942930e-15 	 -5.090753e-15
1 	 515 	 1 	 2 	 3.901040e-15 	 -4.932697e-15
1 	 516 	 1 	 2 	 3.858845e-15 	 -4.783154e-15
1 	 517 	 1 	 2 	 3.816260e-15 	 -4.644445e-15
1 	 518 	 1 	 2 	 3.773676e-15 	 -4.505736e-15
1 	 519 	 1 	 2 	 3.731091e-15 	 -4.367027e-15
1 	 520 	 1 	 2 	 3.688507e-15 	 -4.228318e-15
1 	 521 	 1 	 2 	 3.645763e-15 	 -4.095136e-15
1 	 522 	 1 	 2 	 3.602683e-15 	 -3.973699e-15
1 	 523 	 1 	 2 	 3.559602e-15 	 -3.852262e-15
1 	 524 	 1 	 2 	 3.516522e-15 	 -3.730826e-15
1 	 525 	 1 	 2 	 3.473441e-15 	 -3.609389e-15
1 	 526 	 1 	 2 	 3.430337e-15 	 -3.491047e-15
1 	 527 	 1 	 2 	 3.387136e-15 	 -3.385083e-15
1 	 528 	 1 	 2 	 3.343936e-15 	 -3.279120e-15
1 	 529 	 1 	 2 	 3.300735e-15 	 -3.173157e-15
1 	 530 	 1 	 2 	 3.257535e-15 	 -3.067194e-15
1 	 531 	 1 	 2 	 3.214360e-15 	 -2.962339e-15
1 	 532 	 1 	 2 	 3.171489e-15 	 -2.870230e-15
1 	 533 	 1 	 2 	 3.128618e-15 	 -2.778121e-15
1 	 534 	 1 	 2 	 3.085747e-15 	 -2.686013e-15
1 	 535 	 1 	 2 	 3.042876e-15 	 -2.593904e-15
1 	 536 	 1 	 2 	 3.000005e-15 	 -2.501795e-15
1 	 537 	 1 	 2 	 2.957883e-15 	 -2.421559e-15
1 	 538 	 1 	 2 	 2.915793e-15 	 -2.341818e-15
1 	 539 	 1 	 2 	 2.873702e-15 	 -2.262077e-15
1 	 540 	 1 	 2 	 2.831612e-15 	 -2.182336e-15
1 	 541 	 1 	 2 	 2.789522e-15 	 -2.102595e-15
1 	 542 	 1 	 2 	 2.748430e-15 	 -2.032088e-15
1 	 543 	 1 	 2 	 2.707529e-15 	 -1.963340e-15
1 	 544 	 1 	 2 	 2.666628e-15 	 -1.894591e-15
1 	 545 	 1 	 2 	 2.625726e-15 	 -1.825843e-15
1 	 546 	 1 	 2 	 2.584825e-15 	 -1.757094e-15
1 	 547 	 1 	 2 	 2.545025e-15 	 -1.695346e-15
1 	 548 	 1 	 2 	 2.505654e-15 	 -1.636320e-15
1 	 549 	 1 	 2 	 2.466283e-15 	 -1.577294e-15
1 	 550 	 1 	 2 	 2.426912e-15 	 -1.518268e-15
1 	 551 	 1 	 2 	 2.387541e-15 	 -1.459243e-15
1 	 552 	 1 	 2 	 2.349247e-15 	 -1.405350e-15
1 	 553 	 1 	 2 	 2.311670e-15 	 -1.354881e-15
1 	 554 	 1 	 2 	 2.274094e-15 	 -1.304411e-15
1 	 555 	 1 	 2 	 2.236517e-15 	 -1.253942e-15
1 	 556 	 1 	 2 	 2.198941e-15 	 -1.203472e-15
1 	 557 	 1 	 2 	 2.162317e-15 	 -1.156599e-15
1 	 558 	 1 	 2 	 2.126724e-15 	 -1.113623e-15
1 	 559 	 1 	 2 	 2.091131e-15 	 -1.070647e-15
1 	 560 	 1 	 2 	 2.055539e-15 	 -1.027671e-15
1 	 561 	 1 	 2 	 2.019946e-15 	 -9.846948e-16
1 	 562 	 1 	 2 	 1.985110e-15 	 -9.440707e-16
1 	 563 	 1 	 2 	 1.951621e-15 	 -9.076279e-16
1 	 564 	 1 	 2 	 1.918132e-15 	 -8.711851e-16
1 	 565 	 1 	 2 	 1.884642e-15 	 -8.347423e-16
1 	 566 	 1 	 2 	 1.851153e-15 	 -7.982995e-16
1 	 567 	 1 	 2 	 1.818183e-15 	 -7.632182e-16
1 	 568 	 1 	 2 	 1.786857e-15 	 -7.324479e-16
1 	 569 	 1 	 2 	 1.755531e-15 	 -7.016777e-16
1 	 570 	 1 	 2 	 1.724205e-15 	 -6.709075e-16
1 	 571 	 1 	 2 	 1.692879e-15 	 -6.401373e-16
1 	 572 	 1 	 2 	 1.661814e-15 	 -6.099558e-16
1 	 573 	 1 	 2 	 1.632662e-15 	 -5.840919e-16
1 	 574 	 1 	 2 	 1.603510e-15 	 -5.582281e-16
1 	 575 	 1 	 2 	 1.574359e-15 	 -5.323642e-16
1 	 576 	 1 	 2 	 1.545207e-15 	 -5.065003e-16
1 	 577 	 1 	 2 	 1.516055e-15 	 -4.806364e-16
1 	 578 	 1 	 2 	 1.489050e-15 	 -4.590010e-16
1 	 579 	 1 	 2 	 1.462044e-15 	 -4.373657e-16
1 	 580 	 1 	 2 	 1.435039e-15 	 -4.157303e-16
1 	 581 	 1 	 2 	 1.408034e-15 	 -3.940949e-16
1 	 582 	 1 	 2 	 1.381028e-15 	 -3.724596e-16
1 	 583 	 1 	 2 	 1.355861e-15 	 -3.540205e-16
1 	 584 	 1 	 2 	 1.330944e-15 	 -3.360173e-16
1 	 585 	 1 	 2 	 1.306027e-15 	 -3.180141e-16
1 	 586 	 1 	 2 	 1.281110e-15 	 -3.000109e-16
1 	 587 	 1 	 2 	 1.256193e-15 	 -2.820077e-16
1 	 588 	 1 	 2 	 1.232802e-15 	 -2.663681e-16
1 	 589 	 1 	 2 	 1.209894e-15 	 -2.514750e-16
1 	 590 	 1 	 2 	 1.186986e-15 	 -2.365819e-16
1 	 591 	 1 	 2 	 1.164078e-15 	 -2.216887e-16
1 	 592 	 1 	 2 	 1.141170e-15 	 -2.067956e-16
1 	 593 	 1 	 2 	 1.119487e-15 	 -1.936015e-16
1 	 594 	 1 	 2 	 1.098493e-15 	 -1.813631e-16
1 	 595 	 1 	 2 	 1.077499e-15 	 -1.691247e-16
1 	 596 	 1 	 2 	 1.056505e-15 	 -1.568863e-16
1 	 597 	 1 	 2 	 1.035512e-15 	 -1.446479e-16
1 	 598 	 1 	 2 	 1.015459e-15 	 -1.335842e-16
1 	 599 	 1 	 2 	 9.962754e-16 	 -1.236049e-16
1 	 600 	 1 	 2 	 9.770917e-16 	 -1.136256e-16
1 	 601 	 1 	 2 	 9.579080e-16 	 -1.036463e-16
1 	 602 	 1 	 2 	 9.387243e-16 	 -9.366701e-17
1 	 603 	 1 	 2 	 9.202207e-16 	 -8.445425e-17
1 	 604 	 1 	 2 	 9.027376e-16 	 -7.639130e-17
1 	 605 	 1 	 2 	 8.852545e-16 	 -6.832835e-17
1 	 606 	 1 	 2 	 8.677714e-16 	 -6.026540e-17
1 	 607 	 1 	 2 	 8.502883e-16 	 -5.220245e-17
1 	 608 	 1 	 2 	 8.332501e-16 	 -4.459317e-17
1 	 609 	 1 	 2 	 8.173558e-16 	 -3.815047e-17
1 	 610 	 1 	 2 	 8.014616e-16 	 -3.170777e-17
1 	 611 	 1 	 2 	 7.855674e-16 	 -2.526507e-17
1 	 612 	 1 	 2 	 7.696732e-16 	 -1.882238e-17
1 	 613 	 1 	 2 	 7.540154e-16 	 -1.259811e-17
1 	 614 	 1 	 2 	 7.395987e-16 	 -7.520622e-18
1 	 615 	 1 	 2 	 7.251821e-16 	 -2.443134e-18
1 	 616 	 1 	 2 	 7.107655e-16 	 2.634354e-18
1 	 617 	 1 	 2 	 6.963489e-16 	 7.711842e-18
1 	 618 	 1 	 2 	 6.819870e-16 	 1.274348e-17
1 	 619 	 1 	 2 	 6.689389e-16 	 1.667482e-17
1 	 620 	 1 	 2 	 6.558909e-16 	 2.060616e-17
1 	 621 	 1 	 2 	 6.428428e-16 	 2.453750e-17
1 	 622 	 1 	 2 	 6.297947e-16 	 2.846884e-17
1 	 623 	 1 	 2 	 6.167467e-16 	 3.240018e-17
1 	 624 	 1 	 2 	 6.048608e-16 	 3.544964e-17
1 	 625 	 1 	 2 	 5.930760e-16 	 3.842241e-17
1 	 626 	 1 	 2 	 5.812911e-16 	 4.139518e-17
1 	 627 	 1 	 2 	 5.695063e-16 	 4.436796e-17
1 	 628 	 1 	 2 	 5.577214e-16 	 4.734073e-17
1 	 629 	 1 	 2 	 5.468665e-16 	 4.967471e-17
1 	 630 	 1 	 2 	 5.362442e-16 	 5.184898e-17
1 	 631 	 1 	 2 	 5.256218e-16 	 5.402327e-17
1 	 632 	 1 	 2 	 5.149995e-16 	 5.619754e-17
1 	 633 	 1 	 2 	 5.043772e-16 	 5.837182e-17
1 	 634 	 1 	 2 	 4.944804e-16 	 6.009574e-17
1 	 635 	 1 	 2 	 4.849250e-16 	 6.160773e-17
1 	 636 	 1 	 2 	 4.753696e-16 	 6.311972e-17
1 	 637 	 1 	 2 	 4.658143e-16 	 6.463170e-17
1 	 638 	 1 	 2 	 4.562589e-16 	 6.614369e-17
1 	 639 	 1 	 2 	 4.472507e-16 	 6.734961e-17
1 	 640 	 1 	 2 	 4.386723e-16 	 6.831505e-17
1 	 641 	 1 	 2 	 4.300939e-16 	 6.928049e-17
1 	 1 	 1 	 3 	 -2.800838e-17 	 5.647796e-17
1 	 2 	 1 	 3 	 -2.829713e-17 	 5.786259e-17
1 	 3 	 1 	 3 	 -2.858587e-17 	 5.924723e-17
1 	 4 	 1 	 3 	 -2.885366e-17 	 6.072271e-17
1 	 5 	 1 	 3 	 -2.909478e-17 	 6.231381e-17
1 	 6 	 1 	 3 	 -2.933589e-17 	 6.390489e-17
1 	 7 	 1 	 3 	 -2.957700e-17 	 6.549598e-17
1 	 8 	 1 	 3 	 -2.981812e-17 	 6.708707e-17
1 	 9 	 1 	 3 	 -3.003801e-17 	 6.875184e-17
1 	 10 	 1 	 3 	 -3.021281e-17 	 7.057319e-17
1 	 11 	 1 	 3 	 -3.038761e-17 	 7.239455e-17
1 	 12 	 1 	 3 	 -3.056241e-17 	 7.421590e-17
1 	 13 	 1 	 3 	 -3.073721e-17 	 7.603725e-17
1 	 14 	 1 	 3 	 -3.089417e-17 	 7.790987e-17
1 	 15 	 1 	 3 	 -3.097976e-17 	 7.998749e-17
1 	 16 	 1 	 3 	 -3.106536e-17 	 8.206512e-17
1 	 17 	 1 	 3 	 -3.115095e-17 	 8.414276e-17
1 	 18 	 1 	 3 	 -3.123654e-17 	 8.622039e-17
1 	 19 	 1 	 3 	 -3.131274e-17 	 8.832079e-17
1 	 20 	 1 	 3 	 -3.128093e-17 	 9.068314e-17
1 	 21 	 1 	 3 	 -3.124912e-17 	 9.304547e-17
1 	 22 	 1 	 3 	 -3.121730e-17 	 9.540781e-17
1 	 23 	 1 	 3 	 -3.118549e-17 	 9.777014e-17
1 	 24 	 1 	 3 	 -3.115368e-17 	 1.001325e-16
1 	 25 	 1 	 3 	 -3.097604e-17 	 1.027979e-16
1 	 26 	 1 	 3 	 -3.079233e-17 	 1.054760e-16
1 	 27 	 1 	 3 	 -3.060861e-17 	 1.081540e-16
1 	 28 	 1 	 3 	 -3.042490e-17 	 1.108321e-16
1 	 29 	 1 	 3 	 -3.024119e-17 	 1.135101e-16
1 	 30 	 1 	 3 	 -2.989471e-17 	 1.164816e-16
1 	 31 	 1 	 3 	 -2.951724e-17 	 1.195091e-16
1 	 32 	 1 	 3 	 -2.913976e-17 	 1.225365e-16
1 	 33 	 1 	 3 	 -2.876229e-17 	 1.255639e-16
1 	 34 	 1 	 3 	 -2.838481e-17 	 1.285914e-16
1 	 35 	 1 	 3 	 -2.783147e-17 	 1.318965e-16
1 	 36 	 1 	 3 	 -2.720974e-17 	 1.353095e-16
1 	 37 	 1 	 3 	 -2.658801e-17 	 1.387225e-16
1 	 38 	 1 	 3 	 -2.596628e-17 	 1.421356e-16
1 	 39 	 1 	 3 	 -2.534455e-17 	 1.455486e-16
1 	 40 	 1 	 3 	 -2.453994e-17 	 1.492162e-16
1 	 41 	 1 	 3 	 -2.361341e-17 	 1.530535e-16
1 	 42 	 1 	 3 	 -2.268688e-17 	 1.568908e-16
1 	 43 	 1 	 3 	 -2.176035e-17 	 1.607281e-16
1 	 44 	 1 	 3 	 -2.083381e-17 	 1.645654e-16
1 	 45 	 1 	 3 	 -1.972630e-17 	 1.686259e-16
1 	 46 	 1 	 3 	 -1.842271e-17 	 1.729282e-16
1 	 47 	 1 	 3 	 -1.711912e-17 	 1.772305e-16
1 	 48 	 1 	 3 	 -1.581554e-17 	 1.815329e-16
1 	 49 	 1 	 3 	 -1.451195e-17 	 1.858352e-16
1 	 50 	 1 	 3 	 -1.304170e-17 	 1.903202e-16
1 	 51 	 1 	 3 	 -1.127517e-17 	 1.951300e-16
1 	 52 	 1 	 3 	 -9.508635e-18 	 1.999398e-16
1 	 53 	 1 	 3 	 -7.742100e-18 	 2.047496e-16
1 	 54 	 1 	 3 	 -5.975566e-18 	 2.095594e-16
1 	 55 	 1 	 3 	 -4.073489e-18 	 2.145015e-16
1 	 56 	 1 	 3 	 -1.742189e-18 	 2.198623e-16
1 	 57 	 1 	 3 	 5.891097e-19 	 2.252231e-16
1 	 58 	 1 	 3 	 2.920409e-18 	 2.305839e-16
1 	 59 	 1 	 3 	 5.251708e-18 	 2.359447e-16
1 	 60 	 1 	 3 	 7.665225e-18 	 2.413769e-16
1 	 61 	 1 	 3 	 1.068168e-17 	 2.473326e-16
1 	 62 	 1 	 3 	 1.369813e-17 	 2.532882e-16
1 	 63 	 1 	 3 	 1.671458e-17 	 2.592438e-16
1 	 64 	 1 	 3 	 1.973103e-17 	 2.651994e-16
1 	 65 	 1 	 3 	 2.274749e-17 	 2.711551e-16
1 	 66 	 1 	 3 	 2.659112e-17 	 2.777484e-16
1 	 67 	 1 	 3 	 3.043474e-17 	 2.843417e-16
1 	 68 	 1 	 3 	 3.427837e-17 	 2.909349e-16
1 	 69 	 1 	 3 	 3.812200e-17 	 2.975282e-16
1 	 70 	 1 	 3 	 4.196563e-17 	 3.041215e-16
1 	 71 	 1 	 3 	 4.668436e-17 	 3.113114e-16
1 	 72 	 1 	 3 	 5.152242e-17 	 3.185827e-16
1 	 73 	 1 	 3 	 5.636047e-17 	 3.258539e-16
1 	 74 	 1 	 3 	 6.119853e-17 	 3.331252e-16
1 	 75 	 1 	 3 	 6.603659e-17 	 3.403964e-16
1 	 76 	 1 	 3 	 7.177987e-17 	 3.482100e-16
1 	 77 	 1 	 3 	 7.780901e-17 	 3.561947e-16
1 	 78 	 1 	 3 	 8.383815e-17 	 3.641794e-16
1 	 79 	 1 	 3 	 8.986729e-17 	 3.721642e-16
1 	 80 	 1 	 3 	 9.589643e-17 	 3.801489e-16
1 	 81 	 1 	 3 	 1.028355e-16 	 3.886080e-16
1 	 82 	 1 	 3 	 1.102865e-16 	 3.973339e-16
1 	 83 	 1 	 3 	 1.177374e-16 	 4.060598e-16
1 	 84 	 1 	 3 	 1.251883e-16 	 4.147858e-16
1 	 85 	 1 	 3 	 1.326393e-16 	 4.235117e-16
1 	 86 	 1 	 3 	 1.409700e-16 	 4.326312e-16
1 	 87 	 1 	 3 	 1.501128e-16 	 4.421139e-16
1 	 88 	 1 	 3 	 1.592556e-16 	 4.515967e-16
1 	 89 	 1 	 3 	 1.683984e-16 	 4.610795e-16
1 	 90 	 1 	 3 	 1.775412e-16 	 4.705623e-16
1 	 91 	 1 	 3 	 1.874867e-16 	 4.803470e-16
1 	 92 	 1 	 3 	 1.986365e-16 	 4.905846e-16
1 	 93 	 1 	 3 	 2.097863e-16 	 5.008223e-16
1 	 94 	 1 	 3 	 2.209360e-16 	 5.110600e-16
1 	 95 	 1 	 3 	 2.320858e-16 	 5.212977e-16
1 	 96 	 1 	 3 	 2.438999e-16 	 5.317391e-16
1 	 97 	 1 	 3 	 2.574223e-16 	 5.427046e-16
1 	 98 	 1 	 3 	 2.709448e-16 	 5.536701e-16
1 	 99 	 1 	 3 	 2.844672e-16 	 5.646356e-16
1 	 100 	 1 	 3 	 2.979897e-16 	 5.756011e-16
1 	 101 	 1 	 3 	 3.119592e-16 	 5.866731e-16
1 	 102 	 1 	 3 	 3.282758e-16 	 5.983047e-16
1 	 103 	 1 	 3 	 3.445924e-16 	 6.099362e-16
1 	 104 	 1 	 3 	 3.609090e-16 	 6.215677e-16
1 	 105 	 1 	 3 	 3.772255e-16 	 6.331993e-16
1 	 106 	 1 	 3 	 3.936731e-16 	 6.448531e-16
1 	 107 	 1 	 3 	 4.132644e-16 	 6.570424e-16
1 	 108 	 1 	 3 	 4.328558e-16 	 6.692317e-16
1 	 109 	 1 	 3 	 4.524471e-16 	 6.814210e-16
1 	 110 	 1 	 3 	 4.720384e-16 	 6.936103e-16
1 	 111 	 1 	 3 	 4.916297e-16 	 7.057996e-16
1 	 112 	 1 	 3 	 5.147308e-16 	 7.183475e-16
1 	 113 	 1 	 3 	 5.381371e-16 	 7.309265e-16
1 	 114 	 1 	 3 	 5.615433e-16 	 7.435055e-16
1 	 115 	 1 	 3 	 5.849496e-16 	 7.560845e-16
1 	 116 	 1 	 3 	 6.083558e-16 	 7.686635e-16
1 	 117 	 1 	 3 	 6.352903e-16 	 7.813614e-16
1 	 118 	 1 	 3 	 6.631069e-16 	 7.940889e-16
1 	 119 	 1 	 3 	 6.909234e-16 	 8.068165e-16
1 	 120 	 1 	 3 	 7.187400e-16 	 8.195441e-16
1 	 121 	 1 	 3 	 7.465565e-16 	 8.322717e-16
1 	 122 	 1 	 3 	 7.778072e-16 	 8.448798e-16
1 	 123 	 1 	 3 	 8.106738e-16 	 8.574318e-16
1 	 124 	 1 	 3 	 8.435405e-16 	 8.699837e-16
1 	 125 	 1 	 3 	 8.764073e-16 	 8.825357e-16
1 	 126 	 1 	 3 	 9.092740e-16 	 8.950877e-16
1 	 127 	 1 	 3 	 9.453422e-16 	 9.073129e-16
1 	 128 	 1 	 3 	 9.839261e-16 	 9.192814e-16
1 	 129 	 1 	 3 	 1.022510e-15 	 9.312498e-16
1 	 130 	 1 	 3 	 1.061094e-15 	 9.432182e-16
1 	 131 	 1 	 3 	 1.099677e-15 	 9.551867e-16
1 	 132 	 1 	 3 	 1.141072e-15 	 9.666898e-16
1 	 133 	 1 	 3 	 1.186045e-15 	 9.776005e-16
1 	 134 	 1 	 3 	 1.231018e-15 	 9.885114e-16
1 	 135 	 1 	 3 	 1.275991e-15 	 9.994221e-16
1 	 136 	 1 	 3 	 1.320964e-15 	 1.010333e-15
1 	 137 	 1 	 3 	 1.368192e-15 	 1.020748e-15
1 	 138 	 1 	 3 	 1.420211e-15 	 1.030109e-15
1 	 139 	 1 	 3 	 1.472231e-15 	 1.039470e-15
1 	 140 	 1 	 3 	 1.524251e-15 	 1.048832e-15
1 	 141 	 1 	 3 	 1.576271e-15 	 1.058193e-15
1 	 142 	 1 	 3 	 1.629829e-15 	 1.067161e-15
1 	 143 	 1 	 3 	 1.689543e-15 	 1.074557e-15
1 	 144 	 1 	 3 	 1.749256e-15 	 1.081953e-15
1 	 145 	 1 	 3 	 1.808969e-15 	 1.089349e-15
1 	 146 	 1 	 3 	 1.868683e-15 	 1.096745e-15
1 	 147 	 1 	 3 	 1.929067e-15 	 1.103969e-15
1 	 148 	 1 	 3 	 1.997167e-15 	 1.109215e-15
1 	 149 	 1 	 3 	 2.065267e-15 	 1.114461e-15
1 	 150 	 1 	 3 	 2.133367e-15 	 1.119707e-15
1 	 151 	 1 	 3 	 2.201467e-15 	 1.124953e-15
1 	 152 	 1 	 3 	 2.269567e-15 	 1.130199e-15
1 	 153 	 1 	 3 	 2.346593e-15 	 1.133634e-15
1 	 154 	 1 	 3 	 2.423991e-15 	 1.136994e-15
1 	 155 	 1 	 3 	 2.501390e-15 	 1.140353e-15
1 	 156 	 1 	 3 	 2.578788e-15 	 1.143712e-15
1 	 157 	 1 	 3 	 2.656186e-15 	 1.147072e-15
1 	 158 	 1 	 3 	 2.742658e-15 	 1.149664e-15
1 	 159 	 1 	 3 	 2.830859e-15 	 1.152110e-15
1 	 160 	 1 	 3 	 2.919060e-15 	 1.154556e-15
1 	 161 	 1 	 3 	 3.007261e-15 	 1.157002e-15
1 	 162 	 1 	 3 	 3.095461e-15 	 1.159448e-15
1 	 163 	 1 	 3 	 3.193453e-15 	 1.162614e-15
1 	 164 	 1 	 3 	 3.295253e-15 	 1.166061e-15
1 	 165 	 1 	 3 	 3.397053e-15 	 1.169507e-15
1 	 166 	 1 	 3 	 3.498852e-15 	 1.172954e-15
1 	 167 	 1 	 3 	 3.600652e-15 	 1.176400e-15
1 	 168 	 1 	 3 	 3.713767e-15 	 1.182181e-15
1 	 169 	 1 	 3 	 3.834426e-15 	 1.189517e-15
1 	 170 	 1 	 3 	 3.955085e-15 	 1.196853e-15
1 	 171 	 1 	 3 	 4.075744e-15 	 1.204189e-15
1 	 172 	 1 	 3 	 4.196403e-15 	 1.211525e-15
1 	 173 	 1 	 3 	 4.330680e-15 	 1.222352e-15
1 	 174 	 1 	 3 	 4.479712e-15 	 1.236959e-15
1 	 175 	 1 	 3 	 4.628743e-15 	 1.251568e-15
1 	 176 	 1 	 3 	 4.777774e-15 	 1.266175e-15
1 	 177 	 1 	 3 	 4.926805e-15 	 1.280783e-15
1 	 178 	 1 	 3 	 5.091894e-15 	 1.298850e-15
1 	 179 	 1 	 3 	 5.285528e-15 	 1.323064e-15
1 	 180 	 1 	 3 	 5.479163e-15 	 1.347279e-15
1 	 181 	 1 	 3 	 5.672797e-15 	 1.371493e-15
1 	 182 	 1 	 3 	 5.866432e-15 	 1.395708e-15
1 	 183 	 1 	 3 	 6.076993e-15 	 1.421710e-15
1 	 184 	 1 	 3 	 6.341158e-15 	 1.453373e-15
1 	 185 	 1 	 3 	 6.605322e-15 	 1.485037e-15
1 	 186 	 1 	 3 	 6.869487e-15 	 1.516700e-15
1 	 187 	 1 	 3 	 7.133651e-15 	 1.548364e-15
1 	 188 	 1 	 3 	 7.410895e-15 	 1.579339e-15
1 	 189 	 1 	 3 	 7.784050e-15 	 1.605269e-15
1 	 190 	 1 	 3 	 8.157204e-15 	 1.631199e-15
1 	 191 	 1 	 3 	 8.530360e-15 	 1.657129e-15
1 	 192 	 1 	 3 	 8.903515e-15 	 1.683059e-15
1 	 193 	 1 	 3 	 9.276670e-15 	 1.708989e-15
1 	 194 	 1 	 3 	 9.810962e-15 	 1.693885e-15
1 	 195 	 1 	 3 	 1.034525e-14 	 1.678781e-15
1 	 196 	 1 	 3 	 1.087954e-14 	 1.663677e-15
1 	 197 	 1 	 3 	 1.141384e-14 	 1.648573e-15
1 	 198 	 1 	 3 	 1.194813e-14 	 1.633469e-15
1 	 199 	 1 	 3 	 1.267900e-14 	 1.516654e-15
1 	 200 	 1 	 3 	 1.343668e-14 	 1.385968e-15
1 	 201 	 1 	 3 	 1.419435e-14 	 1.255283e-15
1 	 202 	 1 	 3 	 1.495203e-14 	 1.124598e-15
1 	 203 	 1 	 3 	 1.570971e-14 	 9.939122e-16
1 	 204 	 1 	 3 	 1.668178e-14 	 6.707218e-16
1 	 205 	 1 	 3 	 1.772154e-14 	 2.867404e-16
1 	 206 	 1 	 3 	 1.876131e-14 	 -9.724098e-17
1 	 207 	 1 	 3 	 1.980108e-14 	 -4.812224e-16
1 	 208 	 1 	 3 	 2.084085e-14 	 -8.652038e-16
1 	 209 	 1 	 3 	 2.207584e-14 	 -1.558570e-15
1 	 210 	 1 	 3 	 2.342065e-14 	 -2.425965e-15
1 	 211 	 1 	 3 	 2.476546e-14 	 -3.293360e-15
1 	 212 	 1 	 3 	 2.611028e-14 	 -4.160755e-15
1 	 213 	 1 	 3 	 2.745508e-14 	 -5.028150e-15
1 	 214 	 1 	 3 	 2.891911e-14 	 -6.329226e-15
1 	 215 	 1 	 3 	 3.049319e-14 	 -8.030622e-15
1 	 216 	 1 	 3 	 3.206726e-14 	 -9.732017e-15
1 	 217 	 1 	 3 	 3.364133e-14 	 -1.143341e-14
1 	 218 	 1 	 3 	 3.521540e-14 	 -1.313481e-14
1 	 219 	 1 	 3 	 3.676773e-14 	 -1.536255e-14
1 	 220 	 1 	 3 	 3.828743e-14 	 -1.837982e-14
1 	 221 	 1 	 3 	 3.980713e-14 	 -2.139709e-14
1 	 222 	 1 	 3 	 4.132683e-14 	 -2.441436e-14
1 	 223 	 1 	 3 	 4.284653e-14 	 -2.743163e-14
1 	 224 	 1 	 3 	 4.416565e-14 	 -3.097814e-14
1 	 225 	 1 	 3 	 4.496898e-14 	 -3.588555e-14
1 	 226 	 1 	 3 	 4.577231e-14 	 -4.079297e-14
1 	 227 	 1 	 3 	 4.657564e-14 	 -4.570039e-14
1 	 228 	 1 	 3 	 4.737897e-14 	 -5.060780e-14
1 	 229 	 1 	 3 	 4.786311e-14 	 -5.590097e-14
1 	 230 	 1 	 3 	 4.667154e-14 	 -6.321937e-14
1 	 231 	 1 	 3 	 4.547996e-14 	 -7.053775e-14
1 	 232 	 1 	 3 	 4.428838e-14 	 -7.785614e-14
1 	 233 	 1 	 3 	 4.309680e-14 	 -8.517454e-14
1 	 234 	 1 	 3 	 4.173822e-14 	 -9.259437e-14
1 	 235 	 1 	 3 	 3.637138e-14 	 -1.024487e-13
1 	 236 	 1 	 3 	 3.100455e-14 	 -1.123031e-13
1 	 237 	 1 	 3 	 2.563771e-14 	 -1.221574e-13
1 	 238 	 1 	 3 	 2.027088e-14 	 -1.320118e-13
1 	 239 	 1 	 3 	 1.490405e-14 	 -1.418661e-13
1 	 240 	 1 	 3 	 2.625680e-15 	 -1.531964e-13
1 	 241 	 1 	 3 	 -1.025369e-14 	 -1.646550e-13
1 	 242 	 1 	 3 	 -2.313306e-14 	 -1.761137e-13
1 	 243 	 1 	 3 	 -3.601243e-14 	 -1.875723e-13
1 	 244 	 1 	 3 	 -4.889180e-14 	 -1.990309e-13
1 	 245 	 1 	 3 	 -7.141816e-14 	 -2.092907e-13
1 	 246 	 1 	 3 	 -9.635627e-14 	 -2.192508e-13
1 	 247 	 1 	 3 	 -1.212944e-13 	 -2.292108e-13
1 	 248 	 1 	 3 	 -1.462325e-13 	 -2.391709e-13
1 	 249 	 1 	 3 	 -1.711706e-13 	 -2.491309e-13
1 	 250 	 1 	 3 	 -2.079171e-13 	 -2.533510e-13
1 	 251 	 1 	 3 	 -2.502205e-13 	 -2.548699e-13
1 	 252 	 1 	 3 	 -2.925239e-13 	 -2.563888e-13
1 	 253 	 1 	 3 	 -3.348274e-13 	 -2.579077e-13
1 	 254 	 1 	 3 	 -3.771308e-13 	 -2.594265e-13
1 	 255 	 1 	 3 	 -4.318059e-13 	 -2.489333e-13
1 	 256 	 1 	 3 	 -4.962017e-13 	 -2.290019e-13
1 	 257 	 1 	 3 	 -5.605974e-13 	 -2.090705e-13
1 	 258 	 1 	 3 	 -6.249932e-13 	 -1.891391e-13
1 	 259 	 1 	 3 	 -6.893890e-13 	 -1.692078e-13
1 	 260 	 1 	 3 	 -7.642131e-13 	 -1.302397e-13
1 	 261 	 1 	 3 	 -8.523097e-13 	 -6.704317e-14
1 	 262 	 1 	 3 	 -9.404063e-13 	 -3.846638e-15
1 	 263 	 1 	 3 	 -1.028503e-12 	 5.934990e-14
1 	 264 	 1 	 3 	 -1.116600e-12 	 1.225464e-13
1 	 265 	 1 	 3 	 -1.210643e-12 	 2.105828e-13
1 	 266 	 1 	 3 	 -1.317324e-12 	 3.514038e-13
1 	 267 	 1 	 3 	 -1.424004e-12 	 4.922248e-13
1 	 268 	 1 	 3 	 -1.530685e-12 	 6.330458e-13
1 	 269 	 1 	 3 	 -1.637365e-12 	 7.738668e-13
1 	 270 	 1 	 3 	 -1.744601e-12 	 9.412022e-13
1 	 271 	 1 	 3 	 -1.854057e-12 	 1.214595e-12
1 	 272 	 1 	 3 	 -1.963513e-12 	 1.487988e-12
1 	 273 	 1 	 3 	 -2.072969e-12 	 1.761381e-12
1 	 274 	 1 	 3 	 -2.182425e-12 	 2.034774e-12
1 	 275 	 1 	 3 	 -2.289551e-12 	 2.326841e-12
1 	 276 	 1 	 3 	 -2.369880e-12 	 2.833657e-12
1 	 277 	 1 	 3 	 -2.450208e-12 	 3.340472e-12
1 	 278 	 1 	 3 	 -2.530537e-12 	 3.847288e-12
1 	 279 	 1 	 3 	 -2.610866e-12 	 4.354104e-12
1 	 280 	 1 	 3 	 -2.691194e-12 	 4.860919e-12
1 	 281 	 1 	 3 	 -2.674779e-12 	 5.812456e-12
1 	 282 	 1 	 3 	 -2.654334e-12 	 6.782522e-12
1 	 283 	 1 	 3 	 -2.633888e-12 	 7.752588e-12
1 	 284 	 1 	 3 	 -2.613442e-12 	 8.722655e-12
1 	 285 	 1 	 3 	 -2.592997e-12 	 9.692721e-12
1 	 286 	 1 	 3 	 -2.282112e-12 	 1.156528e-11
1 	 287 	 1 	 3 	 -1.915906e-12 	 1.360973e-11
1 	 288 	 1 	 3 	 -1.549699e-12 	 1.565419e-11
1 	 289 	 1 	 3 	 -1.183493e-12 	 1.769865e-11
1 	 290 	 1 	 3 	 -8.172865e-13 	 1.974311e-11
1 	 291 	 1 	 3 	 5.633293e-13 	 2.378574e-11
1 	 292 	 1 	 3 	 2.338438e-12 	 2.860543e-11
1 	 293 	 1 	 3 	 4.113546e-12 	 3.342511e-11
1 	 294 	 1 	 3 	 5.888654e-12 	 3.824480e-11
1 	 295 	 1 	 3 	 7.663763e-12 	 4.306449e-11
1 	 296 	 1 	 3 	 1.312134e-11 	 5.235569e-11
1 	 297 	 1 	 3 	 2.103390e-11 	 6.462789e-11
1 	 298 	 1 	 3 	 2.894646e-11 	 7.690008e-11
1 	 299 	 1 	 3 	 3.685902e-11 	 8.917227e-11
1 	 300 	 1 	 3 	 4.477157e-11 	 1.014445e-10
1 	 301 	 1 	 3 	 6.572878e-11 	 1.233276e-10
1 	 302 	 1 	 3 	 1.008177e-10 	 1.556227e-10
1 	 303 	 1 	 3 	 1.359066e-10 	 1.879178e-10
1 	 304 	 1 	 3 	 1.709955e-10 	 2.202128e-10
1 	 305 	 1 	 3 	 2.060844e-10 	 2.525079e-10
1 	 306 	 1 	 3 	 2.855254e-10 	 3.038894e-10
1 	 307 	 1 	 3 	 4.438147e-10 	 3.892024e-10
1 	 308 	 1 	 3 	 6.021039e-10 	 4.745153e-10
1 	 309 	 1 	 3 	 7.603932e-10 	 5.598282e-10
1 	 310 	 1 	 3 	 9.186825e-10 	 6.451412e-10
1 	 311 	 1 	 3 	 1.188001e-09 	 7.612296e-10
1 	 312 	 1 	 3 	 1.808911e-09 	 9.747739e-10
1 	 313 	 1 	 3 	 2.429820e-09 	 1.188318e-09
1 	 314 	 1 	 3 	 3.050730e-09 	 1.401863e-09
1 	 315 	 1 	 3 	 3.671640e-09 	 1.615407e-09
1 	 316 	 1 	 3 	 3.696884e-09 	 1.838695e-09
1 	 317 	 1 	 3 	 -6.460874e-10 	 2.133436e-09
1 	 318 	 1 	 3 	 -4.989059e-09 	 2.428176e-09
1 	 319 	 1 	 3 	 -9.332030e-09 	 2.722917e-09
1 	 320 	 1 	 3 	 -1.367500e-08 	 3.017658e-09
1 	 321 	 1 	 3 	 -1.801797e-08 	 3.312399e-09
1 	 322 	 1 	 3 	 -1.367500e-08 	 3.017658e-09
1 	 323 	 1 	 3 	 -9.332030e-09 	 2.722917e-09
1 	 324 	 1 	 3 	 -4.989059e-09 	 2.428176e-09
1 	 325 	 1 	 3 	 -6.460873e-10 	 2.133436e-09
1 	 326 	 1 	 3 	 3.696884e-09 	 1.838695e-09
1 	 327 	 1 	 3 	 3.671640e-09 	 1.615407e-09
1 	 328 	 1 	 3 	 3.050730e-09 	 1.401863e-09
1 	 329 	 1 	 3 	 2.429820e-09 	 1.188318e-09
1 	 330 	 1 	 3 	 1.808911e-09 	 9.747739e-10
1 	 331 	 1 	 3 	 1.188001e-09 	 7.612296e-10
1 	 332 	 1 	 3 	 9.186825e-10 	 6.451412e-10
1 	 333 	 1 	 3 	 7.603932e-10 	 5.598282e-10
1 	 334 	 1 	 3 	 6.021039e-10 	 4.745153e-10
1 	 335 	 1 	 3 	 4.438147e-10 	 3.892023e-10
1 	 336 	 1 	 3 	 2.855254e-10 	 3.038894e-10
1 	 337 	 1 	 3 	 2.060844e-10 	 2.525079e-10
1 	 338 	 1 	 3 	 1.709955e-10 	 2.202128e-10
1 	 339 	 1 	 3 	 1.359066e-10 	 1.879178e-10
1 	 340 	 1 	 3 	 1.008177e-10 	 1.556227e-10
1 	 341 	 1 	 3 	 6.572878e-11 	 1.233277e-10
1 	 342 	 1 	 3 	 4.477158e-11 	 1.014445e-10
1 	 343 	 1 	 3 	 3.685902e-11 	 8.917228e-11
1 	 344 	 1 	 3 	 2.894646e-11 	 7.690008e-11
1 	 345 	 1 	 3 	 2.103390e-11 	 6.462789e-11
1 	 346 	 1 	 3 	 1.312134e-11 	 5.235569e-11
1 	 347 	 1 	 3 	 7.663765e-12 	 4.306450e-11
1 	 348 	 1 	 3 	 5.888655e-12 	 3.824481e-11
1 	 349 	 1 	 3 	 4.113546e-12 	 3.342512e-11
1 	 350 	 1 	 3 	 2.338437e-12 	 2.860543e-11
1 	 351 	 1 	 3 	 5.633274e-13 	 2.378574e-11
1 	 352 	 1 	 3 	 -8.172893e-13 	 1.974312e-11
1 	 353 	 1 	 3 	 -1.183496e-12 	 1.769866e-11
1 	 354 	 1 	 3 	 -1.549703e-12 	 1.565420e-11
1 	 355 	 1 	 3 	 -1.915910e-12 	 1.360974e-11
1 	 356 	 1 	 3 	 -2.282117e-12 	 1.156528e-11
1 	 357 	 1 	 3 	 -2.593003e-12 	 9.692723e-12
1 	 358 	 1 	 3 	 -2.613448e-12 	 8.722657e-12
1 	 359 	 1 	 3 	 -2.633894e-12 	 7.752590e-12
1 	 360 	 1 	 3 	 -2.654340e-12 	 6.782523e-12
1 	 361 	 1 	 3 	 -2.674786e-12 	 5.812456e-12
1 	 362 	 1 	 3 	 -2.691200e-12 	 4.860919e-12
1 	 363 	 1 	 3 	 -2.610871e-12 	 4.354103e-12
1 	 364 	 1 	 3 	 -2.530543e-12 	 3.847287e-12
1 	 365 	 1 	 3 	 -2.450214e-12 	 3.340471e-12
1 	 366 	 1 	 3 	 -2.369885e-12 	 2.833655e-12
1 	 367 	 1 	 3 	 -2.289556e-12 	 2.326838e-12
1 	 368 	 1 	 3 	 -2.182430e-12 	 2.034771e-12
1 	 369 	 1 	 3 	 -2.072973e-12 	 1.761378e-12
1 	 370 	 1 	 3 	 -1.963516e-12 	 1.487985e-12
1 	 371 	 1 	 3 	 -1.854060e-12 	 1.214592e-12
1 	 372 	 1 	 3 	 -1.744603e-12 	 9.411986e-13
1 	 373 	 1 	 3 	 -1.637367e-12 	 7.738632e-13
1 	 374 	 1 	 3 	 -1.530686e-12 	 6.330423e-13
1 	 375 	 1 	 3 	 -1.424005e-12 	 4.922213e-13
1 	 376 	 1 	 3 	 -1.317324e-12 	 3.514004e-13
1 	 377 	 1 	 3 	 -1.210643e-12 	 2.105795e-13
1 	 378 	 1 	 3 	 -1.116600e-12 	 1.225433e-13
1 	 379 	 1 	 3 	 -1.028503e-12 	 5.934697e-14
1 	 380 	 1 	 3 	 -9.404058e-13 	 -3.849357e-15
1 	 381 	 1 	 3 	 -8.523090e-13 	 -6.704569e-14
1 	 382 	 1 	 3 	 -7.642121e-13 	 -1.302420e-13
1 	 383 	 1 	 3 	 -6.893878e-13 	 -1.692098e-13
1 	 384 	 1 	 3 	 -6.249920e-13 	 -1.891410e-13
1 	 385 	 1 	 3 	 -5.605961e-13 	 -2.090721e-13
1 	 386 	 1 	 3 	 -4.962002e-13 	 -2.290033e-13
1 	 387 	 1 	 3 	 -4.318044e-13 	 -2.489344e-13
1 	 388 	 1 	 3 	 -3.771293e-13 	 -2.594275e-13
1 	 389 	 1 	 3 	 -3.348259e-13 	 -2.579084e-13
1 	 390 	 1 	 3 	 -2.925225e-13 	 -2.563894e-13
1 	 391 	 1 	 3 	 -2.502191e-13 	 -2.548703e-13
1 	 392 	 1 	 3 	 -2.079158e-13 	 -2.533513e-13
1 	 393 	 1 	 3 	 -1.711693e-13 	 -2.491311e-13
1 	 394 	 1 	 3 	 -1.462313e-13 	 -2.391709e-13
1 	 395 	 1 	 3 	 -1.212932e-13 	 -2.292107e-13
1 	 396 	 1 	 3 	 -9.635518e-14 	 -2.192506e-13
1 	 397 	 1 	 3 	 -7.141714e-14 	 -2.092904e-13
1 	 398 	 1 	 3 	 -4.889086e-14 	 -1.990306e-13
1 	 399 	 1 	 3 	 -3.601157e-14 	 -1.875719e-13
1 	 400 	 1 	 3 	 -2.313229e-14 	 -1.761132e-13
1 	 401 	 1 	 3 	 -1.025300e-14 	 -1.646546e-13
1 	 402 	 1 	 3 	 2.626288e-15 	 -1.531959e-13
1 	 403 	 1 	 3 	 1.490457e-14 	 -1.418656e-13
1 	 404 	 1 	 3 	 2.027134e-14 	 -1.320113e-13
1 	 405 	 1 	 3 	 2.563812e-14 	 -1.221569e-13
1 	 406 	 1 	 3 	 3.100489e-14 	 -1.123026e-13
1 	 407 	 1 	 3 	 3.637166e-14 	 -1.024482e-13
1 	 408 	 1 	 3 	 4.173843e-14 	 -9.259388e-14
1 	 409 	 1 	 3 	 4.309698e-14 	 -8.517408e-14
1 	 410 	 1 	 3 	 4.428852e-14 	 -7.785570e-14
1 	 411 	 1 	 3 	 4.548006e-14 	 -7.053733e-14
1 	 412 	 1 	 3 	 4.667160e-14 	 -6.321897e-14
1 	 413 	 1 	 3 	 4.786314e-14 	 -5.590060e-14
1 	 414 	 1 	 3 	 4.737897e-14 	 -5.060745e-14
1 	 415 	 1 	 3 	 4.657562e-14 	 -4.570006e-14
1 	 416 	 1 	 3 	 4.577228e-14 	 -4.079267e-14
1 	 417 	 1 	 3 	 4.496893e-14 	 -3.588528e-14
1 	 418 	 1 	 3 	 4.416559e-14 	 -3.097789e-14
1 	 419 	 1 	 3 	 4.284646e-14 	 -2.743140e-14
1 	 420 	 1 	 3 	 4.132675e-14 	 -2.441415e-14
1 	 421 	 1 	 3 	 3.980705e-14 	 -2.139690e-14
1 	 422 	 1 	 3 	 3.828734e-14 	 -1.837965e-14
1 	 423 	 1 	 3 	 3.676764e-14 	 -1.536240e-14
1 	 424 	 1 	 3 	 3.521531e-14 	 -1.313467e-14
1 	 425 	 1 	 3 	 3.364124e-14 	 -1.143329e-14
1 	 426 	 1 	 3 	 3.206717e-14 	 -9.731911e-15
1 	 427 	 1 	 3 	 3.049309e-14 	 -8.030529e-15
1 	 428 	 1 	 3 	 2.891903e-14 	 -6.329146e-15
1 	 429 	 1 	 3 	 2.745500e-14 	 -5.028082e-15
1 	 430 	 1 	 3 	 2.611020e-14 	 -4.160694e-15
1 	 431 	 1 	 3 	 2.476539e-14 	 -3.293307e-15
1 	 432 	 1 	 3 	 2.342058e-14 	 -2.425920e-15
1 	 433 	 1 	 3 	 2.207578e-14 	 -1.558533e-15
1 	 434 	 1 	 3 	 2.084079e-14 	 -8.651733e-16
1 	 435 	 1 	 3 	 1.980102e-14 	 -4.811958e-16
1 	 436 	 1 	 3 	 1.876126e-14 	 -9.721823e-17
1 	 437 	 1 	 3 	 1.772149e-14 	 2.867593e-16
1 	 438 	 1 	 3 	 1.668173e-14 	 6.707368e-16
1 	 439 	 1 	 3 	 1.570967e-14 	 9.939238e-16
1 	 440 	 1 	 3 	 1.495199e-14 	 1.124607e-15
1 	 441 	 1 	 3 	 1.419432e-14 	 1.255291e-15
1 	 442 	 1 	 3 	 1.343664e-14 	 1.385975e-15
1 	 443 	 1 	 3 	 1.267897e-14 	 1.516658e-15
1 	 444 	 1 	 3 	 1.194810e-14 	 1.633472e-15
1 	 445 	 1 	 3 	 1.141381e-14 	 1.648576e-15
1 	 446 	 1 	 3 	 1.087952e-14 	 1.663679e-15
1 	 447 	 1 	 3 	 1.034523e-14 	 1.678783e-15
1 	 448 	 1 	 3 	 9.810945e-15 	 1.693886e-15
1 	 449 	 1 	 3 	 9.276655e-15 	 1.708989e-15
1 	 450 	 1 	 3 	 8.903501e-15 	 1.683059e-15
1 	 451 	 1 	 3 	 8.530348e-15 	 1.657130e-15
1 	 452 	 1 	 3 	 8.157193e-15 	 1.631200e-15
1 	 453 	 1 	 3 	 7.784040e-15 	 1.605270e-15
1 	 454 	 1 	 3 	 7.410886e-15 	 1.579340e-15
1 	 455 	 1 	 3 	 7.133644e-15 	 1.548364e-15
1 	 456 	 1 	 3 	 6.869480e-15 	 1.516701e-15
1 	 457 	 1 	 3 	 6.605316e-15 	 1.485038e-15
1 	 458 	 1 	 3 	 6.341152e-15 	 1.453374e-15
1 	 459 	 1 	 3 	 6.076988e-15 	 1.421711e-15
1 	 460 	 1 	 3 	 5.866427e-15 	 1.395709e-15
1 	 461 	 1 	 3 	 5.672793e-15 	 1.371495e-15
1 	 462 	 1 	 3 	 5.479158e-15 	 1.347280e-15
1 	 463 	 1 	 3 	 5.285524e-15 	 1.323066e-15
1 	 464 	 1 	 3 	 5.091890e-15 	 1.298852e-15
1 	 465 	 1 	 3 	 4.926802e-15 	 1.280785e-15
1 	 466 	 1 	 3 	 4.777771e-15 	 1.266178e-15
1 	 467 	 1 	 3 	 4.628740e-15 	 1.251570e-15
1 	 468 	 1 	 3 	 4.479709e-15 	 1.236962e-15
1 	 469 	 1 	 3 	 4.330678e-15 	 1.222354e-15
1 	 470 	 1 	 3 	 4.196400e-15 	 1.211527e-15
1 	 471 	 1 	 3 	 4.075742e-15 	 1.204191e-15
1 	 472 	 1 	 3 	 3.955083e-15 	 1.196855e-15
1 	 473 	 1 	 3 	 3.834424e-15 	 1.189519e-15
1 	 474 	 1 	 3 	 3.713765e-15 	 1.182183e-15
1 	 475 	 1 	 3 	 3.600650e-15 	 1.176402e-15
1 	 476 	 1 	 3 	 3.498850e-15 	 1.172956e-15
1 	 477 	 1 	 3 	 3.397051e-15 	 1.169509e-15
1 	 478 	 1 	 3 	 3.295251e-15 	 1.166063e-15
1 	 479 	 1 	 3 	 3.193452e-15 	 1.162616e-15
1 	 480 	 1 	 3 	 3.095460e-15 	 1.159450e-15
1 	 481 	 1 	 3 	 3.007259e-15 	 1.157004e-15
1 	 482 	 1 	 3 	 2.919058e-15 	 1.154558e-15
1 	 483 	 1 	 3 	 2.830858e-15 	 1.152112e-15
1 	 484 	 1 	 3 	 2.742657e-15 	 1.149666e-15
1 	 485 	 1 	 3 	 2.656185e-15 	 1.147074e-15
1 	 486 	 1 	 3 	 2.578787e-15 	 1.143714e-15
1 	 487 	 1 	 3 	 2.501388e-15 	 1.140355e-15
1 	 488 	 1 	 3 	 2.423990e-15 	 1.136995e-15
1 	 489 	 1 	 3 	 2.346592e-15 	 1.133636e-15
1 	 490 	 1 	 3 	 2.269566e-15 	 1.130201e-15
1 	 491 	 1 	 3 	 2.201466e-15 	 1.124955e-15
1 	 492 	 1 	 3 	 2.133366e-15 	 1.119709e-15
1 	 493 	 1 	 3 	 2.065266e-15 	 1.114463e-15
1 	 494 	 1 	 3 	 1.997166e-15 	 1.109216e-15
1 	 495 	 1 	 3 	 1.929066e-15 	 1.103970e-15
1 	 496 	 1 	 3 	 1.868682e-15 	 1.096746e-15
1 	 497 	 1 	 3 	 1.808968e-15 	 1.089350e-15
1 	 498 	 1 	 3 	 1.749255e-15 	 1.081954e-15
1 	 499 	 1 	 3 	 1.689542e-15 	 1.074558e-15
1 	 500 	 1 	 3 	 1.629829e-15 	 1.067162e-15
1 	 501 	 1 	 3 	 1.576270e-15 	 1.058193e-15
1 	 502 	 1 	 3 	 1.524250e-15 	 1.048832e-15
1 	 503 	 1 	 3 	 1.472230e-15 	 1.039471e-15
1 	 504 	 1 	 3 	 1.420211e-15 	 1.030110e-15
1 	 505 	 1 	 3 	 1.368191e-15 	 1.020749e-15
1 	 506 	 1 	 3 	 1.320963e-15 	 1.010334e-15
1 	 507 	 1 	 3 	 1.275990e-15 	 9.994231e-16
1 	 508 	 1 	 3 	 1.231018e-15 	 9.885123e-16
1 	 509 	 1 	 3 	 1.186045e-15 	 9.776015e-16
1 	 510 	 1 	 3 	 1.141072e-15 	 9.666906e-16
1 	 511 	 1 	 3 	 1.099677e-15 	 9.551875e-16
1 	 512 	 1 	 3 	 1.061093e-15 	 9.432190e-16
1 	 513 	 1 	 3 	 1.022510e-15 	 9.312505e-16
1 	 514 	 1 	 3 	 9.839258e-16 	 9.192820e-16
1 	 515 	 1 	 3 	 9.453420e-16 	 9.073134e-16
1 	 516 	 1 	 3 	 9.092737e-16 	 8.950882e-16
1 	 517 	 1 	 3 	 8.764070e-16 	 8.825362e-16
1 	 518 	 1 	 3 	 8.435403e-16 	 8.699842e-16
1 	 519 	 1 	 3 	 8.106735e-16 	 8.574321e-16
1 	 520 	 1 	 3 	 7.778068e-16 	 8.448801e-16
1 	 521 	 1 	 3 	 7.465561e-16 	 8.322719e-16
1 	 522 	 1 	 3 	 7.187395e-16 	 8.195442e-16
1 	 523 	 1 	 3 	 6.909230e-16 	 8.068166e-16
1 	 524 	 1 	 3 	 6.631064e-16 	 7.940890e-16
1 	 525 	 1 	 3 	 6.352898e-16 	 7.813614e-16
1 	 526 	 1 	 3 	 6.083553e-16 	 7.686635e-16
1 	 527 	 1 	 3 	 5.849490e-16 	 7.560845e-16
1 	 528 	 1 	 3 	 5.615428e-16 	 7.435055e-16
1 	 529 	 1 	 3 	 5.381365e-16 	 7.309264e-16
1 	 530 	 1 	 3 	 5.147303e-16 	 7.183474e-16
1 	 531 	 1 	 3 	 4.916292e-16 	 7.057995e-16
1 	 532 	 1 	 3 	 4.720379e-16 	 6.936102e-16
1 	 533 	 1 	 3 	 4.524465e-16 	 6.814209e-16
1 	 534 	 1 	 3 	 4.328552e-16 	 6.692316e-16
1 	 535 	 1 	 3 	 4.132639e-16 	 6.570423e-16
1 	 536 	 1 	 3 	 3.936726e-16 	 6.448530e-16
1 	 537 	 1 	 3 	 3.772250e-16 	 6.331992e-16
1 	 538 	 1 	 3 	 3.609085e-16 	 6.215677e-16
1 	 539 	 1 	 3 	 3.445920e-16 	 6.099362e-16
1 	 540 	 1 	 3 	 3.282754e-16 	 5.983047e-16
1 	 541 	 1 	 3 	 3.119589e-16 	 5.866732e-16
1 	 542 	 1 	 3 	 2.979894e-16 	 5.756012e-16
1 	 543 	 1 	 3 	 2.844670e-16 	 5.646357e-16
1 	 544 	 1 	 3 	 2.709447e-16 	 5.536702e-16
1 	 545 	 1 	 3 	 2.574223e-16 	 5.427047e-16
1 	 546 	 1 	 3 	 2.438999e-16 	 5.317392e-16
1 	 547 	 1 	 3 	 2.320858e-16 	 5.212977e-16
1 	 548 	 1 	 3 	 2.209361e-16 	 5.110600e-16
1 	 549 	 1 	 3 	 2.097863e-16 	 5.008223e-16
1 	 550 	 1 	 3 	 1.986366e-16 	 4.905846e-16
1 	 551 	 1 	 3 	 1.874869e-16 	 4.803469e-16
1 	 552 	 1 	 3 	 1.775413e-16 	 4.705621e-16
1 	 553 	 1 	 3 	 1.683984e-16 	 4.610793e-16
1 	 554 	 1 	 3 	 1.592556e-16 	 4.515965e-16
1 	 555 	 1 	 3 	 1.501127e-16 	 4.421137e-16
1 	 556 	 1 	 3 	 1.409699e-16 	 4.326308e-16
1 	 557 	 1 	 3 	 1.326392e-16 	 4.235113e-16
1 	 558 	 1 	 3 	 1.251882e-16 	 4.147854e-16
1 	 559 	 1 	 3 	 1.177372e-16 	 4.060595e-16
1 	 560 	 1 	 3 	 1.102862e-16 	 3.973336e-16
1 	 561 	 1 	 3 	 1.028352e-16 	 3.886077e-16
1 	 562 	 1 	 3 	 9.589607e-17 	 3.801486e-16
1 	 563 	 1 	 3 	 8.986690e-17 	 3.721639e-16
1 	 564 	 1 	 3 	 8.383773e-17 	 3.641791e-16
1 	 565 	 1 	 3 	 7.780857e-17 	 3.561944e-16
1 	 566 	 1 	 3 	 7.177940e-17 	 3.482097e-16
1 	 567 	 1 	 3 	 6.603610e-17 	 3.403962e-16
1 	 568 	 1 	 3 	 6.119804e-17 	 3.331250e-16
1 	 569 	 1 	 3 	 5.635997e-17 	 3.258537e-16
1 	 570 	 1 	 3 	 5.152191e-17 	 3.185825e-16
1 	 571 	 1 	 3 	 4.668385e-17 	 3.113112e-16
1 	 572 	 1 	 3 	 4.196512e-17 	 3.041214e-16
1 	 573 	 1 	 3 	 3.812152e-17 	 2.975281e-16
1 	 574 	 1 	 3 	 3.427791e-17 	 2.909349e-16
1 	 575 	 1 	 3 	 3.043431e-17 	 2.843416e-16
1 	 576 	 1 	 3 	 2.659070e-17 	 2.777484e-16
1 	 577 	 1 	 3 	 2.274710e-17 	 2.711551e-16
1 	 578 	 1 	 3 	 1.973069e-17 	 2.651995e-16
1 	 579 	 1 	 3 	 1.671429e-17 	 2.592439e-16
1 	 580 	 1 	 3 	 1.369788e-17 	 2.532883e-16
1 	 581 	 1 	 3 	 1.068148e-17 	 2.473327e-16
1 	 582 	 1 	 3 	 7.665071e-18 	 2.413771e-16
1 	 583 	 1 	 3 	 5.251586e-18 	 2.359449e-16
1 	 584 	 1 	 3 	 2.920318e-18 	 2.305841e-16
1 	 585 	 1 	 3 	 5.890494e-19 	 2.252233e-16
1 	 586 	 1 	 3 	 -1.742219e-18 	 2.198625e-16
1 	 587 	 1 	 3 	 -4.073487e-18 	 2.145017e-16
1 	 588 	 1 	 3 	 -5.975547e-18 	 2.095597e-16
1 	 589 	 1 	 3 	 -7.742066e-18 	 2.047499e-16
1 	 590 	 1 	 3 	 -9.508587e-18 	 1.999401e-16
1 	 591 	 1 	 3 	 -1.127511e-17 	 1.951303e-16
1 	 592 	 1 	 3 	 -1.304163e-17 	 1.903205e-16
1 	 593 	 1 	 3 	 -1.451186e-17 	 1.858356e-16
1 	 594 	 1 	 3 	 -1.581544e-17 	 1.815333e-16
1 	 595 	 1 	 3 	 -1.711902e-17 	 1.772310e-16
1 	 596 	 1 	 3 	 -1.842259e-17 	 1.729286e-16
1 	 597 	 1 	 3 	 -1.972617e-17 	 1.686263e-16
1 	 598 	 1 	 3 	 -2.083369e-17 	 1.645658e-16
1 	 599 	 1 	 3 	 -2.176023e-17 	 1.607286e-16
1 	 600 	 1 	 3 	 -2.268677e-17 	 1.568913e-16
1 	 601 	 1 	 3 	 -2.361330e-17 	 1.530540e-16
1 	 602 	 1 	 3 	 -2.453984e-17 	 1.492167e-16
1 	 603 	 1 	 3 	 -2.534446e-17 	 1.455491e-16
1 	 604 	 1 	 3 	 -2.596621e-17 	 1.421361e-16
1 	 605 	 1 	 3 	 -2.658795e-17 	 1.387230e-16
1 	 606 	 1 	 3 	 -2.720970e-17 	 1.353100e-16
1 	 607 	 1 	 3 	 -2.783144e-17 	 1.318970e-16
1 	 608 	 1 	 3 	 -2.838479e-17 	 1.285919e-16
1 	 609 	 1 	 3 	 -2.876226e-17 	 1.255645e-16
1 	 610 	 1 	 3 	 -2.913974e-17 	 1.225371e-16
1 	 611 	 1 	 3 	 -2.951721e-17 	 1.195096e-16
1 	 612 	 1 	 3 	 -2.989468e-17 	 1.164822e-16
1 	 613 	 1 	 3 	 -3.024115e-17 	 1.135107e-16
1 	 614 	 1 	 3 	 -3.042486e-17 	 1.108326e-16
1 	 615 	 1 	 3 	 -3.060856e-17 	 1.081546e-16
1 	 616 	 1 	 3 	 -3.079227e-17 	 1.054766e-16
1 	 617 	 1 	 3 	 -3.097598e-17 	 1.027985e-16
1 	 618 	 1 	 3 	 -3.115360e-17 	 1.001331e-16
1 	 619 	 1 	 3 	 -3.118539e-17 	 9.777079e-17
1 	 620 	 1 	 3 	 -3.121719e-17 	 9.540847e-17
1 	 621 	 1 	 3 	 -3.124898e-17 	 9.304617e-17
1 	 622 	 1 	 3 	 -3.128077e-17 	 9.068385e-17
1 	 623 	 1 	 3 	 -3.131256e-17 	 8.832153e-17
1 	 624 	 1 	 3 	 -3.123632e-17 	 8.622114e-17
1 	 625 	 1 	 3 	 -3.115068e-17 	 8.414353e-17
1 	 626 	 1 	 3 	 -3.106504e-17 	 8.206591e-17
1 	 627 	 1 	 3 	 -3.097940e-17 	 7.998830e-17
1 	 628 	 1 	 3 	 -3.089376e-17 	 7.791069e-17
1 	 629 	 1 	 3 	 -3.073676e-17 	 7.603806e-17
1 	 630 	 1 	 3 	 -3.056193e-17 	 7.421669e-17
1 	 631 	 1 	 3 	 -3.038711e-17 	 7.239532e-17
1 	 632 	 1 	 3 	 -3.021228e-17 	 7.057395e-17
1 	 633 	 1 	 3 	 -3.003745e-17 	 6.875258e-17
1 	 634 	 1 	 3 	 -2.981757e-17 	 6.708778e-17
1 	 635 	 1 	 3 	 -2.957648e-17 	 6.549665e-17
1 	 636 	 1 	 3 	 -2.933539e-17 	 6.390553e-17
1 	 637 	 1 	 3 	 -2.909431e-17 	 6.231439e-17
1 	 638 	 1 	 3 	 -2.885322e-17 	 6.072327e-17
1 	 639 	 1 	 3 	 -2.858547e-17 	 5.924776e-17
1 	 640 	 1 	 3 	 -2.829675e-17 	 5.786308e-17
1 	 641 	 1 	 3 	 -2.800803e-17 	 5.647842e-17
1 	 1 	 2 	 1 	 -3.352347e-20 	 1.787449e-20
1 	 2 	 2 	 1 	 -3.340810e-20 	 1.807574e-20
1 	 3 	 2 	 1 	 -3.329273e-20 	 1.827699e-20
1 	 4 	 2 	 1 	 -3.317737e-20 	 1.847825e-20
1 	 5 	 2 	 1 	 -3.306200e-20 	 1.867950e-20
1 	 6 	 2 	 1 	 -3.294663e-20 	 1.888075e-20
1 	 7 	 2 	 1 	 -3.279046e-20 	 1.903819e-20
1 	 8 	 2 	 1 	 -3.262873e-20 	 1.918965e-20
1 	 9 	 2 	 1 	 -3.246699e-20 	 1.934111e-20
1 	 10 	 2 	 1 	 -3.230526e-20 	 1.949257e-20
1 	 11 	 2 	 1 	 -3.214353e-20 	 1.964403e-20
1 	 12 	 2 	 1 	 -3.194851e-20 	 1.975310e-20
1 	 13 	 2 	 1 	 -3.174297e-20 	 1.984879e-20
1 	 14 	 2 	 1 	 -3.153744e-20 	 1.994448e-20
1 	 15 	 2 	 1 	 -3.133191e-20 	 2.004017e-20
1 	 16 	 2 	 1 	 -3.112637e-20 	 2.013585e-20
1 	 17 	 2 	 1 	 -3.089480e-20 	 2.019238e-20
1 	 18 	 2 	 1 	 -3.064858e-20 	 2.022687e-20
1 	 19 	 2 	 1 	 -3.040237e-20 	 2.026136e-20
1 	 20 	 2 	 1 	 -3.015615e-20 	 2.029586e-20
1 	 21 	 2 	 1 	 -2.990993e-20 	 2.033035e-20
1 	 22 	 2 	 1 	 -2.964477e-20 	 2.032989e-20
1 	 23 	 2 	 1 	 -2.936210e-20 	 2.029716e-20
1 	 24 	 2 	 1 	 -2.907944e-20 	 2.026443e-20
1 	 25 	 2 	 1 	 -2.879678e-20 	 2.023170e-20
1 	 26 	 2 	 1 	 -2.851412e-20 	 2.019898e-20
1 	 27 	 2 	 1 	 -2.821904e-20 	 2.013700e-20
1 	 28 	 2 	 1 	 -2.790535e-20 	 2.003114e-20
1 	 29 	 2 	 1 	 -2.759165e-20 	 1.992529e-20
1 	 30 	 2 	 1 	 -2.727795e-20 	 1.981944e-20
1 	 31 	 2 	 1 	 -2.696426e-20 	 1.971359e-20
1 	 32 	 2 	 1 	 -2.664355e-20 	 1.958657e-20
1 	 33 	 2 	 1 	 -2.630482e-20 	 1.940515e-20
1 	 34 	 2 	 1 	 -2.596608e-20 	 1.922373e-20
1 	 35 	 2 	 1 	 -2.562734e-20 	 1.904231e-20
1 	 36 	 2 	 1 	 -2.528861e-20 	 1.886089e-20
1 	 37 	 2 	 1 	 -2.494658e-20 	 1.866764e-20
1 	 38 	 2 	 1 	 -2.458728e-20 	 1.841231e-20
1 	 39 	 2 	 1 	 -2.422798e-20 	 1.815698e-20
1 	 40 	 2 	 1 	 -2.386868e-20 	 1.790165e-20
1 	 41 	 2 	 1 	 -2.350938e-20 	 1.764632e-20
1 	 42 	 2 	 1 	 -2.314965e-20 	 1.738801e-20
1 	 43 	 2 	 1 	 -2.277943e-20 	 1.705819e-20
1 	 44 	 2 	 1 	 -2.240920e-20 	 1.672837e-20
1 	 45 	 2 	 1 	 -2.203898e-20 	 1.639856e-20
1 	 46 	 2 	 1 	 -2.166876e-20 	 1.606873e-20
1 	 47 	 2 	 1 	 -2.129854e-20 	 1.573892e-20
1 	 48 	 2 	 1 	 -2.093069e-20 	 1.533263e-20
1 	 49 	 2 	 1 	 -2.056304e-20 	 1.491971e-20
1 	 50 	 2 	 1 	 -2.019540e-20 	 1.450678e-20
1 	 51 	 2 	 1 	 -1.982776e-20 	 1.409385e-20
1 	 52 	 2 	 1 	 -1.946011e-20 	 1.368092e-20
1 	 53 	 2 	 1 	 -1.909589e-20 	 1.320002e-20
1 	 54 	 2 	 1 	 -1.873253e-20 	 1.270214e-20
1 	 55 	 2 	 1 	 -1.836918e-20 	 1.220425e-20
1 	 56 	 2 	 1 	 -1.800582e-20 	 1.170637e-20
1 	 57 	 2 	 1 	 -1.764246e-20 	 1.120848e-20
1 	 58 	 2 	 1 	 -1.728445e-20 	 1.065762e-20
1 	 59 	 2 	 1 	 -1.692896e-20 	 1.008183e-20
1 	 60 	 2 	 1 	 -1.657347e-20 	 9.506040e-21
1 	 61 	 2 	 1 	 -1.621798e-20 	 8.930250e-21
1 	 62 	 2 	 1 	 -1.586249e-20 	 8.354460e-21
1 	 63 	 2 	 1 	 -1.551894e-20 	 7.730381e-21
1 	 64 	 2 	 1 	 -1.518476e-20 	 7.068361e-21
1 	 65 	 2 	 1 	 -1.485059e-20 	 6.406341e-21
1 	 66 	 2 	 1 	 -1.451641e-20 	 5.744321e-21
1 	 67 	 2 	 1 	 -1.418223e-20 	 5.082301e-21
1 	 68 	 2 	 1 	 -1.386099e-20 	 4.378427e-21
1 	 69 	 2 	 1 	 -1.355621e-20 	 3.621285e-21
1 	 70 	 2 	 1 	 -1.325143e-20 	 2.864142e-21
1 	 71 	 2 	 1 	 -1.294665e-20 	 2.107000e-21
1 	 72 	 2 	 1 	 -1.264186e-20 	 1.349857e-21
1 	 73 	 2 	 1 	 -1.234680e-20 	 5.626632e-22
1 	 74 	 2 	 1 	 -1.207238e-20 	 -2.883905e-22
1 	 75 	 2 	 1 	 -1.179795e-20 	 -1.139444e-21
1 	 76 	 2 	 1 	 -1.152353e-20 	 -1.990498e-21
1 	 77 	 2 	 1 	 -1.124911e-20 	 -2.841552e-21
1 	 78 	 2 	 1 	 -1.098106e-20 	 -3.713555e-21
1 	 79 	 2 	 1 	 -1.073847e-20 	 -4.669361e-21
1 	 80 	 2 	 1 	 -1.049588e-20 	 -5.625167e-21
1 	 81 	 2 	 1 	 -1.025329e-20 	 -6.580972e-21
1 	 82 	 2 	 1 	 -1.001071e-20 	 -7.536778e-21
1 	 83 	 2 	 1 	 -9.771502e-21 	 -8.502552e-21
1 	 84 	 2 	 1 	 -9.571197e-21 	 -9.582960e-21
1 	 85 	 2 	 1 	 -9.370892e-21 	 -1.066337e-20
1 	 86 	 2 	 1 	 -9.170587e-21 	 -1.174378e-20
1 	 87 	 2 	 1 	 -8.970283e-21 	 -1.282419e-20
1 	 88 	 2 	 1 	 -8.769978e-21 	 -1.390460e-20
1 	 89 	 2 	 1 	 -8.615100e-21 	 -1.511989e-20
1 	 90 	 2 	 1 	 -8.462115e-21 	 -1.634080e-20
1 	 91 	 2 	 1 	 -8.309129e-21 	 -1.756171e-20
1 	 92 	 2 	 1 	 -8.156145e-21 	 -1.878262e-20
1 	 93 	 2 	 1 	 -8.003159e-21 	 -2.000353e-20
1 	 94 	 2 	 1 	 -7.885527e-21 	 -2.136182e-20
1 	 95 	 2 	 1 	 -7.774628e-21 	 -2.274627e-20
1 	 96 	 2 	 1 	 -7.663730e-21 	 -2.413072e-20
1 	 97 	 2 	 1 	 -7.552831e-21 	 -2.551517e-20
1 	 98 	 2 	 1 	 -7.441932e-21 	 -2.689963e-20
1 	 99 	 2 	 1 	 -7.368121e-21 	 -2.843625e-20
1 	 100 	 2 	 1 	 -7.308732e-21 	 -3.003205e-20
1 	 101 	 2 	 1 	 -7.249343e-21 	 -3.162785e-20
1 	 102 	 2 	 1 	 -7.189954e-21 	 -3.322365e-20
1 	 103 	 2 	 1 	 -7.130565e-21 	 -3.481945e-20
1 	 104 	 2 	 1 	 -7.111651e-21 	 -3.657321e-20
1 	 105 	 2 	 1 	 -7.119718e-21 	 -3.843228e-20
1 	 106 	 2 	 1 	 -7.127786e-21 	 -4.029136e-20
1 	 107 	 2 	 1 	 -7.135854e-21 	 -4.215043e-20
1 	 108 	 2 	 1 	 -7.143922e-21 	 -4.400950e-20
1 	 109 	 2 	 1 	 -7.188813e-21 	 -4.602352e-20
1 	 110 	 2 	 1 	 -7.273596e-21 	 -4.820539e-20
1 	 111 	 2 	 1 	 -7.358379e-21 	 -5.038727e-20
1 	 112 	 2 	 1 	 -7.443163e-21 	 -5.256914e-20
1 	 113 	 2 	 1 	 -7.527945e-21 	 -5.475102e-20
1 	 114 	 2 	 1 	 -7.648898e-21 	 -5.708575e-20
1 	 115 	 2 	 1 	 -7.834152e-21 	 -5.969222e-20
1 	 116 	 2 	 1 	 -8.019405e-21 	 -6.229869e-20
1 	 117 	 2 	 1 	 -8.204659e-21 	 -6.490515e-20
1 	 118 	 2 	 1 	 -8.389913e-21 	 -6.751163e-20
1 	 119 	 2 	 1 	 -8.612523e-21 	 -7.024986e-20
1 	 120 	 2 	 1 	 -8.953430e-21 	 -7.340538e-20
1 	 121 	 2 	 1 	 -9.294336e-21 	 -7.656090e-20
1 	 122 	 2 	 1 	 -9.635242e-21 	 -7.971642e-20
1 	 123 	 2 	 1 	 -9.976149e-21 	 -8.287194e-20
1 	 124 	 2 	 1 	 -1.034466e-20 	 -8.611053e-20
1 	 125 	 2 	 1 	 -1.091565e-20 	 -8.995831e-20
1 	 126 	 2 	 1 	 -1.148663e-20 	 -9.380609e-20
1 	 127 	 2 	 1 	 -1.205761e-20 	 -9.765387e-20
1 	 128 	 2 	 1 	 -1.262859e-20 	 -1.015017e-19
1 	 129 	 2 	 1 	 -1.319957e-20 	 -1.053494e-19
1 	 130 	 2 	 1 	 -1.410357e-20 	 -1.100905e-19
1 	 131 	 2 	 1 	 -1.500757e-20 	 -1.148315e-19
1 	 132 	 2 	 1 	 -1.591157e-20 	 -1.195726e-19
1 	 133 	 2 	 1 	 -1.681557e-20 	 -1.243136e-19
1 	 134 	 2 	 1 	 -1.771957e-20 	 -1.290546e-19
1 	 135 	 2 	 1 	 -1.907722e-20 	 -1.348078e-19
1 	 136 	 2 	 1 	 -2.049673e-20 	 -1.406989e-19
1 	 137 	 2 	 1 	 -2.191624e-20 	 -1.465901e-19
1 	 138 	 2 	 1 	 -2.333575e-20 	 -1.524813e-19
1 	 139 	 2 	 1 	 -2.475526e-20 	 -1.583724e-19
1 	 140 	 2 	 1 	 -2.677346e-20 	 -1.653612e-19
1 	 141 	 2 	 1 	 -2.898072e-20 	 -1.726966e-19
1 	 142 	 2 	 1 	 -3.118797e-20 	 -1.800320e-19
1 	 143 	 2 	 1 	 -3.339523e-20 	 -1.873674e-19
1 	 144 	 2 	 1 	 -3.560249e-20 	 -1.947028e-19
1 	 145 	 2 	 1 	 -3.854767e-20 	 -2.031917e-19
1 	 146 	 2 	 1 	 -4.190795e-20 	 -2.123295e-19
1 	 147 	 2 	 1 	 -4.526822e-20 	 -2.214672e-19
1 	 148 	 2 	 1 	 -4.862849e-20 	 -2.306050e-19
1 	 149 	 2 	 1 	 -5.198876e-20 	 -2.397427e-19
1 	 150 	 2 	 1 	 -5.623027e-20 	 -2.500505e-19
1 	 151 	 2 	 1 	 -6.128524e-20 	 -2.614382e-19
1 	 152 	 2 	 1 	 -6.634020e-20 	 -2.728259e-19
1 	 153 	 2 	 1 	 -7.139517e-20 	 -2.842136e-19
1 	 154 	 2 	 1 	 -7.645013e-20 	 -2.956014e-19
1 	 155 	 2 	 1 	 -8.249990e-20 	 -3.080851e-19
1 	 156 	 2 	 1 	 -9.004186e-20 	 -3.222129e-19
1 	 157 	 2 	 1 	 -9.758383e-20 	 -3.363407e-19
1 	 158 	 2 	 1 	 -1.051258e-19 	 -3.504685e-19
1 	 159 	 2 	 1 	 -1.126678e-19 	 -3.645963e-19
1 	 160 	 2 	 1 	 -1.212017e-19 	 -3.796353e-19
1 	 161 	 2 	 1 	 -1.322863e-19 	 -3.970174e-19
1 	 162 	 2 	 1 	 -1.433710e-19 	 -4.143995e-19
1 	 163 	 2 	 1 	 -1.544556e-19 	 -4.317816e-19
1 	 164 	 2 	 1 	 -1.655403e-19 	 -4.491637e-19
1 	 165 	 2 	 1 	 -1.774227e-19 	 -4.671587e-19
1 	 166 	 2 	 1 	 -1.934931e-19 	 -4.883713e-19
1 	 167 	 2 	 1 	 -2.095636e-19 	 -5.095839e-19
1 	 168 	 2 	 1 	 -2.256341e-19 	 -5.307965e-19
1 	 169 	 2 	 1 	 -2.417046e-19 	 -5.520092e-19
1 	 170 	 2 	 1 	 -2.580551e-19 	 -5.733957e-19
1 	 171 	 2 	 1 	 -2.811250e-19 	 -5.989558e-19
1 	 172 	 2 	 1 	 -3.041949e-19 	 -6.245160e-19
1 	 173 	 2 	 1 	 -3.272648e-19 	 -6.500761e-19
1 	 174 	 2 	 1 	 -3.503346e-19 	 -6.756363e-19
1 	 175 	 2 	 1 	 -3.734045e-19 	 -7.011964e-19
1 	 176 	 2 	 1 	 -4.053236e-19 	 -7.310597e-19
1 	 177 	 2 	 1 	 -4.380121e-19 	 -7.612973e-19
1 	 178 	 2 	 1 	 -4.707006e-19 	 -7.915348e-19
1 	 179 	 2 	 1 	 -5.033891e-19 	 -8.217723e-19
1 	 180 	 2 	 1 	 -5.360777e-19 	 -8.520098e-19
1 	 181 	 2 	 1 	 -5.791945e-19 	 -8.860862e-19
1 	 182 	 2 	 1 	 -6.249185e-19 	 -9.211224e-19
1 	 183 	 2 	 1 	 -6.706425e-19 	 -9.561584e-19
1 	 184 	 2 	 1 	 -7.163665e-19 	 -9.911946e-19
1 	 185 	 2 	 1 	 -7.620904e-19 	 -1.026231e-18
1 	 186 	 2 	 1 	 -8.197453e-19 	 -1.064255e-18
1 	 187 	 2 	 1 	 -8.830147e-19 	 -1.103685e-18
1 	 188 	 2 	 1 	 -9.462840e-19 	 -1.143115e-18
1 	 189 	 2 	 1 	 -1.009553e-18 	 -1.182545e-18
1 	 190 	 2 	 1 	 -1.072823e-18 	 -1.221975e-18
1 	 191 	 2 	 1 	 -1.149075e-18 	 -1.263143e-18
1 	 192 	 2 	 1 	 -1.235528e-18 	 -1.305678e-18
1 	 193 	 2 	 1 	 -1.321981e-18 	 -1.348213e-18
1 	 194 	 2 	 1 	 -1.408435e-18 	 -1.390748e-18
1 	 195 	 2 	 1 	 -1.494888e-18 	 -1.433283e-18
1 	 196 	 2 	 1 	 -1.594625e-18 	 -1.476112e-18
1 	 197 	 2 	 1 	 -1.711269e-18 	 -1.519317e-18
1 	 198 	 2 	 1 	 -1.827914e-18 	 -1.562521e-18
1 	 199 	 2 	 1 	 -1.944558e-18 	 -1.605725e-18
1 	 200 	 2 	 1 	 -2.061202e-18 	 -1.648930e-18
1 	 201 	 2 	 1 	 -2.190273e-18 	 -1.690966e-18
1 	 202 	 2 	 1 	 -2.345751e-18 	 -1.730520e-18
1 	 203 	 2 	 1 	 -2.501229e-18 	 -1.770075e-18
1 	 204 	 2 	 1 	 -2.656707e-18 	 -1.809629e-18
1 	 205 	 2 	 1 	 -2.812185e-18 	 -1.849184e-18
1 	 206 	 2 	 1 	 -2.977455e-18 	 -1.886613e-18
1 	 207 	 2 	 1 	 -3.181893e-18 	 -1.915541e-18
1 	 208 	 2 	 1 	 -3.386330e-18 	 -1.944470e-18
1 	 209 	 2 	 1 	 -3.590767e-18 	 -1.973398e-18
1 	 210 	 2 	 1 	 -3.795205e-18 	 -2.002326e-18
1 	 211 	 2 	 1 	 -4.004488e-18 	 -2.029573e-18
1 	 212 	 2 	 1 	 -4.269502e-18 	 -2.037492e-18
1 	 213 	 2 	 1 	 -4.534516e-18 	 -2.045410e-18
1 	 214 	 2 	 1 	 -4.799530e-18 	 -2.053328e-18
1 	 215 	 2 	 1 	 -5.064544e-18 	 -2.061246e-18
1 	 216 	 2 	 1 	 -5.329557e-18 	 -2.069164e-18
1 	 217 	 2 	 1 	 -5.665044e-18 	 -2.042398e-18
1 	 218 	 2 	 1 	 -6.003467e-18 	 -2.014186e-18
1 	 219 	 2 	 1 	 -6.341890e-18 	 -1.985975e-18
1 	 220 	 2 	 1 	 -6.680312e-18 	 -1.957764e-18
1 	 221 	 2 	 1 	 -7.018735e-18 	 -1.929552e-18
1 	 222 	 2 	 1 	 -7.429791e-18 	 -1.853325e-18
1 	 223 	 2 	 1 	 -7.854682e-18 	 -1.767953e-18
1 	 224 	 2 	 1 	 -8.279573e-18 	 -1.682580e-18
1 	 225 	 2 	 1 	 -8.704464e-18 	 -1.597207e-18
1 	 226 	 2 	 1 	 -9.129354e-18 	 -1.511834e-18
1 	 227 	 2 	 1 	 -9.625280e-18 	 -1.365164e-18
1 	 228 	 2 	 1 	 -1.014883e-17 	 -1.194656e-18
1 	 229 	 2 	 1 	 -1.067238e-17 	 -1.024147e-18
1 	 230 	 2 	 1 	 -1.119593e-17 	 -8.536387e-19
1 	 231 	 2 	 1 	 -1.171948e-17 	 -6.831302e-19
1 	 232 	 2 	 1 	 -1.230785e-17 	 -4.398619e-19
1 	 233 	 2 	 1 	 -1.293943e-17 	 -1.480872e-19
1 	 234 	 2 	 1 	 -1.357101e-17 	 1.436876e-19
1 	 235 	 2 	 1 	 -1.420259e-17 	 4.354624e-19
1 	 236 	 2 	 1 	 -1.483416e-17 	 7.272371e-19
1 	 237 	 2 	 1 	 -1.551927e-17 	 1.098507e-18
1 	 238 	 2 	 1 	 -1.626238e-17 	 1.555897e-18
1 	 239 	 2 	 1 	 -1.700548e-17 	 2.013287e-18
1 	 240 	 2 	 1 	 -1.774859e-17 	 2.470677e-18
1 	 241 	 2 	 1 	 -1.849169e-17 	 2.928067e-18
1 	 242 	 2 	 1 	 -1.927290e-17 	 3.463588e-18
1 	 243 	 2 	 1 	 -2.012186e-17 	 4.138007e-18
1 	 244 	 2 	 1 	 -2.097082e-17 	 4.812427e-18
1 	 245 	 2 	 1 	 -2.181978e-17 	 5.486847e-18
1 	 246 	 2 	 1 	 -2.266874e-17 	 6.161266e-18
1 	 247 	 2 	 1 	 -2.353846e-17 	 6.901102e-18
1 	 248 	 2 	 1 	 -2.447393e-17 	 7.848088e-18
1 	 249 	 2 	 1 	 -2.540940e-17 	 8.795074e-18
1 	 250 	 2 	 1 	 -2.634487e-17 	 9.742060e-18
1 	 251 	 2 	 1 	 -2.728033e-17 	 1.068905e-17
1 	 252 	 2 	 1 	 -2.822168e-17 	 1.167507e-17
1 	 253 	 2 	 1 	 -2.920611e-17 	 1.294733e-17
1 	 254 	 2 	 1 	 -3.019053e-17 	 1.421959e-17
1 	 255 	 2 	 1 	 -3.117496e-17 	 1.549185e-17
1 	 256 	 2 	 1 	 -3.215939e-17 	 1.676411e-17
1 	 257 	 2 	 1 	 -3.314382e-17 	 1.803637e-17
1 	 258 	 2 	 1 	 -3.411822e-17 	 1.967311e-17
1 	 259 	 2 	 1 	 -3.509262e-17 	 2.130984e-17
1 	 260 	 2 	 1 	 -3.606702e-17 	 2.294658e-17
1 	 261 	 2 	 1 	 -3.704143e-17 	 2.458331e-17
1 	 262 	 2 	 1 	 -3.801583e-17 	 2.622005e-17
1 	 263 	 2 	 1 	 -3.890926e-17 	 2.818583e-17
1 	 264 	 2 	 1 	 -3.979165e-17 	 3.019647e-17
1 	 265 	 2 	 1 	 -4.067405e-17 	 3.220711e-17
1 	 266 	 2 	 1 	 -4.155644e-17 	 3.421776e-17
1 	 267 	 2 	 1 	 -4.243883e-17 	 3.622840e-17
1 	 268 	 2 	 1 	 -4.317460e-17 	 3.849124e-17
1 	 269 	 2 	 1 	 -4.386406e-17 	 4.083372e-17
1 	 270 	 2 	 1 	 -4.455353e-17 	 4.317621e-17
1 	 271 	 2 	 1 	 -4.524299e-17 	 4.551869e-17
1 	 272 	 2 	 1 	 -4.593246e-17 	 4.786117e-17
1 	 273 	 2 	 1 	 -4.642845e-17 	 5.034078e-17
1 	 274 	 2 	 1 	 -4.681560e-17 	 5.289752e-17
1 	 275 	 2 	 1 	 -4.720275e-17 	 5.545425e-17
1 	 276 	 2 	 1 	 -4.758990e-17 	 5.801099e-17
1 	 277 	 2 	 1 	 -4.797706e-17 	 6.056773e-17
1 	 278 	 2 	 1 	 -4.815558e-17 	 6.312360e-17
1 	 279 	 2 	 1 	 -4.814151e-17 	 6.567866e-17
1 	 280 	 2 	 1 	 -4.812744e-17 	 6.823372e-17
1 	 281 	 2 	 1 	 -4.811337e-17 	 7.078878e-17
1 	 282 	 2 	 1 	 -4.809931e-17 	 7.334384e-17
1 	 283 	 2 	 1 	 -4.789997e-17 	 7.576851e-17
1 	 284 	 2 	 1 	 -4.742274e-17 	 7.799760e-17
1 	 285 	 2 	 1 	 -4.694552e-17 	 8.022669e-17
1 	 286 	 2 	 1 	 -4.646829e-17 	 8.245578e-17
1 	 287 	 2 	 1 	 -4.599106e-17 	 8.468487e-17
1 	 288 	 2 	 1 	 -4.538459e-17 	 8.670560e-17
1 	 289 	 2 	 1 	 -4.444576e-17 	 8.819058e-17
1 	 290 	 2 	 1 	 -4.350693e-17 	 8.967556e-17
1 	 291 	 2 	 1 	 -4.256811e-17 	 9.116054e-17
1 	 292 	 2 	 1 	 -4.162928e-17 	 9.264553e-17
1 	 293 	 2 	 1 	 -4.062971e-17 	 9.393811e-17
1 	 294 	 2 	 1 	 -3.931123e-17 	 9.422063e-17
1 	 295 	 2 	 1 	 -3.799275e-17 	 9.450315e-17
1 	 296 	 2 	 1 	 -3.667427e-17 	 9.478567e-17
1 	 297 	 2 	 1 	 -3.535580e-17 	 9.506819e-17
1 	 298 	 2 	 1 	 -3.402825e-17 	 9.528663e-17
1 	 299 	 2 	 1 	 -3.248292e-17 	 9.396713e-17
1 	 300 	 2 	 1 	 -3.093758e-17 	 9.264763e-17
1 	 301 	 2 	 1 	 -2.939226e-17 	 9.132814e-17
1 	 302 	 2 	 1 	 -2.784693e-17 	 9.000864e-17
1 	 303 	 2 	 1 	 -2.630160e-17 	 8.868914e-17
1 	 304 	 2 	 1 	 -2.471370e-17 	 8.570282e-17
1 	 305 	 2 	 1 	 -2.312210e-17 	 8.257155e-17
1 	 306 	 2 	 1 	 -2.153049e-17 	 7.944028e-17
1 	 307 	 2 	 1 	 -1.993889e-17 	 7.630902e-17
1 	 308 	 2 	 1 	 -1.834729e-17 	 7.317775e-17
1 	 309 	 2 	 1 	 -1.683020e-17 	 6.868081e-17
1 	 310 	 2 	 1 	 -1.533173e-17 	 6.384245e-17
1 	 311 	 2 	 1 	 -1.383327e-17 	 5.900409e-17
1 	 312 	 2 	 1 	 -1.233481e-17 	 5.416573e-17
1 	 313 	 2 	 1 	 -1.083635e-17 	 4.932737e-17
1 	 314 	 2 	 1 	 -9.427014e-18 	 4.365129e-17
1 	 315 	 2 	 1 	 -8.059626e-18 	 3.758100e-17
1 	 316 	 2 	 1 	 -6.692237e-18 	 3.151070e-17
1 	 317 	 2 	 1 	 -5.324849e-18 	 2.544040e-17
1 	 318 	 2 	 1 	 -3.957461e-18 	 1.937011e-17
1 	 319 	 2 	 1 	 -2.623327e-18 	 1.304749e-17
1 	 320 	 2 	 1 	 -1.315323e-18 	 6.526611e-18
1 	 321 	 2 	 1 	 -7.318261e-21 	 5.735655e-21
1 	 322 	 2 	 1 	 1.300686e-18 	 -6.515140e-18
1 	 323 	 2 	 1 	 2.608691e-18 	 -1.303602e-17
1 	 324 	 2 	 1 	 3.943081e-18 	 -1.935875e-17
1 	 325 	 2 	 1 	 5.311054e-18 	 -2.542931e-17
1 	 326 	 2 	 1 	 6.679027e-18 	 -3.149986e-17
1 	 327 	 2 	 1 	 8.047000e-18 	 -3.757042e-17
1 	 328 	 2 	 1 	 9.414972e-18 	 -4.364098e-17
1 	 329 	 2 	 1 	 1.082506e-17 	 -4.931736e-17
1 	 330 	 2 	 1 	 1.232462e-17 	 -5.415614e-17
1 	 331 	 2 	 1 	 1.382419e-17 	 -5.899492e-17
1 	 332 	 2 	 1 	 1.532376e-17 	 -6.383369e-17
1 	 333 	 2 	 1 	 1.682332e-17 	 -6.867247e-17
1 	 334 	 2 	 1 	 1.834158e-17 	 -7.316983e-17
1 	 335 	 2 	 1 	 1.993458e-17 	 -7.630151e-17
1 	 336 	 2 	 1 	 2.152758e-17 	 -7.943319e-17
1 	 337 	 2 	 1 	 2.312058e-17 	 -8.256487e-17
1 	 338 	 2 	 1 	 2.471359e-17 	 -8.569655e-17
1 	 339 	 2 	 1 	 2.630289e-17 	 -8.868330e-17
1 	 340 	 2 	 1 	 2.784963e-17 	 -9.000335e-17
1 	 341 	 2 	 1 	 2.939638e-17 	 -9.132340e-17
1 	 342 	 2 	 1 	 3.094312e-17 	 -9.264344e-17
1 	 343 	 2 	 1 	 3.248986e-17 	 -9.396349e-17
1 	 344 	 2 	 1 	 3.403661e-17 	 -9.528354e-17
1 	 345 	 2 	 1 	 3.536535e-17 	 -9.506562e-17
1 	 346 	 2 	 1 	 3.668502e-17 	 -9.478363e-17
1 	 347 	 2 	 1 	 3.800468e-17 	 -9.450163e-17
1 	 348 	 2 	 1 	 3.932434e-17 	 -9.421964e-17
1 	 349 	 2 	 1 	 4.064400e-17 	 -9.393764e-17
1 	 350 	 2 	 1 	 4.164430e-17 	 -9.264576e-17
1 	 351 	 2 	 1 	 4.258376e-17 	 -9.116152e-17
1 	 352 	 2 	 1 	 4.352323e-17 	 -8.967728e-17
1 	 353 	 2 	 1 	 4.446270e-17 	 -8.819304e-17
1 	 354 	 2 	 1 	 4.540216e-17 	 -8.670880e-17
1 	 355 	 2 	 1 	 4.600899e-17 	 -8.468881e-17
1 	 356 	 2 	 1 	 4.648647e-17 	 -8.246046e-17
1 	 357 	 2 	 1 	 4.696394e-17 	 -8.023212e-17
1 	 358 	 2 	 1 	 4.744142e-17 	 -7.800377e-17
1 	 359 	 2 	 1 	 4.791890e-17 	 -7.577543e-17
1 	 360 	 2 	 1 	 4.811810e-17 	 -7.335149e-17
1 	 361 	 2 	 1 	 4.813178e-17 	 -7.079717e-17
1 	 362 	 2 	 1 	 4.814546e-17 	 -6.824284e-17
1 	 363 	 2 	 1 	 4.815915e-17 	 -6.568852e-17
1 	 364 	 2 	 1 	 4.817283e-17 	 -6.313420e-17
1 	 365 	 2 	 1 	 4.799383e-17 	 -6.057902e-17
1 	 366 	 2 	 1 	 4.760608e-17 	 -5.802292e-17
1 	 367 	 2 	 1 	 4.721833e-17 	 -5.546683e-17
1 	 368 	 2 	 1 	 4.683059e-17 	 -5.291073e-17
1 	 369 	 2 	 1 	 4.644284e-17 	 -5.035464e-17
1 	 370 	 2 	 1 	 4.594614e-17 	 -4.787554e-17
1 	 371 	 2 	 1 	 4.525575e-17 	 -4.553332e-17
1 	 372 	 2 	 1 	 4.456535e-17 	 -4.319110e-17
1 	 373 	 2 	 1 	 4.387496e-17 	 -4.084889e-17
1 	 374 	 2 	 1 	 4.318457e-17 	 -3.850667e-17
1 	 375 	 2 	 1 	 4.244786e-17 	 -3.624405e-17
1 	 376 	 2 	 1 	 4.156449e-17 	 -3.423351e-17
1 	 377 	 2 	 1 	 4.068112e-17 	 -3.222297e-17
1 	 378 	 2 	 1 	 3.979774e-17 	 -3.021242e-17
1 	 379 	 2 	 1 	 3.891437e-17 	 -2.820188e-17
1 	 380 	 2 	 1 	 3.801997e-17 	 -2.623615e-17
1 	 381 	 2 	 1 	 3.704467e-17 	 -2.459904e-17
1 	 382 	 2 	 1 	 3.606937e-17 	 -2.296194e-17
1 	 383 	 2 	 1 	 3.509408e-17 	 -2.132483e-17
1 	 384 	 2 	 1 	 3.411878e-17 	 -1.968773e-17
1 	 385 	 2 	 1 	 3.314348e-17 	 -1.805063e-17
1 	 386 	 2 	 1 	 3.215816e-17 	 -1.677781e-17
1 	 387 	 2 	 1 	 3.117284e-17 	 -1.550499e-17
1 	 388 	 2 	 1 	 3.018752e-17 	 -1.423217e-17
1 	 389 	 2 	 1 	 2.920220e-17 	 -1.295935e-17
1 	 390 	 2 	 1 	 2.821688e-17 	 -1.168654e-17
1 	 391 	 2 	 1 	 2.727493e-17 	 -1.069980e-17
1 	 392 	 2 	 1 	 2.633888e-17 	 -9.752071e-18
1 	 393 	 2 	 1 	 2.540284e-17 	 -8.804344e-18
1 	 394 	 2 	 1 	 2.446680e-17 	 -7.856617e-18
1 	 395 	 2 	 1 	 2.353076e-17 	 -6.908890e-18
1 	 396 	 2 	 1 	 2.266054e-17 	 -6.168192e-18
1 	 397 	 2 	 1 	 2.181112e-17 	 -5.492871e-18
1 	 398 	 2 	 1 	 2.096170e-17 	 -4.817550e-18
1 	 399 	 2 	 1 	 2.011227e-17 	 -4.142229e-18
1 	 400 	 2 	 1 	 1.926285e-17 	 -3.466909e-18
1 	 401 	 2 	 1 	 1.848131e-17 	 -2.930582e-18
1 	 402 	 2 	 1 	 1.773797e-17 	 -2.472440e-18
1 	 403 	 2 	 1 	 1.699462e-17 	 -2.014298e-18
1 	 404 	 2 	 1 	 1.625128e-17 	 -1.556156e-18
1 	 405 	 2 	 1 	 1.550793e-17 	 -1.098014e-18
1 	 406 	 2 	 1 	 1.482271e-17 	 -7.260089e-19
1 	 407 	 2 	 1 	 1.419114e-17 	 -4.335154e-19
1 	 408 	 2 	 1 	 1.355956e-17 	 -1.410220e-19
1 	 409 	 2 	 1 	 1.292799e-17 	 1.514715e-19
1 	 410 	 2 	 1 	 1.229641e-17 	 4.439649e-19
1 	 411 	 2 	 1 	 1.170807e-17 	 6.878666e-19
1 	 412 	 2 	 1 	 1.118456e-17 	 8.588809e-19
1 	 413 	 2 	 1 	 1.066106e-17 	 1.029895e-18
1 	 414 	 2 	 1 	 1.013756e-17 	 1.200909e-18
1 	 415 	 2 	 1 	 9.614053e-18 	 1.371923e-18
1 	 416 	 2 	 1 	 9.118221e-18 	 1.519015e-18
1 	 417 	 2 	 1 	 8.693545e-18 	 1.604591e-18
1 	 418 	 2 	 1 	 8.268870e-18 	 1.690167e-18
1 	 419 	 2 	 1 	 7.844193e-18 	 1.775743e-18
1 	 420 	 2 	 1 	 7.419518e-18 	 1.861319e-18
1 	 421 	 2 	 1 	 7.008686e-18 	 1.937722e-18
1 	 422 	 2 	 1 	 6.670531e-18 	 1.965965e-18
1 	 423 	 2 	 1 	 6.332376e-18 	 1.994208e-18
1 	 424 	 2 	 1 	 5.994221e-18 	 2.022452e-18
1 	 425 	 2 	 1 	 5.656067e-18 	 2.050695e-18
1 	 426 	 2 	 1 	 5.320846e-18 	 2.077481e-18
1 	 427 	 2 	 1 	 5.056042e-18 	 2.069298e-18
1 	 428 	 2 	 1 	 4.791239e-18 	 2.061114e-18
1 	 429 	 2 	 1 	 4.526436e-18 	 2.052930e-18
1 	 430 	 2 	 1 	 4.261632e-18 	 2.044746e-18
1 	 431 	 2 	 1 	 3.996829e-18 	 2.036563e-18
1 	 432 	 2 	 1 	 3.787802e-18 	 2.008823e-18
1 	 433 	 2 	 1 	 3.583625e-18 	 1.979382e-18
1 	 434 	 2 	 1 	 3.379448e-18 	 1.949942e-18
1 	 435 	 2 	 1 	 3.175271e-18 	 1.920502e-18
1 	 436 	 2 	 1 	 2.971094e-18 	 1.891061e-18
1 	 437 	 2 	 1 	 2.806032e-18 	 1.853035e-18
1 	 438 	 2 	 1 	 2.650750e-18 	 1.812862e-18
1 	 439 	 2 	 1 	 2.495467e-18 	 1.772689e-18
1 	 440 	 2 	 1 	 2.340184e-18 	 1.732516e-18
1 	 441 	 2 	 1 	 2.184902e-18 	 1.692343e-18
1 	 442 	 2 	 1 	 2.055957e-18 	 1.649564e-18
1 	 443 	 2 	 1 	 1.939406e-18 	 1.605558e-18
1 	 444 	 2 	 1 	 1.822856e-18 	 1.561552e-18
1 	 445 	 2 	 1 	 1.706306e-18 	 1.517547e-18
1 	 446 	 2 	 1 	 1.589755e-18 	 1.473541e-18
1 	 447 	 2 	 1 	 1.490119e-18 	 1.429866e-18
1 	 448 	 2 	 1 	 1.403771e-18 	 1.386452e-18
1 	 449 	 2 	 1 	 1.317424e-18 	 1.343037e-18
1 	 450 	 2 	 1 	 1.231076e-18 	 1.299622e-18
1 	 451 	 2 	 1 	 1.144729e-18 	 1.256208e-18
1 	 452 	 2 	 1 	 1.068547e-18 	 1.214177e-18
1 	 453 	 2 	 1 	 1.005303e-18 	 1.173906e-18
1 	 454 	 2 	 1 	 9.420588e-19 	 1.133636e-18
1 	 455 	 2 	 1 	 8.788149e-19 	 1.093365e-18
1 	 456 	 2 	 1 	 8.155709e-19 	 1.053095e-18
1 	 457 	 2 	 1 	 7.579201e-19 	 1.014224e-18
1 	 458 	 2 	 1 	 7.121547e-19 	 9.783252e-19
1 	 459 	 2 	 1 	 6.663893e-19 	 9.424266e-19
1 	 460 	 2 	 1 	 6.206239e-19 	 9.065281e-19
1 	 461 	 2 	 1 	 5.748585e-19 	 8.706296e-19
1 	 462 	 2 	 1 	 5.317070e-19 	 8.357059e-19
1 	 463 	 2 	 1 	 4.990109e-19 	 8.046819e-19
1 	 464 	 2 	 1 	 4.663148e-19 	 7.736579e-19
1 	 465 	 2 	 1 	 4.336187e-19 	 7.426339e-19
1 	 466 	 2 	 1 	 4.009226e-19 	 7.116099e-19
1 	 467 	 2 	 1 	 3.689931e-19 	 6.809720e-19
1 	 468 	 2 	 1 	 3.458805e-19 	 6.547748e-19
1 	 469 	 2 	 1 	 3.227679e-19 	 6.285776e-19
1 	 470 	 2 	 1 	 2.996553e-19 	 6.023804e-19
1 	 471 	 2 	 1 	 2.765426e-19 	 5.761832e-19
1 	 472 	 2 	 1 	 2.534300e-19 	 5.499859e-19
1 	 473 	 2 	 1 	 2.370225e-19 	 5.280525e-19
1 	 474 	 2 	 1 	 2.208943e-19 	 5.062967e-19
1 	 475 	 2 	 1 	 2.047661e-19 	 4.845409e-19
1 	 476 	 2 	 1 	 1.886380e-19 	 4.627851e-19
1 	 477 	 2 	 1 	 1.725098e-19 	 4.410293e-19
1 	 478 	 2 	 1 	 1.606158e-19 	 4.226173e-19
1 	 479 	 2 	 1 	 1.495283e-19 	 4.048423e-19
1 	 480 	 2 	 1 	 1.384408e-19 	 3.870673e-19
1 	 481 	 2 	 1 	 1.273533e-19 	 3.692922e-19
1 	 482 	 2 	 1 	 1.162658e-19 	 3.515172e-19
1 	 483 	 2 	 1 	 1.077355e-19 	 3.362219e-19
1 	 484 	 2 	 1 	 1.001996e-19 	 3.218908e-19
1 	 485 	 2 	 1 	 9.266364e-20 	 3.075598e-19
1 	 486 	 2 	 1 	 8.512773e-20 	 2.932288e-19
1 	 487 	 2 	 1 	 7.759182e-20 	 2.788978e-19
1 	 488 	 2 	 1 	 7.155093e-20 	 2.662974e-19
1 	 489 	 2 	 1 	 6.650672e-20 	 2.548505e-19
1 	 490 	 2 	 1 	 6.146252e-20 	 2.434037e-19
1 	 491 	 2 	 1 	 5.641831e-20 	 2.319569e-19
1 	 492 	 2 	 1 	 5.137410e-20 	 2.205101e-19
1 	 493 	 2 	 1 	 4.716361e-20 	 2.102171e-19
1 	 494 	 2 	 1 	 4.385632e-20 	 2.011740e-19
1 	 495 	 2 	 1 	 4.054903e-20 	 1.921310e-19
1 	 496 	 2 	 1 	 3.724174e-20 	 1.830879e-19
1 	 497 	 2 	 1 	 3.393445e-20 	 1.740448e-19
1 	 498 	 2 	 1 	 3.104820e-20 	 1.657132e-19
1 	 499 	 2 	 1 	 2.891045e-20 	 1.586464e-19
1 	 500 	 2 	 1 	 2.677271e-20 	 1.515795e-19
1 	 501 	 2 	 1 	 2.463497e-20 	 1.445127e-19
1 	 502 	 2 	 1 	 2.249722e-20 	 1.374459e-19
1 	 503 	 2 	 1 	 2.054524e-20 	 1.307597e-19
1 	 504 	 2 	 1 	 1.918150e-20 	 1.252786e-19
1 	 505 	 2 	 1 	 1.781776e-20 	 1.197975e-19
1 	 506 	 2 	 1 	 1.645403e-20 	 1.143164e-19
1 	 507 	 2 	 1 	 1.509029e-20 	 1.088353e-19
1 	 508 	 2 	 1 	 1.378830e-20 	 1.035065e-19
1 	 509 	 2 	 1 	 1.293911e-20 	 9.929414e-20
1 	 510 	 2 	 1 	 1.208992e-20 	 9.508181e-20
1 	 511 	 2 	 1 	 1.124073e-20 	 9.086949e-20
1 	 512 	 2 	 1 	 1.039154e-20 	 8.665716e-20
1 	 513 	 2 	 1 	 9.542347e-21 	 8.244483e-20
1 	 514 	 2 	 1 	 9.016694e-21 	 7.925234e-20
1 	 515 	 2 	 1 	 8.491041e-21 	 7.605986e-20
1 	 516 	 2 	 1 	 7.965388e-21 	 7.286737e-20
1 	 517 	 2 	 1 	 7.439734e-21 	 6.967488e-20
1 	 518 	 2 	 1 	 6.914081e-21 	 6.648240e-20
1 	 519 	 2 	 1 	 6.549421e-21 	 6.399505e-20
1 	 520 	 2 	 1 	 6.206715e-21 	 6.160386e-20
1 	 521 	 2 	 1 	 5.864009e-21 	 5.921267e-20
1 	 522 	 2 	 1 	 5.521302e-21 	 5.682149e-20
1 	 523 	 2 	 1 	 5.178596e-21 	 5.443029e-20
1 	 524 	 2 	 1 	 4.915086e-21 	 5.251080e-20
1 	 525 	 2 	 1 	 4.676586e-21 	 5.074025e-20
1 	 526 	 2 	 1 	 4.438087e-21 	 4.896971e-20
1 	 527 	 2 	 1 	 4.199587e-21 	 4.719917e-20
1 	 528 	 2 	 1 	 3.961087e-21 	 4.542862e-20
1 	 529 	 2 	 1 	 3.755861e-21 	 4.397347e-20
1 	 530 	 2 	 1 	 3.569353e-21 	 4.269573e-20
1 	 531 	 2 	 1 	 3.382844e-21 	 4.141799e-20
1 	 532 	 2 	 1 	 3.196336e-21 	 4.014024e-20
1 	 533 	 2 	 1 	 3.009827e-21 	 3.886250e-20
1 	 534 	 2 	 1 	 2.825662e-21 	 3.778453e-20
1 	 535 	 2 	 1 	 2.643660e-21 	 3.689098e-20
1 	 536 	 2 	 1 	 2.461658e-21 	 3.599743e-20
1 	 537 	 2 	 1 	 2.279657e-21 	 3.510388e-20
1 	 538 	 2 	 1 	 2.097655e-21 	 3.421033e-20
1 	 539 	 2 	 1 	 1.908444e-21 	 3.343169e-20
1 	 540 	 2 	 1 	 1.708419e-21 	 3.282543e-20
1 	 541 	 2 	 1 	 1.508394e-21 	 3.221917e-20
1 	 542 	 2 	 1 	 1.308369e-21 	 3.161291e-20
1 	 543 	 2 	 1 	 1.108344e-21 	 3.100666e-20
1 	 544 	 2 	 1 	 9.015786e-22 	 3.046219e-20
1 	 545 	 2 	 1 	 6.774798e-22 	 3.007660e-20
1 	 546 	 2 	 1 	 4.533811e-22 	 2.969102e-20
1 	 547 	 2 	 1 	 2.292823e-22 	 2.930544e-20
1 	 548 	 2 	 1 	 5.183517e-24 	 2.891985e-20
1 	 549 	 2 	 1 	 -2.244182e-22 	 2.856165e-20
1 	 550 	 2 	 1 	 -4.829107e-22 	 2.834722e-20
1 	 551 	 2 	 1 	 -7.414031e-22 	 2.813279e-20
1 	 552 	 2 	 1 	 -9.998956e-22 	 2.791836e-20
1 	 553 	 2 	 1 	 -1.258388e-21 	 2.770393e-20
1 	 554 	 2 	 1 	 -1.518578e-21 	 2.749439e-20
1 	 555 	 2 	 1 	 -1.819518e-21 	 2.740221e-20
1 	 556 	 2 	 1 	 -2.120457e-21 	 2.731002e-20
1 	 557 	 2 	 1 	 -2.421397e-21 	 2.721784e-20
1 	 558 	 2 	 1 	 -2.722336e-21 	 2.712566e-20
1 	 559 	 2 	 1 	 -3.023276e-21 	 2.703348e-20
1 	 560 	 2 	 1 	 -3.357164e-21 	 2.701695e-20
1 	 561 	 2 	 1 	 -3.693918e-21 	 2.700701e-20
1 	 562 	 2 	 1 	 -4.030672e-21 	 2.699707e-20
1 	 563 	 2 	 1 	 -4.367425e-21 	 2.698713e-20
1 	 564 	 2 	 1 	 -4.704179e-21 	 2.697719e-20
1 	 565 	 2 	 1 	 -5.064406e-21 	 2.701516e-20
1 	 566 	 2 	 1 	 -5.430502e-21 	 2.706511e-20
1 	 567 	 2 	 1 	 -5.796598e-21 	 2.711505e-20
1 	 568 	 2 	 1 	 -6.162693e-21 	 2.716500e-20
1 	 569 	 2 	 1 	 -6.528789e-21 	 2.721494e-20
1 	 570 	 2 	 1 	 -6.916449e-21 	 2.728971e-20
1 	 571 	 2 	 1 	 -7.314257e-21 	 2.737617e-20
1 	 572 	 2 	 1 	 -7.712065e-21 	 2.746263e-20
1 	 573 	 2 	 1 	 -8.109873e-21 	 2.754908e-20
1 	 574 	 2 	 1 	 -8.507681e-21 	 2.763554e-20
1 	 575 	 2 	 1 	 -8.919010e-21 	 2.772863e-20
1 	 576 	 2 	 1 	 -9.340962e-21 	 2.782693e-20
1 	 577 	 2 	 1 	 -9.762916e-21 	 2.792523e-20
1 	 578 	 2 	 1 	 -1.018487e-20 	 2.802353e-20
1 	 579 	 2 	 1 	 -1.060682e-20 	 2.812183e-20
1 	 580 	 2 	 1 	 -1.103378e-20 	 2.821988e-20
1 	 581 	 2 	 1 	 -1.146712e-20 	 2.831760e-20
1 	 582 	 2 	 1 	 -1.190046e-20 	 2.841532e-20
1 	 583 	 2 	 1 	 -1.233380e-20 	 2.851304e-20
1 	 584 	 2 	 1 	 -1.276713e-20 	 2.861076e-20
1 	 585 	 2 	 1 	 -1.320306e-20 	 2.870473e-20
1 	 586 	 2 	 1 	 -1.364450e-20 	 2.879074e-20
1 	 587 	 2 	 1 	 -1.408594e-20 	 2.887675e-20
1 	 588 	 2 	 1 	 -1.452738e-20 	 2.896276e-20
1 	 589 	 2 	 1 	 -1.496881e-20 	 2.904877e-20
1 	 590 	 2 	 1 	 -1.541075e-20 	 2.913010e-20
1 	 591 	 2 	 1 	 -1.585468e-20 	 2.919273e-20
1 	 592 	 2 	 1 	 -1.629862e-20 	 2.925536e-20
1 	 593 	 2 	 1 	 -1.674255e-20 	 2.931800e-20
1 	 594 	 2 	 1 	 -1.718649e-20 	 2.938062e-20
1 	 595 	 2 	 1 	 -1.762962e-20 	 2.944072e-20
1 	 596 	 2 	 1 	 -1.806352e-20 	 2.947168e-20
1 	 597 	 2 	 1 	 -1.849742e-20 	 2.950264e-20
1 	 598 	 2 	 1 	 -1.893132e-20 	 2.953360e-20
1 	 599 	 2 	 1 	 -1.936522e-20 	 2.956456e-20
1 	 600 	 2 	 1 	 -1.979912e-20 	 2.959551e-20
1 	 601 	 2 	 1 	 -2.021547e-20 	 2.958759e-20
1 	 602 	 2 	 1 	 -2.063108e-20 	 2.957806e-20
1 	 603 	 2 	 1 	 -2.104670e-20 	 2.956852e-20
1 	 604 	 2 	 1 	 -2.146232e-20 	 2.955898e-20
1 	 605 	 2 	 1 	 -2.187793e-20 	 2.954944e-20
1 	 606 	 2 	 1 	 -2.227625e-20 	 2.950397e-20
1 	 607 	 2 	 1 	 -2.267127e-20 	 2.945164e-20
1 	 608 	 2 	 1 	 -2.306629e-20 	 2.939932e-20
1 	 609 	 2 	 1 	 -2.346131e-20 	 2.934699e-20
1 	 610 	 2 	 1 	 -2.385633e-20 	 2.929467e-20
1 	 611 	 2 	 1 	 -2.423218e-20 	 2.921340e-20
1 	 612 	 2 	 1 	 -2.460058e-20 	 2.912088e-20
1 	 613 	 2 	 1 	 -2.496898e-20 	 2.902837e-20
1 	 614 	 2 	 1 	 -2.533739e-20 	 2.893584e-20
1 	 615 	 2 	 1 	 -2.570579e-20 	 2.884333e-20
1 	 616 	 2 	 1 	 -2.604897e-20 	 2.872378e-20
1 	 617 	 2 	 1 	 -2.637535e-20 	 2.858621e-20
1 	 618 	 2 	 1 	 -2.670173e-20 	 2.844864e-20
1 	 619 	 2 	 1 	 -2.702811e-20 	 2.831107e-20
1 	 620 	 2 	 1 	 -2.735448e-20 	 2.817350e-20
1 	 621 	 2 	 1 	 -2.765810e-20 	 2.801158e-20
1 	 622 	 2 	 1 	 -2.793705e-20 	 2.782327e-20
1 	 623 	 2 	 1 	 -2.821601e-20 	 2.763497e-20
1 	 624 	 2 	 1 	 -2.849496e-20 	 2.744667e-20
1 	 625 	 2 	 1 	 -2.877392e-20 	 2.725837e-20
1 	 626 	 2 	 1 	 -2.903805e-20 	 2.705281e-20
1 	 627 	 2 	 1 	 -2.927584e-20 	 2.681658e-20
1 	 628 	 2 	 1 	 -2.951363e-20 	 2.658035e-20
1 	 629 	 2 	 1 	 -2.975142e-20 	 2.634412e-20
1 	 630 	 2 	 1 	 -2.998922e-20 	 2.610788e-20
1 	 631 	 2 	 1 	 -3.021628e-20 	 2.586191e-20
1 	 632 	 2 	 1 	 -3.040939e-20 	 2.558509e-20
1 	 633 	 2 	 1 	 -3.060249e-20 	 2.530827e-20
1 	 634 	 2 	 1 	 -3.079559e-20 	 2.503145e-20
1 	 635 	 2 	 1 	 -3.098869e-20 	 2.475463e-20
1 	 636 	 2 	 1 	 -3.117578e-20 	 2.447369e-20
1 	 637 	 2 	 1 	 -3.131884e-20 	 2.416257e-20
1 	 638 	 2 	 1 	 -3.146190e-20 	 2.385146e-20
1 	 639 	 2 	 1 	 -3.160496e-20 	 2.354034e-20
1 	 640 	 2 	 1 	 -3.174802e-20 	 2.322922e-20
1 	 641 	 2 	 1 	 -3.189107e-20 	 2.291811e-20
1 	 1 	 2 	 2 	 2.359606e-20 	 2.824322e-21
1 	 2 	 2 	 2 	 2.372687e-20 	 2.473914e-21
1 	 3 	 2 	 2 	 2.385767e-20 	 2.123507e-21
1 	 4 	 2 	 2 	 2.398847e-20 	 1.773100e-21
1 	 5 	 2 	 2 	 2.411927e-20 	 1.422693e-21
1 	 6 	 2 	 2 	 2.425007e-20 	 1.072285e-21
1 	 7 	 2 	 2 	 2.433503e-20 	 6.897987e-22
1 	 8 	 2 	 2 	 2.441374e-20 	 3.029374e-22
1 	 9 	 2 	 2 	 2.449244e-20 	 -8.392382e-23
1 	 10 	 2 	 2 	 2.457115e-20 	 -4.707851e-22
1 	 11 	 2 	 2 	 2.464985e-20 	 -8.576463e-22
1 	 12 	 2 	 2 	 2.469345e-20 	 -1.270023e-21
1 	 13 	 2 	 2 	 2.472596e-20 	 -1.690457e-21
1 	 14 	 2 	 2 	 2.475846e-20 	 -2.110892e-21
1 	 15 	 2 	 2 	 2.479097e-20 	 -2.531326e-21
1 	 16 	 2 	 2 	 2.482348e-20 	 -2.951760e-21
1 	 17 	 2 	 2 	 2.482760e-20 	 -3.387710e-21
1 	 18 	 2 	 2 	 2.481575e-20 	 -3.832386e-21
1 	 19 	 2 	 2 	 2.480390e-20 	 -4.277062e-21
1 	 20 	 2 	 2 	 2.479205e-20 	 -4.721739e-21
1 	 21 	 2 	 2 	 2.478020e-20 	 -5.166415e-21
1 	 22 	 2 	 2 	 2.474055e-20 	 -5.614227e-21
1 	 23 	 2 	 2 	 2.467525e-20 	 -6.064933e-21
1 	 24 	 2 	 2 	 2.460994e-20 	 -6.515638e-21
1 	 25 	 2 	 2 	 2.454463e-20 	 -6.966344e-21
1 	 26 	 2 	 2 	 2.447932e-20 	 -7.417050e-21
1 	 27 	 2 	 2 	 2.438480e-20 	 -7.860641e-21
1 	 28 	 2 	 2 	 2.424645e-20 	 -8.293559e-21
1 	 29 	 2 	 2 	 2.410810e-20 	 -8.726478e-21
1 	 30 	 2 	 2 	 2.396975e-20 	 -9.159396e-21
1 	 31 	 2 	 2 	 2.383139e-20 	 -9.592314e-21
1 	 32 	 2 	 2 	 2.366756e-20 	 -1.001504e-20
1 	 33 	 2 	 2 	 2.343820e-20 	 -1.041155e-20
1 	 34 	 2 	 2 	 2.320884e-20 	 -1.080806e-20
1 	 35 	 2 	 2 	 2.297948e-20 	 -1.120458e-20
1 	 36 	 2 	 2 	 2.275012e-20 	 -1.160109e-20
1 	 37 	 2 	 2 	 2.250528e-20 	 -1.199087e-20
1 	 38 	 2 	 2 	 2.217919e-20 	 -1.234529e-20
1 	 39 	 2 	 2 	 2.185310e-20 	 -1.269972e-20
1 	 40 	 2 	 2 	 2.152701e-20 	 -1.305414e-20
1 	 41 	 2 	 2 	 2.120092e-20 	 -1.340857e-20
1 	 42 	 2 	 2 	 2.087125e-20 	 -1.376164e-20
1 	 43 	 2 	 2 	 2.045559e-20 	 -1.408221e-20
1 	 44 	 2 	 2 	 2.003993e-20 	 -1.440279e-20
1 	 45 	 2 	 2 	 1.962427e-20 	 -1.472336e-20
1 	 46 	 2 	 2 	 1.920861e-20 	 -1.504394e-20
1 	 47 	 2 	 2 	 1.879295e-20 	 -1.536451e-20
1 	 48 	 2 	 2 	 1.831140e-20 	 -1.566329e-20
1 	 49 	 2 	 2 	 1.782411e-20 	 -1.596017e-20
1 	 50 	 2 	 2 	 1.733683e-20 	 -1.625705e-20
1 	 51 	 2 	 2 	 1.684954e-20 	 -1.655393e-20
1 	 52 	 2 	 2 	 1.636226e-20 	 -1.685081e-20
1 	 53 	 2 	 2 	 1.583981e-20 	 -1.712290e-20
1 	 54 	 2 	 2 	 1.530857e-20 	 -1.738879e-20
1 	 55 	 2 	 2 	 1.477733e-20 	 -1.765468e-20
1 	 56 	 2 	 2 	 1.424609e-20 	 -1.792057e-20
1 	 57 	 2 	 2 	 1.371485e-20 	 -1.818646e-20
1 	 58 	 2 	 2 	 1.317557e-20 	 -1.841296e-20
1 	 59 	 2 	 2 	 1.263252e-20 	 -1.862094e-20
1 	 60 	 2 	 2 	 1.208947e-20 	 -1.882891e-20
1 	 61 	 2 	 2 	 1.154641e-20 	 -1.903689e-20
1 	 62 	 2 	 2 	 1.100336e-20 	 -1.924486e-20
1 	 63 	 2 	 2 	 1.046941e-20 	 -1.940310e-20
1 	 64 	 2 	 2 	 9.942625e-21 	 -1.952227e-20
1 	 65 	 2 	 2 	 9.415836e-21 	 -1.964143e-20
1 	 66 	 2 	 2 	 8.889047e-21 	 -1.976060e-20
1 	 67 	 2 	 2 	 8.362258e-21 	 -1.987976e-20
1 	 68 	 2 	 2 	 7.848425e-21 	 -1.995061e-20
1 	 69 	 2 	 2 	 7.351080e-21 	 -1.995997e-20
1 	 70 	 2 	 2 	 6.853736e-21 	 -1.996933e-20
1 	 71 	 2 	 2 	 6.356391e-21 	 -1.997868e-20
1 	 72 	 2 	 2 	 5.859047e-21 	 -1.998804e-20
1 	 73 	 2 	 2 	 5.369089e-21 	 -1.996132e-20
1 	 74 	 2 	 2 	 4.894826e-21 	 -1.985792e-20
1 	 75 	 2 	 2 	 4.420564e-21 	 -1.975453e-20
1 	 76 	 2 	 2 	 3.946301e-21 	 -1.965113e-20
1 	 77 	 2 	 2 	 3.472039e-21 	 -1.954774e-20
1 	 78 	 2 	 2 	 2.999345e-21 	 -1.942653e-20
1 	 79 	 2 	 2 	 2.532928e-21 	 -1.923408e-20
1 	 80 	 2 	 2 	 2.066510e-21 	 -1.904163e-20
1 	 81 	 2 	 2 	 1.600093e-21 	 -1.884918e-20
1 	 82 	 2 	 2 	 1.133675e-21 	 -1.865673e-20
1 	 83 	 2 	 2 	 6.670206e-22 	 -1.846080e-20
1 	 84 	 2 	 2 	 1.976343e-22 	 -1.822487e-20
1 	 85 	 2 	 2 	 -2.717519e-22 	 -1.798894e-20
1 	 86 	 2 	 2 	 -7.411381e-22 	 -1.775301e-20
1 	 87 	 2 	 2 	 -1.210524e-21 	 -1.751708e-20
1 	 88 	 2 	 2 	 -1.679911e-21 	 -1.728115e-20
1 	 89 	 2 	 2 	 -2.149147e-21 	 -1.703935e-20
1 	 90 	 2 	 2 	 -2.618377e-21 	 -1.679730e-20
1 	 91 	 2 	 2 	 -3.087607e-21 	 -1.655526e-20
1 	 92 	 2 	 2 	 -3.556837e-21 	 -1.631322e-20
1 	 93 	 2 	 2 	 -4.026068e-21 	 -1.607117e-20
1 	 94 	 2 	 2 	 -4.468050e-21 	 -1.581751e-20
1 	 95 	 2 	 2 	 -4.904843e-21 	 -1.556164e-20
1 	 96 	 2 	 2 	 -5.341635e-21 	 -1.530577e-20
1 	 97 	 2 	 2 	 -5.778428e-21 	 -1.504990e-20
1 	 98 	 2 	 2 	 -6.215220e-21 	 -1.479402e-20
1 	 99 	 2 	 2 	 -6.576361e-21 	 -1.449662e-20
1 	 100 	 2 	 2 	 -6.908081e-21 	 -1.418307e-20
1 	 101 	 2 	 2 	 -7.239801e-21 	 -1.386952e-20
1 	 102 	 2 	 2 	 -7.571521e-21 	 -1.355596e-20
1 	 103 	 2 	 2 	 -7.903241e-21 	 -1.324241e-20
1 	 104 	 2 	 2 	 -8.127460e-21 	 -1.288732e-20
1 	 105 	 2 	 2 	 -8.280012e-21 	 -1.250453e-20
1 	 106 	 2 	 2 	 -8.432564e-21 	 -1.212175e-20
1 	 107 	 2 	 2 	 -8.585115e-21 	 -1.173897e-20
1 	 108 	 2 	 2 	 -8.737666e-21 	 -1.135618e-20
1 	 109 	 2 	 2 	 -8.811478e-21 	 -1.096497e-20
1 	 110 	 2 	 2 	 -8.799985e-21 	 -1.056463e-20
1 	 111 	 2 	 2 	 -8.788494e-21 	 -1.016429e-20
1 	 112 	 2 	 2 	 -8.777001e-21 	 -9.763946e-21
1 	 113 	 2 	 2 	 -8.765509e-21 	 -9.363605e-21
1 	 114 	 2 	 2 	 -8.742623e-21 	 -8.970101e-21
1 	 115 	 2 	 2 	 -8.699480e-21 	 -8.588750e-21
1 	 116 	 2 	 2 	 -8.656338e-21 	 -8.207399e-21
1 	 117 	 2 	 2 	 -8.613196e-21 	 -7.826049e-21
1 	 118 	 2 	 2 	 -8.570053e-21 	 -7.444697e-21
1 	 119 	 2 	 2 	 -8.547691e-21 	 -7.055065e-21
1 	 120 	 2 	 2 	 -8.591130e-21 	 -6.639209e-21
1 	 121 	 2 	 2 	 -8.634569e-21 	 -6.223353e-21
1 	 122 	 2 	 2 	 -8.678009e-21 	 -5.807497e-21
1 	 123 	 2 	 2 	 -8.721448e-21 	 -5.391640e-21
1 	 124 	 2 	 2 	 -8.768275e-21 	 -4.963713e-21
1 	 125 	 2 	 2 	 -8.839939e-21 	 -4.447272e-21
1 	 126 	 2 	 2 	 -8.911604e-21 	 -3.930831e-21
1 	 127 	 2 	 2 	 -8.983268e-21 	 -3.414390e-21
1 	 128 	 2 	 2 	 -9.054933e-21 	 -2.897950e-21
1 	 129 	 2 	 2 	 -9.126597e-21 	 -2.381508e-21
1 	 130 	 2 	 2 	 -9.034173e-21 	 -1.825928e-21
1 	 131 	 2 	 2 	 -8.941749e-21 	 -1.270347e-21
1 	 132 	 2 	 2 	 -8.849324e-21 	 -7.147661e-22
1 	 133 	 2 	 2 	 -8.756900e-21 	 -1.591853e-22
1 	 134 	 2 	 2 	 -8.664475e-21 	 3.963955e-22
1 	 135 	 2 	 2 	 -8.338821e-21 	 8.326739e-22
1 	 136 	 2 	 2 	 -7.981363e-21 	 1.252684e-21
1 	 137 	 2 	 2 	 -7.623905e-21 	 1.672694e-21
1 	 138 	 2 	 2 	 -7.266447e-21 	 2.092704e-21
1 	 139 	 2 	 2 	 -6.908989e-21 	 2.512714e-21
1 	 140 	 2 	 2 	 -6.455750e-21 	 2.761202e-21
1 	 141 	 2 	 2 	 -5.972266e-21 	 2.955525e-21
1 	 142 	 2 	 2 	 -5.488781e-21 	 3.149848e-21
1 	 143 	 2 	 2 	 -5.005297e-21 	 3.344171e-21
1 	 144 	 2 	 2 	 -4.521812e-21 	 3.538494e-21
1 	 145 	 2 	 2 	 -4.109205e-21 	 3.711408e-21
1 	 146 	 2 	 2 	 -3.736467e-21 	 3.872277e-21
1 	 147 	 2 	 2 	 -3.363729e-21 	 4.033147e-21
1 	 148 	 2 	 2 	 -2.990990e-21 	 4.194017e-21
1 	 149 	 2 	 2 	 -2.618252e-21 	 4.354887e-21
1 	 150 	 2 	 2 	 -2.285586e-21 	 4.673389e-21
1 	 151 	 2 	 2 	 -1.989909e-21 	 5.137397e-21
1 	 152 	 2 	 2 	 -1.694232e-21 	 5.601405e-21
1 	 153 	 2 	 2 	 -1.398555e-21 	 6.065414e-21
1 	 154 	 2 	 2 	 -1.102878e-21 	 6.529422e-21
1 	 155 	 2 	 2 	 -7.088312e-22 	 7.104246e-21
1 	 156 	 2 	 2 	 -1.672307e-22 	 7.845294e-21
1 	 157 	 2 	 2 	 3.743698e-22 	 8.586341e-21
1 	 158 	 2 	 2 	 9.159703e-22 	 9.327388e-21
1 	 159 	 2 	 2 	 1.457571e-21 	 1.006844e-20
1 	 160 	 2 	 2 	 2.079656e-21 	 1.076722e-20
1 	 161 	 2 	 2 	 2.908704e-21 	 1.135732e-20
1 	 162 	 2 	 2 	 3.737752e-21 	 1.194742e-20
1 	 163 	 2 	 2 	 4.566799e-21 	 1.253752e-20
1 	 164 	 2 	 2 	 5.395847e-21 	 1.312762e-20
1 	 165 	 2 	 2 	 6.215485e-21 	 1.367801e-20
1 	 166 	 2 	 2 	 6.985726e-21 	 1.401987e-20
1 	 167 	 2 	 2 	 7.755968e-21 	 1.436174e-20
1 	 168 	 2 	 2 	 8.526209e-21 	 1.470360e-20
1 	 169 	 2 	 2 	 9.296449e-21 	 1.504547e-20
1 	 170 	 2 	 2 	 1.006242e-20 	 1.539347e-20
1 	 171 	 2 	 2 	 1.072599e-20 	 1.588873e-20
1 	 172 	 2 	 2 	 1.138956e-20 	 1.638400e-20
1 	 173 	 2 	 2 	 1.205313e-20 	 1.687927e-20
1 	 174 	 2 	 2 	 1.271670e-20 	 1.737454e-20
1 	 175 	 2 	 2 	 1.338027e-20 	 1.786980e-20
1 	 176 	 2 	 2 	 1.424774e-20 	 1.875352e-20
1 	 177 	 2 	 2 	 1.513294e-20 	 1.967102e-20
1 	 178 	 2 	 2 	 1.601814e-20 	 2.058852e-20
1 	 179 	 2 	 2 	 1.690334e-20 	 2.150601e-20
1 	 180 	 2 	 2 	 1.778854e-20 	 2.242351e-20
1 	 181 	 2 	 2 	 1.901551e-20 	 2.374847e-20
1 	 182 	 2 	 2 	 2.032792e-20 	 2.517531e-20
1 	 183 	 2 	 2 	 2.164033e-20 	 2.660214e-20
1 	 184 	 2 	 2 	 2.295274e-20 	 2.802897e-20
1 	 185 	 2 	 2 	 2.426515e-20 	 2.945580e-20
1 	 186 	 2 	 2 	 2.598641e-20 	 3.136642e-20
1 	 187 	 2 	 2 	 2.790007e-20 	 3.350471e-20
1 	 188 	 2 	 2 	 2.981373e-20 	 3.564299e-20
1 	 189 	 2 	 2 	 3.172739e-20 	 3.778128e-20
1 	 190 	 2 	 2 	 3.364105e-20 	 3.991956e-20
1 	 191 	 2 	 2 	 3.610299e-20 	 4.256925e-20
1 	 192 	 2 	 2 	 3.899570e-20 	 4.562075e-20
1 	 193 	 2 	 2 	 4.188842e-20 	 4.867226e-20
1 	 194 	 2 	 2 	 4.478113e-20 	 5.172376e-20
1 	 195 	 2 	 2 	 4.767385e-20 	 5.477526e-20
1 	 196 	 2 	 2 	 5.123450e-20 	 5.830092e-20
1 	 197 	 2 	 2 	 5.564527e-20 	 6.243005e-20
1 	 198 	 2 	 2 	 6.005604e-20 	 6.655918e-20
1 	 199 	 2 	 2 	 6.446681e-20 	 7.068831e-20
1 	 200 	 2 	 2 	 6.887757e-20 	 7.481743e-20
1 	 201 	 2 	 2 	 7.403688e-20 	 7.941084e-20
1 	 202 	 2 	 2 	 8.078683e-20 	 8.499081e-20
1 	 203 	 2 	 2 	 8.753679e-20 	 9.057079e-20
1 	 204 	 2 	 2 	 9.428674e-20 	 9.615076e-20
1 	 205 	 2 	 2 	 1.010367e-19 	 1.017307e-19
1 	 206 	 2 	 2 	 1.086131e-19 	 1.077126e-19
1 	 207 	 2 	 2 	 1.194953e-19 	 1.153023e-19
1 	 208 	 2 	 2 	 1.303775e-19 	 1.228919e-19
1 	 209 	 2 	 2 	 1.412597e-19 	 1.304815e-19
1 	 210 	 2 	 2 	 1.521419e-19 	 1.380711e-19
1 	 211 	 2 	 2 	 1.636006e-19 	 1.457901e-19
1 	 212 	 2 	 2 	 1.816879e-19 	 1.549971e-19
1 	 213 	 2 	 2 	 1.997753e-19 	 1.642041e-19
1 	 214 	 2 	 2 	 2.178626e-19 	 1.734111e-19
1 	 215 	 2 	 2 	 2.359500e-19 	 1.826181e-19
1 	 216 	 2 	 2 	 2.540374e-19 	 1.918250e-19
1 	 217 	 2 	 2 	 2.821634e-19 	 2.009446e-19
1 	 218 	 2 	 2 	 3.107078e-19 	 2.100605e-19
1 	 219 	 2 	 2 	 3.392521e-19 	 2.191764e-19
1 	 220 	 2 	 2 	 3.677965e-19 	 2.282924e-19
1 	 221 	 2 	 2 	 3.963408e-19 	 2.374083e-19
1 	 222 	 2 	 2 	 4.371225e-19 	 2.445990e-19
1 	 223 	 2 	 2 	 4.802351e-19 	 2.514230e-19
1 	 224 	 2 	 2 	 5.233477e-19 	 2.582469e-19
1 	 225 	 2 	 2 	 5.664602e-19 	 2.650709e-19
1 	 226 	 2 	 2 	 6.095728e-19 	 2.718949e-19
1 	 227 	 2 	 2 	 6.676575e-19 	 2.734428e-19
1 	 228 	 2 	 2 	 7.315647e-19 	 2.729388e-19
1 	 229 	 2 	 2 	 7.954719e-19 	 2.724349e-19
1 	 230 	 2 	 2 	 8.593791e-19 	 2.719310e-19
1 	 231 	 2 	 2 	 9.232863e-19 	 2.714271e-19
1 	 232 	 2 	 2 	 1.003087e-18 	 2.604998e-19
1 	 233 	 2 	 2 	 1.093484e-18 	 2.426235e-19
1 	 234 	 2 	 2 	 1.183880e-18 	 2.247473e-19
1 	 235 	 2 	 2 	 1.274276e-18 	 2.068710e-19
1 	 236 	 2 	 2 	 1.364673e-18 	 1.889948e-19
1 	 237 	 2 	 2 	 1.469586e-18 	 1.559994e-19
1 	 238 	 2 	 2 	 1.590224e-18 	 1.066250e-19
1 	 239 	 2 	 2 	 1.710863e-18 	 5.725056e-20
1 	 240 	 2 	 2 	 1.831502e-18 	 7.876152e-21
1 	 241 	 2 	 2 	 1.952140e-18 	 -4.149826e-20
1 	 242 	 2 	 2 	 2.084168e-18 	 -1.094434e-19
1 	 243 	 2 	 2 	 2.236441e-18 	 -2.104032e-19
1 	 244 	 2 	 2 	 2.388714e-18 	 -3.113630e-19
1 	 245 	 2 	 2 	 2.540987e-18 	 -4.123227e-19
1 	 246 	 2 	 2 	 2.693261e-18 	 -5.132825e-19
1 	 247 	 2 	 2 	 2.851624e-18 	 -6.331087e-19
1 	 248 	 2 	 2 	 3.029273e-18 	 -8.126786e-19
1 	 249 	 2 	 2 	 3.206921e-18 	 -9.922485e-19
1 	 250 	 2 	 2 	 3.384570e-18 	 -1.171818e-18
1 	 251 	 2 	 2 	 3.562219e-18 	 -1.351388e-18
1 	 252 	 2 	 2 	 3.740700e-18 	 -1.543922e-18
1 	 253 	 2 	 2 	 3.925285e-18 	 -1.831522e-18
1 	 254 	 2 	 2 	 4.109870e-18 	 -2.119122e-18
1 	 255 	 2 	 2 	 4.294455e-18 	 -2.406723e-18
1 	 256 	 2 	 2 	 4.479040e-18 	 -2.694323e-18
1 	 257 	 2 	 2 	 4.663624e-18 	 -2.981923e-18
1 	 258 	 2 	 2 	 4.822443e-18 	 -3.404847e-18
1 	 259 	 2 	 2 	 4.981262e-18 	 -3.827771e-18
1 	 260 	 2 	 2 	 5.140080e-18 	 -4.250695e-18
1 	 261 	 2 	 2 	 5.298899e-18 	 -4.673620e-18
1 	 262 	 2 	 2 	 5.457717e-18 	 -5.096544e-18
1 	 263 	 2 	 2 	 5.549491e-18 	 -5.653028e-18
1 	 264 	 2 	 2 	 5.632123e-18 	 -6.227726e-18
1 	 265 	 2 	 2 	 5.714754e-18 	 -6.802424e-18
1 	 266 	 2 	 2 	 5.797385e-18 	 -7.377121e-18
1 	 267 	 2 	 2 	 5.880016e-18 	 -7.951819e-18
1 	 268 	 2 	 2 	 5.857631e-18 	 -8.634139e-18
1 	 269 	 2 	 2 	 5.802083e-18 	 -9.350447e-18
1 	 270 	 2 	 2 	 5.746534e-18 	 -1.006675e-17
1 	 271 	 2 	 2 	 5.690986e-18 	 -1.078306e-17
1 	 272 	 2 	 2 	 5.635438e-18 	 -1.149937e-17
1 	 273 	 2 	 2 	 5.454699e-18 	 -1.227667e-17
1 	 274 	 2 	 2 	 5.203542e-18 	 -1.308828e-17
1 	 275 	 2 	 2 	 4.952384e-18 	 -1.389989e-17
1 	 276 	 2 	 2 	 4.701226e-18 	 -1.471150e-17
1 	 277 	 2 	 2 	 4.450069e-18 	 -1.552311e-17
1 	 278 	 2 	 2 	 4.079488e-18 	 -1.633726e-17
1 	 279 	 2 	 2 	 3.598670e-18 	 -1.715375e-17
1 	 280 	 2 	 2 	 3.117851e-18 	 -1.797024e-17
1 	 281 	 2 	 2 	 2.637033e-18 	 -1.878673e-17
1 	 282 	 2 	 2 	 2.156215e-18 	 -1.960322e-17
1 	 283 	 2 	 2 	 1.592006e-18 	 -2.036841e-17
1 	 284 	 2 	 2 	 9.027117e-19 	 -2.105664e-17
1 	 285 	 2 	 2 	 2.134173e-19 	 -2.174487e-17
1 	 286 	 2 	 2 	 -4.758771e-19 	 -2.243310e-17
1 	 287 	 2 	 2 	 -1.165172e-18 	 -2.312133e-17
1 	 288 	 2 	 2 	 -1.885082e-18 	 -2.373177e-17
1 	 289 	 2 	 2 	 -2.683719e-18 	 -2.414220e-17
1 	 290 	 2 	 2 	 -3.482357e-18 	 -2.455263e-17
1 	 291 	 2 	 2 	 -4.280994e-18 	 -2.496306e-17
1 	 292 	 2 	 2 	 -5.079632e-18 	 -2.537349e-17
1 	 293 	 2 	 2 	 -5.867348e-18 	 -2.571840e-17
1 	 294 	 2 	 2 	 -6.597729e-18 	 -2.571937e-17
1 	 295 	 2 	 2 	 -7.328109e-18 	 -2.572033e-17
1 	 296 	 2 	 2 	 -8.058489e-18 	 -2.572129e-17
1 	 297 	 2 	 2 	 -8.788869e-18 	 -2.572226e-17
1 	 298 	 2 	 2 	 -9.507553e-18 	 -2.570411e-17
1 	 299 	 2 	 2 	 -9.945501e-18 	 -2.522732e-17
1 	 300 	 2 	 2 	 -1.038345e-17 	 -2.475054e-17
1 	 301 	 2 	 2 	 -1.082140e-17 	 -2.427375e-17
1 	 302 	 2 	 2 	 -1.125935e-17 	 -2.379696e-17
1 	 303 	 2 	 2 	 -1.169729e-17 	 -2.332018e-17
1 	 304 	 2 	 2 	 -1.169092e-17 	 -2.242151e-17
1 	 305 	 2 	 2 	 -1.164591e-17 	 -2.148615e-17
1 	 306 	 2 	 2 	 -1.160090e-17 	 -2.055080e-17
1 	 307 	 2 	 2 	 -1.155589e-17 	 -1.961545e-17
1 	 308 	 2 	 2 	 -1.151088e-17 	 -1.868009e-17
1 	 309 	 2 	 2 	 -1.102287e-17 	 -1.745521e-17
1 	 310 	 2 	 2 	 -1.042412e-17 	 -1.615795e-17
1 	 311 	 2 	 2 	 -9.825358e-18 	 -1.486069e-17
1 	 312 	 2 	 2 	 -9.226601e-18 	 -1.356344e-17
1 	 313 	 2 	 2 	 -8.627844e-18 	 -1.226618e-17
1 	 314 	 2 	 2 	 -7.727759e-18 	 -1.081845e-17
1 	 315 	 2 	 2 	 -6.685872e-18 	 -9.299920e-18
1 	 316 	 2 	 2 	 -5.643985e-18 	 -7.781389e-18
1 	 317 	 2 	 2 	 -4.602098e-18 	 -6.262857e-18
1 	 318 	 2 	 2 	 -3.560211e-18 	 -4.744326e-18
1 	 319 	 2 	 2 	 -2.423217e-18 	 -3.184603e-18
1 	 320 	 2 	 2 	 -1.211496e-18 	 -1.592516e-18
1 	 321 	 2 	 2 	 2.243647e-22 	 -4.292818e-22
1 	 322 	 2 	 2 	 1.211945e-18 	 1.591658e-18
1 	 323 	 2 	 2 	 2.423666e-18 	 3.183745e-18
1 	 324 	 2 	 2 	 3.560667e-18 	 4.743811e-18
1 	 325 	 2 	 2 	 4.602570e-18 	 6.263125e-18
1 	 326 	 2 	 2 	 5.644472e-18 	 7.782439e-18
1 	 327 	 2 	 2 	 6.686375e-18 	 9.301752e-18
1 	 328 	 2 	 2 	 7.728278e-18 	 1.082107e-17
1 	 329 	 2 	 2 	 8.628285e-18 	 1.226936e-17
1 	 330 	 2 	 2 	 9.226763e-18 	 1.356675e-17
1 	 331 	 2 	 2 	 9.825241e-18 	 1.486414e-17
1 	 332 	 2 	 2 	 1.042372e-17 	 1.616153e-17
1 	 333 	 2 	 2 	 1.102220e-17 	 1.745892e-17
1 	 334 	 2 	 2 	 1.151000e-17 	 1.868390e-17
1 	 335 	 2 	 2 	 1.155513e-17 	 1.961925e-17
1 	 336 	 2 	 2 	 1.160025e-17 	 2.055460e-17
1 	 337 	 2 	 2 	 1.164537e-17 	 2.148996e-17
1 	 338 	 2 	 2 	 1.169049e-17 	 2.242531e-17
1 	 339 	 2 	 2 	 1.169691e-17 	 2.332389e-17
1 	 340 	 2 	 2 	 1.125824e-17 	 2.379960e-17
1 	 341 	 2 	 2 	 1.081956e-17 	 2.427532e-17
1 	 342 	 2 	 2 	 1.038089e-17 	 2.475103e-17
1 	 343 	 2 	 2 	 9.942210e-18 	 2.522674e-17
1 	 344 	 2 	 2 	 9.503534e-18 	 2.570246e-17
1 	 345 	 2 	 2 	 8.785206e-18 	 2.572045e-17
1 	 346 	 2 	 2 	 8.055225e-18 	 2.571937e-17
1 	 347 	 2 	 2 	 7.325244e-18 	 2.571829e-17
1 	 348 	 2 	 2 	 6.595264e-18 	 2.571720e-17
1 	 349 	 2 	 2 	 5.865283e-18 	 2.571612e-17
1 	 350 	 2 	 2 	 5.076871e-18 	 2.537172e-17
1 	 351 	 2 	 2 	 4.277329e-18 	 2.496192e-17
1 	 352 	 2 	 2 	 3.477788e-18 	 2.455212e-17
1 	 353 	 2 	 2 	 2.678246e-18 	 2.414232e-17
1 	 354 	 2 	 2 	 1.878704e-18 	 2.373251e-17
1 	 355 	 2 	 2 	 1.158925e-18 	 2.312206e-17
1 	 356 	 2 	 2 	 4.701641e-19 	 2.243357e-17
1 	 357 	 2 	 2 	 -2.185966e-19 	 2.174507e-17
1 	 358 	 2 	 2 	 -9.073573e-19 	 2.105658e-17
1 	 359 	 2 	 2 	 -1.596118e-18 	 2.036809e-17
1 	 360 	 2 	 2 	 -2.159811e-18 	 1.960291e-17
1 	 361 	 2 	 2 	 -2.640126e-18 	 1.878662e-17
1 	 362 	 2 	 2 	 -3.120442e-18 	 1.797031e-17
1 	 363 	 2 	 2 	 -3.600757e-18 	 1.715401e-17
1 	 364 	 2 	 2 	 -4.081072e-18 	 1.633771e-17
1 	 365 	 2 	 2 	 -4.451193e-18 	 1.552295e-17
1 	 366 	 2 	 2 	 -4.701938e-18 	 1.470984e-17
1 	 367 	 2 	 2 	 -4.952683e-18 	 1.389673e-17
1 	 368 	 2 	 2 	 -5.203428e-18 	 1.308363e-17
1 	 369 	 2 	 2 	 -5.454173e-18 	 1.227052e-17
1 	 370 	 2 	 2 	 -5.634253e-18 	 1.149222e-17
1 	 371 	 2 	 2 	 -5.688707e-18 	 1.077579e-17
1 	 372 	 2 	 2 	 -5.743160e-18 	 1.005936e-17
1 	 373 	 2 	 2 	 -5.797615e-18 	 9.342922e-18
1 	 374 	 2 	 2 	 -5.852068e-18 	 8.626490e-18
1 	 375 	 2 	 2 	 -5.873793e-18 	 7.944308e-18
1 	 376 	 2 	 2 	 -5.791876e-18 	 7.370583e-18
1 	 377 	 2 	 2 	 -5.709959e-18 	 6.796859e-18
1 	 378 	 2 	 2 	 -5.628042e-18 	 6.223134e-18
1 	 379 	 2 	 2 	 -5.546125e-18 	 5.649409e-18
1 	 380 	 2 	 2 	 -5.455027e-18 	 5.093813e-18
1 	 381 	 2 	 2 	 -5.296599e-18 	 4.671162e-18
1 	 382 	 2 	 2 	 -5.138171e-18 	 4.248510e-18
1 	 383 	 2 	 2 	 -4.979744e-18 	 3.825858e-18
1 	 384 	 2 	 2 	 -4.821316e-18 	 3.403206e-18
1 	 385 	 2 	 2 	 -4.662888e-18 	 2.980554e-18
1 	 386 	 2 	 2 	 -4.478012e-18 	 2.693592e-18
1 	 387 	 2 	 2 	 -4.293136e-18 	 2.406631e-18
1 	 388 	 2 	 2 	 -4.108260e-18 	 2.119669e-18
1 	 389 	 2 	 2 	 -3.923384e-18 	 1.832708e-18
1 	 390 	 2 	 2 	 -3.738508e-18 	 1.545747e-18
1 	 391 	 2 	 2 	 -3.560029e-18 	 1.353082e-18
1 	 392 	 2 	 2 	 -3.382422e-18 	 1.173275e-18
1 	 393 	 2 	 2 	 -3.204815e-18 	 9.934694e-19
1 	 394 	 2 	 2 	 -3.027208e-18 	 8.136631e-19
1 	 395 	 2 	 2 	 -2.849601e-18 	 6.338570e-19
1 	 396 	 2 	 2 	 -2.690781e-18 	 5.133610e-19
1 	 397 	 2 	 2 	 -2.537894e-18 	 4.115945e-19
1 	 398 	 2 	 2 	 -2.385006e-18 	 3.098281e-19
1 	 399 	 2 	 2 	 -2.232119e-18 	 2.080616e-19
1 	 400 	 2 	 2 	 -2.079232e-18 	 1.062952e-19
1 	 401 	 2 	 2 	 -1.946821e-18 	 3.828634e-20
1 	 402 	 2 	 2 	 -1.825928e-18 	 -1.073383e-20
1 	 403 	 2 	 2 	 -1.705035e-18 	 -5.975401e-20
1 	 404 	 2 	 2 	 -1.584143e-18 	 -1.087742e-19
1 	 405 	 2 	 2 	 -1.463250e-18 	 -1.577944e-19
1 	 406 	 2 	 2 	 -1.358700e-18 	 -1.904328e-19
1 	 407 	 2 	 2 	 -1.269235e-18 	 -2.079498e-19
1 	 408 	 2 	 2 	 -1.179770e-18 	 -2.254668e-19
1 	 409 	 2 	 2 	 -1.090306e-18 	 -2.429837e-19
1 	 410 	 2 	 2 	 -1.000841e-18 	 -2.605007e-19
1 	 411 	 2 	 2 	 -9.217195e-19 	 -2.712979e-19
1 	 412 	 2 	 2 	 -8.581118e-19 	 -2.720156e-19
1 	 413 	 2 	 2 	 -7.945042e-19 	 -2.727333e-19
1 	 414 	 2 	 2 	 -7.308966e-19 	 -2.734510e-19
1 	 415 	 2 	 2 	 -6.672890e-19 	 -2.741687e-19
1 	 416 	 2 	 2 	 -6.093223e-19 	 -2.726531e-19
1 	 417 	 2 	 2 	 -5.658607e-19 	 -2.653948e-19
1 	 418 	 2 	 2 	 -5.223991e-19 	 -2.581364e-19
1 	 419 	 2 	 2 	 -4.789376e-19 	 -2.508781e-19
1 	 420 	 2 	 2 	 -4.354760e-19 	 -2.436198e-19
1 	 421 	 2 	 2 	 -3.944178e-19 	 -2.360089e-19
1 	 422 	 2 	 2 	 -3.659772e-19 	 -2.265469e-19
1 	 423 	 2 	 2 	 -3.375367e-19 	 -2.170850e-19
1 	 424 	 2 	 2 	 -3.090961e-19 	 -2.076230e-19
1 	 425 	 2 	 2 	 -2.806556e-19 	 -1.981611e-19
1 	 426 	 2 	 2 	 -2.526213e-19 	 -1.887188e-19
1 	 427 	 2 	 2 	 -2.343360e-19 	 -1.797499e-19
1 	 428 	 2 	 2 	 -2.160507e-19 	 -1.707810e-19
1 	 429 	 2 	 2 	 -1.977654e-19 	 -1.618120e-19
1 	 430 	 2 	 2 	 -1.794801e-19 	 -1.528431e-19
1 	 431 	 2 	 2 	 -1.611948e-19 	 -1.438741e-19
1 	 432 	 2 	 2 	 -1.493551e-19 	 -1.359976e-19
1 	 433 	 2 	 2 	 -1.380758e-19 	 -1.282161e-19
1 	 434 	 2 	 2 	 -1.267966e-19 	 -1.204345e-19
1 	 435 	 2 	 2 	 -1.155174e-19 	 -1.126530e-19
1 	 436 	 2 	 2 	 -1.042382e-19 	 -1.048715e-19
1 	 437 	 2 	 2 	 -9.677761e-20 	 -9.852080e-20
1 	 438 	 2 	 2 	 -9.027173e-20 	 -9.252789e-20
1 	 439 	 2 	 2 	 -8.376585e-20 	 -8.653497e-20
1 	 440 	 2 	 2 	 -7.725997e-20 	 -8.054205e-20
1 	 441 	 2 	 2 	 -7.075410e-20 	 -7.454913e-20
1 	 442 	 2 	 2 	 -6.601698e-20 	 -6.975104e-20
1 	 443 	 2 	 2 	 -6.211222e-20 	 -6.551522e-20
1 	 444 	 2 	 2 	 -5.820747e-20 	 -6.127939e-20
1 	 445 	 2 	 2 	 -5.430271e-20 	 -5.704358e-20
1 	 446 	 2 	 2 	 -5.039795e-20 	 -5.280776e-20
1 	 447 	 2 	 2 	 -4.725435e-20 	 -4.917489e-20
1 	 448 	 2 	 2 	 -4.470881e-20 	 -4.601576e-20
1 	 449 	 2 	 2 	 -4.216326e-20 	 -4.285663e-20
1 	 450 	 2 	 2 	 -3.961771e-20 	 -3.969750e-20
1 	 451 	 2 	 2 	 -3.707216e-20 	 -3.653838e-20
1 	 452 	 2 	 2 	 -3.494933e-20 	 -3.371108e-20
1 	 453 	 2 	 2 	 -3.336450e-20 	 -3.130611e-20
1 	 454 	 2 	 2 	 -3.177968e-20 	 -2.890115e-20
1 	 455 	 2 	 2 	 -3.019486e-20 	 -2.649618e-20
1 	 456 	 2 	 2 	 -2.861003e-20 	 -2.409122e-20
1 	 457 	 2 	 2 	 -2.722384e-20 	 -2.195061e-20
1 	 458 	 2 	 2 	 -2.625974e-20 	 -2.037176e-20
1 	 459 	 2 	 2 	 -2.529565e-20 	 -1.879291e-20
1 	 460 	 2 	 2 	 -2.433156e-20 	 -1.721406e-20
1 	 461 	 2 	 2 	 -2.336746e-20 	 -1.563520e-20
1 	 462 	 2 	 2 	 -2.244756e-20 	 -1.419620e-20
1 	 463 	 2 	 2 	 -2.170444e-20 	 -1.331660e-20
1 	 464 	 2 	 2 	 -2.096132e-20 	 -1.243700e-20
1 	 465 	 2 	 2 	 -2.021820e-20 	 -1.155739e-20
1 	 466 	 2 	 2 	 -1.947508e-20 	 -1.067779e-20
1 	 467 	 2 	 2 	 -1.874746e-20 	 -9.820474e-21
1 	 468 	 2 	 2 	 -1.819803e-20 	 -9.219469e-21
1 	 469 	 2 	 2 	 -1.764859e-20 	 -8.618464e-21
1 	 470 	 2 	 2 	 -1.709916e-20 	 -8.017459e-21
1 	 471 	 2 	 2 	 -1.654973e-20 	 -7.416455e-21
1 	 472 	 2 	 2 	 -1.600030e-20 	 -6.815450e-21
1 	 473 	 2 	 2 	 -1.588242e-20 	 -6.356103e-21
1 	 474 	 2 	 2 	 -1.578252e-20 	 -5.902658e-21
1 	 475 	 2 	 2 	 -1.568262e-20 	 -5.449213e-21
1 	 476 	 2 	 2 	 -1.558272e-20 	 -4.995769e-21
1 	 477 	 2 	 2 	 -1.548282e-20 	 -4.542324e-21
1 	 478 	 2 	 2 	 -1.562342e-20 	 -4.348115e-21
1 	 479 	 2 	 2 	 -1.580982e-20 	 -4.203285e-21
1 	 480 	 2 	 2 	 -1.599623e-20 	 -4.058454e-21
1 	 481 	 2 	 2 	 -1.618263e-20 	 -3.913624e-21
1 	 482 	 2 	 2 	 -1.636904e-20 	 -3.768793e-21
1 	 483 	 2 	 2 	 -1.643696e-20 	 -3.737144e-21
1 	 484 	 2 	 2 	 -1.645881e-20 	 -3.749510e-21
1 	 485 	 2 	 2 	 -1.648065e-20 	 -3.761877e-21
1 	 486 	 2 	 2 	 -1.650250e-20 	 -3.774243e-21
1 	 487 	 2 	 2 	 -1.652435e-20 	 -3.786609e-21
1 	 488 	 2 	 2 	 -1.642174e-20 	 -3.721617e-21
1 	 489 	 2 	 2 	 -1.623616e-20 	 -3.605053e-21
1 	 490 	 2 	 2 	 -1.605058e-20 	 -3.488489e-21
1 	 491 	 2 	 2 	 -1.586500e-20 	 -3.371924e-21
1 	 492 	 2 	 2 	 -1.567942e-20 	 -3.255360e-21
1 	 493 	 2 	 2 	 -1.551978e-20 	 -3.122686e-21
1 	 494 	 2 	 2 	 -1.538823e-20 	 -2.972560e-21
1 	 495 	 2 	 2 	 -1.525667e-20 	 -2.822433e-21
1 	 496 	 2 	 2 	 -1.512512e-20 	 -2.672307e-21
1 	 497 	 2 	 2 	 -1.499357e-20 	 -2.522180e-21
1 	 498 	 2 	 2 	 -1.491377e-20 	 -2.463075e-21
1 	 499 	 2 	 2 	 -1.492595e-20 	 -2.565786e-21
1 	 500 	 2 	 2 	 -1.493814e-20 	 -2.668497e-21
1 	 501 	 2 	 2 	 -1.495033e-20 	 -2.771208e-21
1 	 502 	 2 	 2 	 -1.496252e-20 	 -2.873919e-21
1 	 503 	 2 	 2 	 -1.498308e-20 	 -3.051539e-21
1 	 504 	 2 	 2 	 -1.503012e-20 	 -3.466369e-21
1 	 505 	 2 	 2 	 -1.507717e-20 	 -3.881200e-21
1 	 506 	 2 	 2 	 -1.512422e-20 	 -4.296030e-21
1 	 507 	 2 	 2 	 -1.517126e-20 	 -4.710860e-21
1 	 508 	 2 	 2 	 -1.520980e-20 	 -5.138292e-21
1 	 509 	 2 	 2 	 -1.518593e-20 	 -5.658139e-21
1 	 510 	 2 	 2 	 -1.516207e-20 	 -6.177986e-21
1 	 511 	 2 	 2 	 -1.513820e-20 	 -6.697833e-21
1 	 512 	 2 	 2 	 -1.511434e-20 	 -7.217679e-21
1 	 513 	 2 	 2 	 -1.509048e-20 	 -7.737527e-21
1 	 514 	 2 	 2 	 -1.499546e-20 	 -8.116634e-21
1 	 515 	 2 	 2 	 -1.490044e-20 	 -8.495741e-21
1 	 516 	 2 	 2 	 -1.480542e-20 	 -8.874849e-21
1 	 517 	 2 	 2 	 -1.471041e-20 	 -9.253956e-21
1 	 518 	 2 	 2 	 -1.461539e-20 	 -9.633064e-21
1 	 519 	 2 	 2 	 -1.450947e-20 	 -9.845775e-21
1 	 520 	 2 	 2 	 -1.440206e-20 	 -1.003580e-20
1 	 521 	 2 	 2 	 -1.429466e-20 	 -1.022582e-20
1 	 522 	 2 	 2 	 -1.418725e-20 	 -1.041584e-20
1 	 523 	 2 	 2 	 -1.407984e-20 	 -1.060586e-20
1 	 524 	 2 	 2 	 -1.395467e-20 	 -1.077374e-20
1 	 525 	 2 	 2 	 -1.382390e-20 	 -1.093462e-20
1 	 526 	 2 	 2 	 -1.369313e-20 	 -1.109551e-20
1 	 527 	 2 	 2 	 -1.356235e-20 	 -1.125640e-20
1 	 528 	 2 	 2 	 -1.343158e-20 	 -1.141729e-20
1 	 529 	 2 	 2 	 -1.322320e-20 	 -1.165698e-20
1 	 530 	 2 	 2 	 -1.297118e-20 	 -1.194101e-20
1 	 531 	 2 	 2 	 -1.271915e-20 	 -1.222504e-20
1 	 532 	 2 	 2 	 -1.246713e-20 	 -1.250907e-20
1 	 533 	 2 	 2 	 -1.221510e-20 	 -1.279310e-20
1 	 534 	 2 	 2 	 -1.187491e-20 	 -1.313606e-20
1 	 535 	 2 	 2 	 -1.145333e-20 	 -1.353342e-20
1 	 536 	 2 	 2 	 -1.103174e-20 	 -1.393077e-20
1 	 537 	 2 	 2 	 -1.061016e-20 	 -1.432813e-20
1 	 538 	 2 	 2 	 -1.018857e-20 	 -1.472549e-20
1 	 539 	 2 	 2 	 -9.732077e-21 	 -1.512205e-20
1 	 540 	 2 	 2 	 -9.223215e-21 	 -1.551744e-20
1 	 541 	 2 	 2 	 -8.714352e-21 	 -1.591283e-20
1 	 542 	 2 	 2 	 -8.205490e-21 	 -1.630822e-20
1 	 543 	 2 	 2 	 -7.696627e-21 	 -1.670361e-20
1 	 544 	 2 	 2 	 -7.198242e-21 	 -1.707310e-20
1 	 545 	 2 	 2 	 -6.726798e-21 	 -1.737601e-20
1 	 546 	 2 	 2 	 -6.255354e-21 	 -1.767892e-20
1 	 547 	 2 	 2 	 -5.783910e-21 	 -1.798183e-20
1 	 548 	 2 	 2 	 -5.312466e-21 	 -1.828474e-20
1 	 549 	 2 	 2 	 -4.853589e-21 	 -1.857018e-20
1 	 550 	 2 	 2 	 -4.460687e-21 	 -1.876389e-20
1 	 551 	 2 	 2 	 -4.067784e-21 	 -1.895761e-20
1 	 552 	 2 	 2 	 -3.674882e-21 	 -1.915133e-20
1 	 553 	 2 	 2 	 -3.281980e-21 	 -1.934504e-20
1 	 554 	 2 	 2 	 -2.889582e-21 	 -1.953517e-20
1 	 555 	 2 	 2 	 -2.509312e-21 	 -1.963920e-20
1 	 556 	 2 	 2 	 -2.129041e-21 	 -1.974324e-20
1 	 557 	 2 	 2 	 -1.748770e-21 	 -1.984727e-20
1 	 558 	 2 	 2 	 -1.368499e-21 	 -1.995130e-20
1 	 559 	 2 	 2 	 -9.882286e-22 	 -2.005533e-20
1 	 560 	 2 	 2 	 -5.323912e-22 	 -2.008996e-20
1 	 561 	 2 	 2 	 -6.998278e-23 	 -2.011855e-20
1 	 562 	 2 	 2 	 3.924256e-22 	 -2.014714e-20
1 	 563 	 2 	 2 	 8.548340e-22 	 -2.017572e-20
1 	 564 	 2 	 2 	 1.317243e-21 	 -2.020431e-20
1 	 565 	 2 	 2 	 1.869852e-21 	 -2.017817e-20
1 	 566 	 2 	 2 	 2.445011e-21 	 -2.013835e-20
1 	 567 	 2 	 2 	 3.020171e-21 	 -2.009853e-20
1 	 568 	 2 	 2 	 3.595330e-21 	 -2.005871e-20
1 	 569 	 2 	 2 	 4.170490e-21 	 -2.001889e-20
1 	 570 	 2 	 2 	 4.784335e-21 	 -1.994297e-20
1 	 571 	 2 	 2 	 5.416385e-21 	 -1.985006e-20
1 	 572 	 2 	 2 	 6.048436e-21 	 -1.975715e-20
1 	 573 	 2 	 2 	 6.680486e-21 	 -1.966424e-20
1 	 574 	 2 	 2 	 7.312536e-21 	 -1.957132e-20
1 	 575 	 2 	 2 	 7.927096e-21 	 -1.946377e-20
1 	 576 	 2 	 2 	 8.527912e-21 	 -1.934472e-20
1 	 577 	 2 	 2 	 9.128729e-21 	 -1.922566e-20
1 	 578 	 2 	 2 	 9.729546e-21 	 -1.910661e-20
1 	 579 	 2 	 2 	 1.033036e-20 	 -1.898755e-20
1 	 580 	 2 	 2 	 1.089327e-20 	 -1.886480e-20
1 	 581 	 2 	 2 	 1.140794e-20 	 -1.873734e-20
1 	 582 	 2 	 2 	 1.192261e-20 	 -1.860988e-20
1 	 583 	 2 	 2 	 1.243727e-20 	 -1.848242e-20
1 	 584 	 2 	 2 	 1.295194e-20 	 -1.835496e-20
1 	 585 	 2 	 2 	 1.343947e-20 	 -1.821988e-20
1 	 586 	 2 	 2 	 1.386933e-20 	 -1.806860e-20
1 	 587 	 2 	 2 	 1.429920e-20 	 -1.791733e-20
1 	 588 	 2 	 2 	 1.472906e-20 	 -1.776605e-20
1 	 589 	 2 	 2 	 1.515892e-20 	 -1.761478e-20
1 	 590 	 2 	 2 	 1.557851e-20 	 -1.745089e-20
1 	 591 	 2 	 2 	 1.595698e-20 	 -1.723658e-20
1 	 592 	 2 	 2 	 1.633545e-20 	 -1.702227e-20
1 	 593 	 2 	 2 	 1.671393e-20 	 -1.680795e-20
1 	 594 	 2 	 2 	 1.709240e-20 	 -1.659364e-20
1 	 595 	 2 	 2 	 1.746883e-20 	 -1.637187e-20
1 	 596 	 2 	 2 	 1.782183e-20 	 -1.606437e-20
1 	 597 	 2 	 2 	 1.817482e-20 	 -1.575687e-20
1 	 598 	 2 	 2 	 1.852782e-20 	 -1.544938e-20
1 	 599 	 2 	 2 	 1.888081e-20 	 -1.514188e-20
1 	 600 	 2 	 2 	 1.923381e-20 	 -1.483438e-20
1 	 601 	 2 	 2 	 1.956590e-20 	 -1.444263e-20
1 	 602 	 2 	 2 	 1.989711e-20 	 -1.404737e-20
1 	 603 	 2 	 2 	 2.022833e-20 	 -1.365211e-20
1 	 604 	 2 	 2 	 2.055955e-20 	 -1.325685e-20
1 	 605 	 2 	 2 	 2.089077e-20 	 -1.286159e-20
1 	 606 	 2 	 2 	 2.119443e-20 	 -1.242698e-20
1 	 607 	 2 	 2 	 2.149284e-20 	 -1.198487e-20
1 	 608 	 2 	 2 	 2.179125e-20 	 -1.154276e-20
1 	 609 	 2 	 2 	 2.208966e-20 	 -1.110065e-20
1 	 610 	 2 	 2 	 2.238807e-20 	 -1.065854e-20
1 	 611 	 2 	 2 	 2.265119e-20 	 -1.021633e-20
1 	 612 	 2 	 2 	 2.290058e-20 	 -9.774087e-21
1 	 613 	 2 	 2 	 2.314998e-20 	 -9.331840e-21
1 	 614 	 2 	 2 	 2.339937e-20 	 -8.889592e-21
1 	 615 	 2 	 2 	 2.364876e-20 	 -8.447344e-21
1 	 616 	 2 	 2 	 2.386029e-20 	 -8.017939e-21
1 	 617 	 2 	 2 	 2.404658e-20 	 -7.597096e-21
1 	 618 	 2 	 2 	 2.423286e-20 	 -7.176253e-21
1 	 619 	 2 	 2 	 2.441915e-20 	 -6.755410e-21
1 	 620 	 2 	 2 	 2.460543e-20 	 -6.334566e-21
1 	 621 	 2 	 2 	 2.475370e-20 	 -5.920971e-21
1 	 622 	 2 	 2 	 2.486078e-20 	 -5.515229e-21
1 	 623 	 2 	 2 	 2.496786e-20 	 -5.109487e-21
1 	 624 	 2 	 2 	 2.507494e-20 	 -4.703744e-21
1 	 625 	 2 	 2 	 2.518202e-20 	 -4.298002e-21
1 	 626 	 2 	 2 	 2.525363e-20 	 -3.890989e-21
1 	 627 	 2 	 2 	 2.526220e-20 	 -3.481719e-21
1 	 628 	 2 	 2 	 2.527077e-20 	 -3.072449e-21
1 	 629 	 2 	 2 	 2.527933e-20 	 -2.663179e-21
1 	 630 	 2 	 2 	 2.528790e-20 	 -2.253909e-21
1 	 631 	 2 	 2 	 2.527158e-20 	 -1.841607e-21
1 	 632 	 2 	 2 	 2.517644e-20 	 -1.419704e-21
1 	 633 	 2 	 2 	 2.508130e-20 	 -9.978014e-22
1 	 634 	 2 	 2 	 2.498616e-20 	 -5.758988e-22
1 	 635 	 2 	 2 	 2.489101e-20 	 -1.539961e-22
1 	 636 	 2 	 2 	 2.478480e-20 	 2.675771e-22
1 	 637 	 2 	 2 	 2.459736e-20 	 6.867344e-22
1 	 638 	 2 	 2 	 2.440992e-20 	 1.105892e-21
1 	 639 	 2 	 2 	 2.422248e-20 	 1.525049e-21
1 	 640 	 2 	 2 	 2.403504e-20 	 1.944207e-21
1 	 641 	 2 	 2 	 2.384760e-20 	 2.363364e-21
1 	 1 	 2 	 3 	 -1.709040e-20 	 7.795394e-22
1 	 2 	 2 	 3 	 -1.719484e-20 	 1.101662e-21
1 	 3 	 2 	 3 	 -1.729928e-20 	 1.423784e-21
1 	 4 	 2 	 3 	 -1.740372e-20 	 1.745906e-21
1 	 5 	 2 	 3 	 -1.750815e-20 	 2.068028e-21
1 	 6 	 2 	 3 	 -1.761259e-20 	 2.390150e-21
1 	 7 	 2 	 3 	 -1.766861e-20 	 2.728191e-21
1 	 8 	 2 	 3 	 -1.771802e-20 	 3.068402e-21
1 	 9 	 2 	 3 	 -1.776743e-20 	 3.408613e-21
1 	 10 	 2 	 3 	 -1.781685e-20 	 3.748824e-21
1 	 11 	 2 	 3 	 -1.786626e-20 	 4.089035e-21
1 	 12 	 2 	 3 	 -1.786930e-20 	 4.438109e-21
1 	 13 	 2 	 3 	 -1.785769e-20 	 4.789982e-21
1 	 14 	 2 	 3 	 -1.784609e-20 	 5.141856e-21
1 	 15 	 2 	 3 	 -1.783448e-20 	 5.493729e-21
1 	 16 	 2 	 3 	 -1.782288e-20 	 5.845602e-21
1 	 17 	 2 	 3 	 -1.777132e-20 	 6.199029e-21
1 	 18 	 2 	 3 	 -1.769730e-20 	 6.553330e-21
1 	 19 	 2 	 3 	 -1.762328e-20 	 6.907632e-21
1 	 20 	 2 	 3 	 -1.754925e-20 	 7.261932e-21
1 	 21 	 2 	 3 	 -1.747523e-20 	 7.616234e-21
1 	 22 	 2 	 3 	 -1.736767e-20 	 7.966947e-21
1 	 23 	 2 	 3 	 -1.722914e-20 	 8.314349e-21
1 	 24 	 2 	 3 	 -1.709062e-20 	 8.661752e-21
1 	 25 	 2 	 3 	 -1.695209e-20 	 9.009153e-21
1 	 26 	 2 	 3 	 -1.681357e-20 	 9.356555e-21
1 	 27 	 2 	 3 	 -1.664869e-20 	 9.697286e-21
1 	 28 	 2 	 3 	 -1.644428e-20 	 1.002801e-20
1 	 29 	 2 	 3 	 -1.623987e-20 	 1.035874e-20
1 	 30 	 2 	 3 	 -1.603546e-20 	 1.068946e-20
1 	 31 	 2 	 3 	 -1.583106e-20 	 1.102019e-20
1 	 32 	 2 	 3 	 -1.560933e-20 	 1.134347e-20
1 	 33 	 2 	 3 	 -1.534309e-20 	 1.164761e-20
1 	 34 	 2 	 3 	 -1.507685e-20 	 1.195174e-20
1 	 35 	 2 	 3 	 -1.481061e-20 	 1.225588e-20
1 	 36 	 2 	 3 	 -1.454436e-20 	 1.256001e-20
1 	 37 	 2 	 3 	 -1.426922e-20 	 1.285837e-20
1 	 38 	 2 	 3 	 -1.394738e-20 	 1.312641e-20
1 	 39 	 2 	 3 	 -1.362554e-20 	 1.339444e-20
1 	 40 	 2 	 3 	 -1.330369e-20 	 1.366248e-20
1 	 41 	 2 	 3 	 -1.298185e-20 	 1.393051e-20
1 	 42 	 2 	 3 	 -1.265809e-20 	 1.419678e-20
1 	 43 	 2 	 3 	 -1.228838e-20 	 1.442060e-20
1 	 44 	 2 	 3 	 -1.191866e-20 	 1.464442e-20
1 	 45 	 2 	 3 	 -1.154894e-20 	 1.486824e-20
1 	 46 	 2 	 3 	 -1.117923e-20 	 1.509205e-20
1 	 47 	 2 	 3 	 -1.080951e-20 	 1.531587e-20
1 	 48 	 2 	 3 	 -1.040586e-20 	 1.549412e-20
1 	 49 	 2 	 3 	 -9.999264e-21 	 1.566840e-20
1 	 50 	 2 	 3 	 -9.592664e-21 	 1.584269e-20
1 	 51 	 2 	 3 	 -9.186064e-21 	 1.601697e-20
1 	 52 	 2 	 3 	 -8.779463e-21 	 1.619126e-20
1 	 53 	 2 	 3 	 -8.352505e-21 	 1.632192e-20
1 	 54 	 2 	 3 	 -7.920456e-21 	 1.644167e-20
1 	 55 	 2 	 3 	 -7.488407e-21 	 1.656142e-20
1 	 56 	 2 	 3 	 -7.056359e-21 	 1.668117e-20
1 	 57 	 2 	 3 	 -6.624310e-21 	 1.680092e-20
1 	 58 	 2 	 3 	 -6.182493e-21 	 1.688083e-20
1 	 59 	 2 	 3 	 -5.736078e-21 	 1.694198e-20
1 	 60 	 2 	 3 	 -5.289664e-21 	 1.700314e-20
1 	 61 	 2 	 3 	 -4.843249e-21 	 1.706429e-20
1 	 62 	 2 	 3 	 -4.396835e-21 	 1.712544e-20
1 	 63 	 2 	 3 	 -3.948484e-21 	 1.715394e-20
1 	 64 	 2 	 3 	 -3.498613e-21 	 1.715679e-20
1 	 65 	 2 	 3 	 -3.048741e-21 	 1.715963e-20
1 	 66 	 2 	 3 	 -2.598869e-21 	 1.716247e-20
1 	 67 	 2 	 3 	 -2.148997e-21 	 1.716532e-20
1 	 68 	 2 	 3 	 -1.702248e-21 	 1.714285e-20
1 	 69 	 2 	 3 	 -1.259471e-21 	 1.708816e-20
1 	 70 	 2 	 3 	 -8.166951e-22 	 1.703348e-20
1 	 71 	 2 	 3 	 -3.739188e-22 	 1.697879e-20
1 	 72 	 2 	 3 	 6.885755e-23 	 1.692411e-20
1 	 73 	 2 	 3 	 5.057292e-22 	 1.685153e-20
1 	 74 	 2 	 3 	 9.300533e-22 	 1.674092e-20
1 	 75 	 2 	 3 	 1.354377e-21 	 1.663031e-20
1 	 76 	 2 	 3 	 1.778701e-21 	 1.651971e-20
1 	 77 	 2 	 3 	 2.203026e-21 	 1.640910e-20
1 	 78 	 2 	 3 	 2.621868e-21 	 1.628861e-20
1 	 79 	 2 	 3 	 3.018784e-21 	 1.612856e-20
1 	 80 	 2 	 3 	 3.415699e-21 	 1.596851e-20
1 	 81 	 2 	 3 	 3.812615e-21 	 1.580846e-20
1 	 82 	 2 	 3 	 4.209531e-21 	 1.564841e-20
1 	 83 	 2 	 3 	 4.603720e-21 	 1.548487e-20
1 	 84 	 2 	 3 	 4.966562e-21 	 1.528127e-20
1 	 85 	 2 	 3 	 5.329404e-21 	 1.507767e-20
1 	 86 	 2 	 3 	 5.692247e-21 	 1.487407e-20
1 	 87 	 2 	 3 	 6.055089e-21 	 1.467047e-20
1 	 88 	 2 	 3 	 6.417931e-21 	 1.446687e-20
1 	 89 	 2 	 3 	 6.740242e-21 	 1.422652e-20
1 	 90 	 2 	 3 	 7.060865e-21 	 1.398463e-20
1 	 91 	 2 	 3 	 7.381488e-21 	 1.374274e-20
1 	 92 	 2 	 3 	 7.702111e-21 	 1.350085e-20
1 	 93 	 2 	 3 	 8.022734e-21 	 1.325897e-20
1 	 94 	 2 	 3 	 8.304057e-21 	 1.299400e-20
1 	 95 	 2 	 3 	 8.577894e-21 	 1.272463e-20
1 	 96 	 2 	 3 	 8.851732e-21 	 1.245527e-20
1 	 97 	 2 	 3 	 9.125569e-21 	 1.218590e-20
1 	 98 	 2 	 3 	 9.399406e-21 	 1.191654e-20
1 	 99 	 2 	 3 	 9.639519e-21 	 1.163533e-20
1 	 100 	 2 	 3 	 9.866516e-21 	 1.134951e-20
1 	 101 	 2 	 3 	 1.009351e-20 	 1.106370e-20
1 	 102 	 2 	 3 	 1.032051e-20 	 1.077788e-20
1 	 103 	 2 	 3 	 1.054751e-20 	 1.049207e-20
1 	 104 	 2 	 3 	 1.074508e-20 	 1.020067e-20
1 	 105 	 2 	 3 	 1.092303e-20 	 9.905558e-21
1 	 106 	 2 	 3 	 1.110098e-20 	 9.610444e-21
1 	 107 	 2 	 3 	 1.127893e-20 	 9.315328e-21
1 	 108 	 2 	 3 	 1.145689e-20 	 9.020214e-21
1 	 109 	 2 	 3 	 1.161124e-20 	 8.723813e-21
1 	 110 	 2 	 3 	 1.174002e-20 	 8.426017e-21
1 	 111 	 2 	 3 	 1.186880e-20 	 8.128222e-21
1 	 112 	 2 	 3 	 1.199758e-20 	 7.830426e-21
1 	 113 	 2 	 3 	 1.212636e-20 	 7.532631e-21
1 	 114 	 2 	 3 	 1.223921e-20 	 7.235879e-21
1 	 115 	 2 	 3 	 1.232377e-20 	 6.940983e-21
1 	 116 	 2 	 3 	 1.240832e-20 	 6.646087e-21
1 	 117 	 2 	 3 	 1.249287e-20 	 6.351192e-21
1 	 118 	 2 	 3 	 1.257742e-20 	 6.056296e-21
1 	 119 	 2 	 3 	 1.265176e-20 	 5.763137e-21
1 	 120 	 2 	 3 	 1.269373e-20 	 5.475476e-21
1 	 121 	 2 	 3 	 1.273571e-20 	 5.187815e-21
1 	 122 	 2 	 3 	 1.277768e-20 	 4.900154e-21
1 	 123 	 2 	 3 	 1.281965e-20 	 4.612494e-21
1 	 124 	 2 	 3 	 1.285621e-20 	 4.326542e-21
1 	 125 	 2 	 3 	 1.285307e-20 	 4.053126e-21
1 	 126 	 2 	 3 	 1.284992e-20 	 3.779709e-21
1 	 127 	 2 	 3 	 1.284677e-20 	 3.506292e-21
1 	 128 	 2 	 3 	 1.284362e-20 	 3.232876e-21
1 	 129 	 2 	 3 	 1.284048e-20 	 2.959459e-21
1 	 130 	 2 	 3 	 1.279504e-20 	 2.711291e-21
1 	 131 	 2 	 3 	 1.274961e-20 	 2.463123e-21
1 	 132 	 2 	 3 	 1.270418e-20 	 2.214955e-21
1 	 133 	 2 	 3 	 1.265875e-20 	 1.966787e-21
1 	 134 	 2 	 3 	 1.261332e-20 	 1.718619e-21
1 	 135 	 2 	 3 	 1.254114e-20 	 1.501361e-21
1 	 136 	 2 	 3 	 1.246531e-20 	 1.288318e-21
1 	 137 	 2 	 3 	 1.238949e-20 	 1.075275e-21
1 	 138 	 2 	 3 	 1.231367e-20 	 8.622320e-22
1 	 139 	 2 	 3 	 1.223784e-20 	 6.491890e-22
1 	 140 	 2 	 3 	 1.214892e-20 	 4.621817e-22
1 	 141 	 2 	 3 	 1.205587e-20 	 2.833963e-22
1 	 142 	 2 	 3 	 1.196281e-20 	 1.046108e-22
1 	 143 	 2 	 3 	 1.186976e-20 	 -7.417460e-23
1 	 144 	 2 	 3 	 1.177670e-20 	 -2.529600e-22
1 	 145 	 2 	 3 	 1.167432e-20 	 -4.183283e-22
1 	 146 	 2 	 3 	 1.156669e-20 	 -5.761494e-22
1 	 147 	 2 	 3 	 1.145907e-20 	 -7.339705e-22
1 	 148 	 2 	 3 	 1.135144e-20 	 -8.917917e-22
1 	 149 	 2 	 3 	 1.124381e-20 	 -1.049613e-21
1 	 150 	 2 	 3 	 1.112222e-20 	 -1.201164e-21
1 	 151 	 2 	 3 	 1.098775e-20 	 -1.346928e-21
1 	 152 	 2 	 3 	 1.085327e-20 	 -1.492691e-21
1 	 153 	 2 	 3 	 1.071879e-20 	 -1.638455e-21
1 	 154 	 2 	 3 	 1.058432e-20 	 -1.784219e-21
1 	 155 	 2 	 3 	 1.043396e-20 	 -1.918723e-21
1 	 156 	 2 	 3 	 1.025978e-20 	 -2.036337e-21
1 	 157 	 2 	 3 	 1.008560e-20 	 -2.153951e-21
1 	 158 	 2 	 3 	 9.911420e-21 	 -2.271565e-21
1 	 159 	 2 	 3 	 9.737241e-21 	 -2.389180e-21
1 	 160 	 2 	 3 	 9.555196e-21 	 -2.491193e-21
1 	 161 	 2 	 3 	 9.352928e-21 	 -2.553090e-21
1 	 162 	 2 	 3 	 9.150660e-21 	 -2.614988e-21
1 	 163 	 2 	 3 	 8.948392e-21 	 -2.676885e-21
1 	 164 	 2 	 3 	 8.746124e-21 	 -2.738782e-21
1 	 165 	 2 	 3 	 8.544246e-21 	 -2.792310e-21
1 	 166 	 2 	 3 	 8.344416e-21 	 -2.801902e-21
1 	 167 	 2 	 3 	 8.144586e-21 	 -2.811494e-21
1 	 168 	 2 	 3 	 7.944756e-21 	 -2.821085e-21
1 	 169 	 2 	 3 	 7.744927e-21 	 -2.830677e-21
1 	 170 	 2 	 3 	 7.545333e-21 	 -2.839799e-21
1 	 171 	 2 	 3 	 7.351426e-21 	 -2.837648e-21
1 	 172 	 2 	 3 	 7.157520e-21 	 -2.835498e-21
1 	 173 	 2 	 3 	 6.963612e-21 	 -2.833347e-21
1 	 174 	 2 	 3 	 6.769705e-21 	 -2.831196e-21
1 	 175 	 2 	 3 	 6.575797e-21 	 -2.829046e-21
1 	 176 	 2 	 3 	 6.342099e-21 	 -2.833736e-21
1 	 177 	 2 	 3 	 6.104940e-21 	 -2.839022e-21
1 	 178 	 2 	 3 	 5.867782e-21 	 -2.844308e-21
1 	 179 	 2 	 3 	 5.630623e-21 	 -2.849593e-21
1 	 180 	 2 	 3 	 5.393464e-21 	 -2.854879e-21
1 	 181 	 2 	 3 	 5.083373e-21 	 -2.824784e-21
1 	 182 	 2 	 3 	 4.755048e-21 	 -2.785845e-21
1 	 183 	 2 	 3 	 4.426723e-21 	 -2.746905e-21
1 	 184 	 2 	 3 	 4.098398e-21 	 -2.707965e-21
1 	 185 	 2 	 3 	 3.770073e-21 	 -2.669025e-21
1 	 186 	 2 	 3 	 3.398860e-21 	 -2.558338e-21
1 	 187 	 2 	 3 	 3.007465e-21 	 -2.413886e-21
1 	 188 	 2 	 3 	 2.616070e-21 	 -2.269434e-21
1 	 189 	 2 	 3 	 2.224674e-21 	 -2.124982e-21
1 	 190 	 2 	 3 	 1.833279e-21 	 -1.980531e-21
1 	 191 	 2 	 3 	 1.430315e-21 	 -1.800230e-21
1 	 192 	 2 	 3 	 1.018262e-21 	 -1.591762e-21
1 	 193 	 2 	 3 	 6.062086e-22 	 -1.383294e-21
1 	 194 	 2 	 3 	 1.941553e-22 	 -1.174826e-21
1 	 195 	 2 	 3 	 -2.178981e-22 	 -9.663578e-22
1 	 196 	 2 	 3 	 -6.852646e-22 	 -7.654667e-22
1 	 197 	 2 	 3 	 -1.223030e-21 	 -5.742192e-22
1 	 198 	 2 	 3 	 -1.760795e-21 	 -3.829716e-22
1 	 199 	 2 	 3 	 -2.298560e-21 	 -1.917241e-22
1 	 200 	 2 	 3 	 -2.836325e-21 	 -4.764930e-25
1 	 201 	 2 	 3 	 -3.485506e-21 	 2.134814e-22
1 	 202 	 2 	 3 	 -4.371446e-21 	 4.756989e-22
1 	 203 	 2 	 3 	 -5.257386e-21 	 7.379163e-22
1 	 204 	 2 	 3 	 -6.143326e-21 	 1.000134e-21
1 	 205 	 2 	 3 	 -7.029265e-21 	 1.262351e-21
1 	 206 	 2 	 3 	 -8.009074e-21 	 1.587923e-21
1 	 207 	 2 	 3 	 -9.364357e-21 	 2.166912e-21
1 	 208 	 2 	 3 	 -1.071964e-20 	 2.745900e-21
1 	 209 	 2 	 3 	 -1.207492e-20 	 3.324889e-21
1 	 210 	 2 	 3 	 -1.343020e-20 	 3.903878e-21
1 	 211 	 2 	 3 	 -1.482898e-20 	 4.520842e-21
1 	 212 	 2 	 3 	 -1.672796e-20 	 5.574516e-21
1 	 213 	 2 	 3 	 -1.862694e-20 	 6.628190e-21
1 	 214 	 2 	 3 	 -2.052592e-20 	 7.681864e-21
1 	 215 	 2 	 3 	 -2.242490e-20 	 8.735538e-21
1 	 216 	 2 	 3 	 -2.432387e-20 	 9.789212e-21
1 	 217 	 2 	 3 	 -2.714744e-20 	 1.150846e-20
1 	 218 	 2 	 3 	 -3.000954e-20 	 1.325544e-20
1 	 219 	 2 	 3 	 -3.287164e-20 	 1.500242e-20
1 	 220 	 2 	 3 	 -3.573373e-20 	 1.674941e-20
1 	 221 	 2 	 3 	 -3.859583e-20 	 1.849639e-20
1 	 222 	 2 	 3 	 -4.281221e-20 	 2.162621e-20
1 	 223 	 2 	 3 	 -4.728656e-20 	 2.501943e-20
1 	 224 	 2 	 3 	 -5.176091e-20 	 2.841265e-20
1 	 225 	 2 	 3 	 -5.623525e-20 	 3.180587e-20
1 	 226 	 2 	 3 	 -6.070960e-20 	 3.519909e-20
1 	 227 	 2 	 3 	 -6.641244e-20 	 4.105710e-20
1 	 228 	 2 	 3 	 -7.259303e-20 	 4.787364e-20
1 	 229 	 2 	 3 	 -7.877362e-20 	 5.469018e-20
1 	 230 	 2 	 3 	 -8.495421e-20 	 6.150673e-20
1 	 231 	 2 	 3 	 -9.113480e-20 	 6.832326e-20
1 	 232 	 2 	 3 	 -9.801846e-20 	 7.846165e-20
1 	 233 	 2 	 3 	 -1.053708e-19 	 9.081459e-20
1 	 234 	 2 	 3 	 -1.127232e-19 	 1.031675e-19
1 	 235 	 2 	 3 	 -1.200756e-19 	 1.155205e-19
1 	 236 	 2 	 3 	 -1.274279e-19 	 1.278734e-19
1 	 237 	 2 	 3 	 -1.348587e-19 	 1.443883e-19
1 	 238 	 2 	 3 	 -1.423742e-19 	 1.654121e-19
1 	 239 	 2 	 3 	 -1.498898e-19 	 1.864358e-19
1 	 240 	 2 	 3 	 -1.574054e-19 	 2.074596e-19
1 	 241 	 2 	 3 	 -1.649210e-19 	 2.284834e-19
1 	 242 	 2 	 3 	 -1.712908e-19 	 2.543642e-19
1 	 243 	 2 	 3 	 -1.756239e-19 	 2.888798e-19
1 	 244 	 2 	 3 	 -1.799570e-19 	 3.233954e-19
1 	 245 	 2 	 3 	 -1.842900e-19 	 3.579111e-19
1 	 246 	 2 	 3 	 -1.886231e-19 	 3.924267e-19
1 	 247 	 2 	 3 	 -1.903588e-19 	 4.312369e-19
1 	 248 	 2 	 3 	 -1.838695e-19 	 4.836466e-19
1 	 249 	 2 	 3 	 -1.773802e-19 	 5.360563e-19
1 	 250 	 2 	 3 	 -1.708908e-19 	 5.884660e-19
1 	 251 	 2 	 3 	 -1.644016e-19 	 6.408757e-19
1 	 252 	 2 	 3 	 -1.552678e-19 	 6.956370e-19
1 	 253 	 2 	 3 	 -1.267415e-19 	 7.676437e-19
1 	 254 	 2 	 3 	 -9.821519e-20 	 8.396505e-19
1 	 255 	 2 	 3 	 -6.968889e-20 	 9.116573e-19
1 	 256 	 2 	 3 	 -4.116258e-20 	 9.836640e-19
1 	 257 	 2 	 3 	 -1.263627e-20 	 1.055671e-18
1 	 258 	 2 	 3 	 5.295006e-20 	 1.145424e-18
1 	 259 	 2 	 3 	 1.185364e-19 	 1.235177e-18
1 	 260 	 2 	 3 	 1.841227e-19 	 1.324930e-18
1 	 261 	 2 	 3 	 2.497091e-19 	 1.414683e-18
1 	 262 	 2 	 3 	 3.152954e-19 	 1.504436e-18
1 	 263 	 2 	 3 	 4.301013e-19 	 1.600606e-18
1 	 264 	 2 	 3 	 5.516190e-19 	 1.697651e-18
1 	 265 	 2 	 3 	 6.731367e-19 	 1.794697e-18
1 	 266 	 2 	 3 	 7.946544e-19 	 1.891742e-18
1 	 267 	 2 	 3 	 9.161721e-19 	 1.988787e-18
1 	 268 	 2 	 3 	 1.091079e-18 	 2.073507e-18
1 	 269 	 2 	 3 	 1.282845e-18 	 2.154335e-18
1 	 270 	 2 	 3 	 1.474612e-18 	 2.235162e-18
1 	 271 	 2 	 3 	 1.666379e-18 	 2.315990e-18
1 	 272 	 2 	 3 	 1.858145e-18 	 2.396817e-18
1 	 273 	 2 	 3 	 2.095348e-18 	 2.447076e-18
1 	 274 	 2 	 3 	 2.358109e-18 	 2.480140e-18
1 	 275 	 2 	 3 	 2.620870e-18 	 2.513204e-18
1 	 276 	 2 	 3 	 2.883631e-18 	 2.546268e-18
1 	 277 	 2 	 3 	 3.146392e-18 	 2.579332e-18
1 	 278 	 2 	 3 	 3.436399e-18 	 2.569714e-18
1 	 279 	 2 	 3 	 3.751557e-18 	 2.520698e-18
1 	 280 	 2 	 3 	 4.066714e-18 	 2.471682e-18
1 	 281 	 2 	 3 	 4.381872e-18 	 2.422665e-18
1 	 282 	 2 	 3 	 4.697029e-18 	 2.373649e-18
1 	 283 	 2 	 3 	 5.013686e-18 	 2.282317e-18
1 	 284 	 2 	 3 	 5.332592e-18 	 2.127512e-18
1 	 285 	 2 	 3 	 5.651498e-18 	 1.972707e-18
1 	 286 	 2 	 3 	 5.970404e-18 	 1.817902e-18
1 	 287 	 2 	 3 	 6.289309e-18 	 1.663096e-18
1 	 288 	 2 	 3 	 6.589198e-18 	 1.482026e-18
1 	 289 	 2 	 3 	 6.840186e-18 	 1.233414e-18
1 	 290 	 2 	 3 	 7.091175e-18 	 9.848031e-19
1 	 291 	 2 	 3 	 7.342163e-18 	 7.361918e-19
1 	 292 	 2 	 3 	 7.593151e-18 	 4.875806e-19
1 	 293 	 2 	 3 	 7.821684e-18 	 2.325521e-19
1 	 294 	 2 	 3 	 7.932327e-18 	 -5.616657e-20
1 	 295 	 2 	 3 	 8.042970e-18 	 -3.448853e-19
1 	 296 	 2 	 3 	 8.153614e-18 	 -6.336040e-19
1 	 297 	 2 	 3 	 8.264256e-18 	 -9.223227e-19
1 	 298 	 2 	 3 	 8.367144e-18 	 -1.209010e-18
1 	 299 	 2 	 3 	 8.283906e-18 	 -1.446941e-18
1 	 300 	 2 	 3 	 8.200669e-18 	 -1.684871e-18
1 	 301 	 2 	 3 	 8.117430e-18 	 -1.922802e-18
1 	 302 	 2 	 3 	 8.034192e-18 	 -2.160733e-18
1 	 303 	 2 	 3 	 7.950954e-18 	 -2.398663e-18
1 	 304 	 2 	 3 	 7.684700e-18 	 -2.500126e-18
1 	 305 	 2 	 3 	 7.402531e-18 	 -2.589722e-18
1 	 306 	 2 	 3 	 7.120363e-18 	 -2.679317e-18
1 	 307 	 2 	 3 	 6.838194e-18 	 -2.768913e-18
1 	 308 	 2 	 3 	 6.556026e-18 	 -2.858509e-18
1 	 309 	 2 	 3 	 6.145210e-18 	 -2.789941e-18
1 	 310 	 2 	 3 	 5.702234e-18 	 -2.681833e-18
1 	 311 	 2 	 3 	 5.259257e-18 	 -2.573725e-18
1 	 312 	 2 	 3 	 4.816280e-18 	 -2.465617e-18
1 	 313 	 2 	 3 	 4.373303e-18 	 -2.357508e-18
1 	 314 	 2 	 3 	 3.863792e-18 	 -2.132336e-18
1 	 315 	 2 	 3 	 3.322970e-18 	 -1.852075e-18
1 	 316 	 2 	 3 	 2.782149e-18 	 -1.571814e-18
1 	 317 	 2 	 3 	 2.241327e-18 	 -1.291553e-18
1 	 318 	 2 	 3 	 1.700505e-18 	 -1.011292e-18
1 	 319 	 2 	 3 	 1.142130e-18 	 -6.935068e-19
1 	 320 	 2 	 3 	 5.699623e-19 	 -3.462390e-19
1 	 321 	 2 	 3 	 -2.205300e-21 	 1.028888e-21
1 	 322 	 2 	 3 	 -5.743729e-19 	 3.482967e-19
1 	 323 	 2 	 3 	 -1.146541e-18 	 6.955645e-19
1 	 324 	 2 	 3 	 -1.704775e-18 	 1.013084e-18
1 	 325 	 2 	 3 	 -2.245277e-18 	 1.292743e-18
1 	 326 	 2 	 3 	 -2.785778e-18 	 1.572401e-18
1 	 327 	 2 	 3 	 -3.326280e-18 	 1.852060e-18
1 	 328 	 2 	 3 	 -3.866782e-18 	 2.131718e-18
1 	 329 	 2 	 3 	 -4.376195e-18 	 2.356720e-18
1 	 330 	 2 	 3 	 -4.819548e-18 	 2.465577e-18
1 	 331 	 2 	 3 	 -5.262900e-18 	 2.574433e-18
1 	 332 	 2 	 3 	 -5.706252e-18 	 2.683289e-18
1 	 333 	 2 	 3 	 -6.149604e-18 	 2.792145e-18
1 	 334 	 2 	 3 	 -6.560668e-18 	 2.861002e-18
1 	 335 	 2 	 3 	 -6.842578e-18 	 2.769862e-18
1 	 336 	 2 	 3 	 -7.124488e-18 	 2.678721e-18
1 	 337 	 2 	 3 	 -7.406398e-18 	 2.587581e-18
1 	 338 	 2 	 3 	 -7.688308e-18 	 2.496440e-18
1 	 339 	 2 	 3 	 -7.954271e-18 	 2.393638e-18
1 	 340 	 2 	 3 	 -8.036829e-18 	 2.156728e-18
1 	 341 	 2 	 3 	 -8.119388e-18 	 1.919818e-18
1 	 342 	 2 	 3 	 -8.201947e-18 	 1.682909e-18
1 	 343 	 2 	 3 	 -8.284506e-18 	 1.445999e-18
1 	 344 	 2 	 3 	 -8.367065e-18 	 1.209089e-18
1 	 345 	 2 	 3 	 -8.264885e-18 	 9.215241e-19
1 	 346 	 2 	 3 	 -8.155008e-18 	 6.318485e-19
1 	 347 	 2 	 3 	 -8.045131e-18 	 3.421731e-19
1 	 348 	 2 	 3 	 -7.935254e-18 	 5.249757e-20
1 	 349 	 2 	 3 	 -7.825378e-18 	 -2.371779e-19
1 	 350 	 2 	 3 	 -7.595630e-18 	 -4.922878e-19
1 	 351 	 2 	 3 	 -7.343049e-18 	 -7.408137e-19
1 	 352 	 2 	 3 	 -7.090468e-18 	 -9.893395e-19
1 	 353 	 2 	 3 	 -6.837888e-18 	 -1.237866e-18
1 	 354 	 2 	 3 	 -6.585307e-18 	 -1.486391e-18
1 	 355 	 2 	 3 	 -6.285516e-18 	 -1.666720e-18
1 	 356 	 2 	 3 	 -5.967364e-18 	 -1.820528e-18
1 	 357 	 2 	 3 	 -5.649212e-18 	 -1.974335e-18
1 	 358 	 2 	 3 	 -5.331060e-18 	 -2.128143e-18
1 	 359 	 2 	 3 	 -5.012909e-18 	 -2.281950e-18
1 	 360 	 2 	 3 	 -4.696547e-18 	 -2.373405e-18
1 	 361 	 2 	 3 	 -4.381380e-18 	 -2.423290e-18
1 	 362 	 2 	 3 	 -4.066213e-18 	 -2.473175e-18
1 	 363 	 2 	 3 	 -3.751045e-18 	 -2.523060e-18
1 	 364 	 2 	 3 	 -3.435878e-18 	 -2.572945e-18
1 	 365 	 2 	 3 	 -3.145564e-18 	 -2.582637e-18
1 	 366 	 2 	 3 	 -2.882176e-18 	 -2.548788e-18
1 	 367 	 2 	 3 	 -2.618787e-18 	 -2.514938e-18
1 	 368 	 2 	 3 	 -2.355398e-18 	 -2.481088e-18
1 	 369 	 2 	 3 	 -2.092009e-18 	 -2.447238e-18
1 	 370 	 2 	 3 	 -1.854792e-18 	 -2.396386e-18
1 	 371 	 2 	 3 	 -1.664101e-18 	 -2.315305e-18
1 	 372 	 2 	 3 	 -1.473411e-18 	 -2.234224e-18
1 	 373 	 2 	 3 	 -1.282720e-18 	 -2.153143e-18
1 	 374 	 2 	 3 	 -1.092029e-18 	 -2.072062e-18
1 	 375 	 2 	 3 	 -9.179347e-19 	 -1.987368e-18
1 	 376 	 2 	 3 	 -7.963944e-19 	 -1.891232e-18
1 	 377 	 2 	 3 	 -6.748540e-19 	 -1.795096e-18
1 	 378 	 2 	 3 	 -5.533136e-19 	 -1.698960e-18
1 	 379 	 2 	 3 	 -4.317732e-19 	 -1.602824e-18
1 	 380 	 2 	 3 	 -3.169020e-19 	 -1.507425e-18
1 	 381 	 2 	 3 	 -2.509385e-19 	 -1.417434e-18
1 	 382 	 2 	 3 	 -1.849750e-19 	 -1.327443e-18
1 	 383 	 2 	 3 	 -1.190115e-19 	 -1.237453e-18
1 	 384 	 2 	 3 	 -5.304796e-20 	 -1.147462e-18
1 	 385 	 2 	 3 	 1.291557e-20 	 -1.057471e-18
1 	 386 	 2 	 3 	 4.082984e-20 	 -9.855716e-19
1 	 387 	 2 	 3 	 6.874411e-20 	 -9.136720e-19
1 	 388 	 2 	 3 	 9.665838e-20 	 -8.417724e-19
1 	 389 	 2 	 3 	 1.245727e-19 	 -7.698728e-19
1 	 390 	 2 	 3 	 1.524869e-19 	 -6.979732e-19
1 	 391 	 2 	 3 	 1.616151e-19 	 -6.440039e-19
1 	 392 	 2 	 3 	 1.681816e-19 	 -5.924796e-19
1 	 393 	 2 	 3 	 1.747481e-19 	 -5.409554e-19
1 	 394 	 2 	 3 	 1.813146e-19 	 -4.894312e-19
1 	 395 	 2 	 3 	 1.878810e-19 	 -4.379070e-19
1 	 396 	 2 	 3 	 1.866093e-19 	 -3.994395e-19
1 	 397 	 2 	 3 	 1.828625e-19 	 -3.650952e-19
1 	 398 	 2 	 3 	 1.791156e-19 	 -3.307509e-19
1 	 399 	 2 	 3 	 1.753687e-19 	 -2.964066e-19
1 	 400 	 2 	 3 	 1.716219e-19 	 -2.620623e-19
1 	 401 	 2 	 3 	 1.654359e-19 	 -2.362179e-19
1 	 402 	 2 	 3 	 1.578778e-19 	 -2.151547e-19
1 	 403 	 2 	 3 	 1.503198e-19 	 -1.940915e-19
1 	 404 	 2 	 3 	 1.427618e-19 	 -1.730283e-19
1 	 405 	 2 	 3 	 1.352037e-19 	 -1.519650e-19
1 	 406 	 2 	 3 	 1.277511e-19 	 -1.356989e-19
1 	 407 	 2 	 3 	 1.203957e-19 	 -1.238610e-19
1 	 408 	 2 	 3 	 1.130403e-19 	 -1.120230e-19
1 	 409 	 2 	 3 	 1.056849e-19 	 -1.001850e-19
1 	 410 	 2 	 3 	 9.832949e-20 	 -8.834705e-20
1 	 411 	 2 	 3 	 9.165767e-20 	 -7.865343e-20
1 	 412 	 2 	 3 	 8.601120e-20 	 -7.217633e-20
1 	 413 	 2 	 3 	 8.036473e-20 	 -6.569923e-20
1 	 414 	 2 	 3 	 7.471826e-20 	 -5.922213e-20
1 	 415 	 2 	 3 	 6.907178e-20 	 -5.274502e-20
1 	 416 	 2 	 3 	 6.385838e-20 	 -4.709373e-20
1 	 417 	 2 	 3 	 5.975861e-20 	 -4.356593e-20
1 	 418 	 2 	 3 	 5.565883e-20 	 -4.003813e-20
1 	 419 	 2 	 3 	 5.155906e-20 	 -3.651034e-20
1 	 420 	 2 	 3 	 4.745928e-20 	 -3.298254e-20
1 	 421 	 2 	 3 	 4.356540e-20 	 -2.974284e-20
1 	 422 	 2 	 3 	 4.075248e-20 	 -2.801562e-20
1 	 423 	 2 	 3 	 3.793956e-20 	 -2.628841e-20
1 	 424 	 2 	 3 	 3.512664e-20 	 -2.456119e-20
1 	 425 	 2 	 3 	 3.231371e-20 	 -2.283397e-20
1 	 426 	 2 	 3 	 2.954710e-20 	 -2.114376e-20
1 	 427 	 2 	 3 	 2.789185e-20 	 -2.034162e-20
1 	 428 	 2 	 3 	 2.623660e-20 	 -1.953948e-20
1 	 429 	 2 	 3 	 2.458135e-20 	 -1.873733e-20
1 	 430 	 2 	 3 	 2.292610e-20 	 -1.793519e-20
1 	 431 	 2 	 3 	 2.127086e-20 	 -1.713305e-20
1 	 432 	 2 	 3 	 2.031412e-20 	 -1.657944e-20
1 	 433 	 2 	 3 	 1.941813e-20 	 -1.604745e-20
1 	 434 	 2 	 3 	 1.852214e-20 	 -1.551545e-20
1 	 435 	 2 	 3 	 1.762616e-20 	 -1.498346e-20
1 	 436 	 2 	 3 	 1.673017e-20 	 -1.445146e-20
1 	 437 	 2 	 3 	 1.609505e-20 	 -1.399905e-20
1 	 438 	 2 	 3 	 1.552515e-20 	 -1.356653e-20
1 	 439 	 2 	 3 	 1.495526e-20 	 -1.313401e-20
1 	 440 	 2 	 3 	 1.438536e-20 	 -1.270150e-20
1 	 441 	 2 	 3 	 1.381547e-20 	 -1.226898e-20
1 	 442 	 2 	 3 	 1.337315e-20 	 -1.194305e-20
1 	 443 	 2 	 3 	 1.299087e-20 	 -1.166728e-20
1 	 444 	 2 	 3 	 1.260859e-20 	 -1.139150e-20
1 	 445 	 2 	 3 	 1.222632e-20 	 -1.111573e-20
1 	 446 	 2 	 3 	 1.184404e-20 	 -1.083996e-20
1 	 447 	 2 	 3 	 1.157992e-20 	 -1.062652e-20
1 	 448 	 2 	 3 	 1.140865e-20 	 -1.046205e-20
1 	 449 	 2 	 3 	 1.123738e-20 	 -1.029759e-20
1 	 450 	 2 	 3 	 1.106611e-20 	 -1.013312e-20
1 	 451 	 2 	 3 	 1.089484e-20 	 -9.968652e-21
1 	 452 	 2 	 3 	 1.079022e-20 	 -9.800844e-21
1 	 453 	 2 	 3 	 1.077042e-20 	 -9.628781e-21
1 	 454 	 2 	 3 	 1.075061e-20 	 -9.456719e-21
1 	 455 	 2 	 3 	 1.073081e-20 	 -9.284656e-21
1 	 456 	 2 	 3 	 1.071101e-20 	 -9.112595e-21
1 	 457 	 2 	 3 	 1.070060e-20 	 -8.930214e-21
1 	 458 	 2 	 3 	 1.071014e-20 	 -8.725907e-21
1 	 459 	 2 	 3 	 1.071968e-20 	 -8.521600e-21
1 	 460 	 2 	 3 	 1.072922e-20 	 -8.317293e-21
1 	 461 	 2 	 3 	 1.073877e-20 	 -8.112986e-21
1 	 462 	 2 	 3 	 1.074604e-20 	 -7.913818e-21
1 	 463 	 2 	 3 	 1.074422e-20 	 -7.735204e-21
1 	 464 	 2 	 3 	 1.074241e-20 	 -7.556591e-21
1 	 465 	 2 	 3 	 1.074059e-20 	 -7.377979e-21
1 	 466 	 2 	 3 	 1.073878e-20 	 -7.199365e-21
1 	 467 	 2 	 3 	 1.073940e-20 	 -7.024609e-21
1 	 468 	 2 	 3 	 1.076802e-20 	 -6.894214e-21
1 	 469 	 2 	 3 	 1.079665e-20 	 -6.763817e-21
1 	 470 	 2 	 3 	 1.082528e-20 	 -6.633421e-21
1 	 471 	 2 	 3 	 1.085391e-20 	 -6.503025e-21
1 	 472 	 2 	 3 	 1.088254e-20 	 -6.372629e-21
1 	 473 	 2 	 3 	 1.096456e-20 	 -6.251108e-21
1 	 474 	 2 	 3 	 1.104881e-20 	 -6.129958e-21
1 	 475 	 2 	 3 	 1.113305e-20 	 -6.008808e-21
1 	 476 	 2 	 3 	 1.121730e-20 	 -5.887658e-21
1 	 477 	 2 	 3 	 1.130154e-20 	 -5.766507e-21
1 	 478 	 2 	 3 	 1.140883e-20 	 -5.618680e-21
1 	 479 	 2 	 3 	 1.152050e-20 	 -5.465771e-21
1 	 480 	 2 	 3 	 1.163217e-20 	 -5.312862e-21
1 	 481 	 2 	 3 	 1.174384e-20 	 -5.159953e-21
1 	 482 	 2 	 3 	 1.185551e-20 	 -5.007044e-21
1 	 483 	 2 	 3 	 1.195937e-20 	 -4.829708e-21
1 	 484 	 2 	 3 	 1.206019e-20 	 -4.642872e-21
1 	 485 	 2 	 3 	 1.216100e-20 	 -4.456037e-21
1 	 486 	 2 	 3 	 1.226182e-20 	 -4.269201e-21
1 	 487 	 2 	 3 	 1.236264e-20 	 -4.082366e-21
1 	 488 	 2 	 3 	 1.245263e-20 	 -3.887595e-21
1 	 489 	 2 	 3 	 1.253539e-20 	 -3.687535e-21
1 	 490 	 2 	 3 	 1.261815e-20 	 -3.487474e-21
1 	 491 	 2 	 3 	 1.270091e-20 	 -3.287413e-21
1 	 492 	 2 	 3 	 1.278367e-20 	 -3.087353e-21
1 	 493 	 2 	 3 	 1.286392e-20 	 -2.884668e-21
1 	 494 	 2 	 3 	 1.294147e-20 	 -2.679140e-21
1 	 495 	 2 	 3 	 1.301901e-20 	 -2.473613e-21
1 	 496 	 2 	 3 	 1.309656e-20 	 -2.268085e-21
1 	 497 	 2 	 3 	 1.317410e-20 	 -2.062557e-21
1 	 498 	 2 	 3 	 1.325063e-20 	 -1.850290e-21
1 	 499 	 2 	 3 	 1.332536e-20 	 -1.626041e-21
1 	 500 	 2 	 3 	 1.340009e-20 	 -1.401792e-21
1 	 501 	 2 	 3 	 1.347482e-20 	 -1.177544e-21
1 	 502 	 2 	 3 	 1.354956e-20 	 -9.532948e-22
1 	 503 	 2 	 3 	 1.362063e-20 	 -7.208644e-22
1 	 504 	 2 	 3 	 1.368013e-20 	 -4.625257e-22
1 	 505 	 2 	 3 	 1.373963e-20 	 -2.041870e-22
1 	 506 	 2 	 3 	 1.379913e-20 	 5.415174e-23
1 	 507 	 2 	 3 	 1.385863e-20 	 3.124905e-22
1 	 508 	 2 	 3 	 1.391462e-20 	 5.750071e-22
1 	 509 	 2 	 3 	 1.394489e-20 	 8.681619e-22
1 	 510 	 2 	 3 	 1.397516e-20 	 1.161317e-21
1 	 511 	 2 	 3 	 1.400543e-20 	 1.454471e-21
1 	 512 	 2 	 3 	 1.403570e-20 	 1.747626e-21
1 	 513 	 2 	 3 	 1.406597e-20 	 2.040781e-21
1 	 514 	 2 	 3 	 1.405663e-20 	 2.356351e-21
1 	 515 	 2 	 3 	 1.404729e-20 	 2.671922e-21
1 	 516 	 2 	 3 	 1.403795e-20 	 2.987492e-21
1 	 517 	 2 	 3 	 1.402861e-20 	 3.303062e-21
1 	 518 	 2 	 3 	 1.401927e-20 	 3.618632e-21
1 	 519 	 2 	 3 	 1.396941e-20 	 3.943000e-21
1 	 520 	 2 	 3 	 1.391402e-20 	 4.268567e-21
1 	 521 	 2 	 3 	 1.385863e-20 	 4.594135e-21
1 	 522 	 2 	 3 	 1.380325e-20 	 4.919702e-21
1 	 523 	 2 	 3 	 1.374786e-20 	 5.245270e-21
1 	 524 	 2 	 3 	 1.365621e-20 	 5.574420e-21
1 	 525 	 2 	 3 	 1.355311e-20 	 5.904702e-21
1 	 526 	 2 	 3 	 1.345001e-20 	 6.234983e-21
1 	 527 	 2 	 3 	 1.334691e-20 	 6.565264e-21
1 	 528 	 2 	 3 	 1.324381e-20 	 6.895546e-21
1 	 529 	 2 	 3 	 1.311030e-20 	 7.226146e-21
1 	 530 	 2 	 3 	 1.295968e-20 	 7.556927e-21
1 	 531 	 2 	 3 	 1.280906e-20 	 7.887708e-21
1 	 532 	 2 	 3 	 1.265844e-20 	 8.218489e-21
1 	 533 	 2 	 3 	 1.250782e-20 	 8.549270e-21
1 	 534 	 2 	 3 	 1.233161e-20 	 8.876525e-21
1 	 535 	 2 	 3 	 1.213177e-20 	 9.200526e-21
1 	 536 	 2 	 3 	 1.193193e-20 	 9.524525e-21
1 	 537 	 2 	 3 	 1.173209e-20 	 9.848525e-21
1 	 538 	 2 	 3 	 1.153225e-20 	 1.017253e-20
1 	 539 	 2 	 3 	 1.131171e-20 	 1.049082e-20
1 	 540 	 2 	 3 	 1.106012e-20 	 1.080055e-20
1 	 541 	 2 	 3 	 1.080852e-20 	 1.111029e-20
1 	 542 	 2 	 3 	 1.055693e-20 	 1.142002e-20
1 	 543 	 2 	 3 	 1.030534e-20 	 1.172976e-20
1 	 544 	 2 	 3 	 1.003968e-20 	 1.203289e-20
1 	 545 	 2 	 3 	 9.737844e-21 	 1.231906e-20
1 	 546 	 2 	 3 	 9.436012e-21 	 1.260523e-20
1 	 547 	 2 	 3 	 9.134180e-21 	 1.289140e-20
1 	 548 	 2 	 3 	 8.832347e-21 	 1.317757e-20
1 	 549 	 2 	 3 	 8.523452e-21 	 1.345799e-20
1 	 550 	 2 	 3 	 8.177474e-21 	 1.370829e-20
1 	 551 	 2 	 3 	 7.831497e-21 	 1.395859e-20
1 	 552 	 2 	 3 	 7.485520e-21 	 1.420889e-20
1 	 553 	 2 	 3 	 7.139543e-21 	 1.445918e-20
1 	 554 	 2 	 3 	 6.792020e-21 	 1.470767e-20
1 	 555 	 2 	 3 	 6.407380e-21 	 1.491273e-20
1 	 556 	 2 	 3 	 6.022741e-21 	 1.511778e-20
1 	 557 	 2 	 3 	 5.638101e-21 	 1.532284e-20
1 	 558 	 2 	 3 	 5.253462e-21 	 1.552789e-20
1 	 559 	 2 	 3 	 4.868823e-21 	 1.573294e-20
1 	 560 	 2 	 3 	 4.454384e-21 	 1.589189e-20
1 	 561 	 2 	 3 	 4.037355e-21 	 1.604683e-20
1 	 562 	 2 	 3 	 3.620325e-21 	 1.620177e-20
1 	 563 	 2 	 3 	 3.203295e-21 	 1.635671e-20
1 	 564 	 2 	 3 	 2.786265e-21 	 1.651164e-20
1 	 565 	 2 	 3 	 2.351631e-21 	 1.662373e-20
1 	 566 	 2 	 3 	 1.912595e-21 	 1.672510e-20
1 	 567 	 2 	 3 	 1.473560e-21 	 1.682647e-20
1 	 568 	 2 	 3 	 1.034524e-21 	 1.692784e-20
1 	 569 	 2 	 3 	 5.954886e-22 	 1.702921e-20
1 	 570 	 2 	 3 	 1.484063e-22 	 1.709254e-20
1 	 571 	 2 	 3 	 -3.024625e-22 	 1.713797e-20
1 	 572 	 2 	 3 	 -7.533314e-22 	 1.718339e-20
1 	 573 	 2 	 3 	 -1.204200e-21 	 1.722882e-20
1 	 574 	 2 	 3 	 -1.655069e-21 	 1.727425e-20
1 	 575 	 2 	 3 	 -2.107337e-21 	 1.728794e-20
1 	 576 	 2 	 3 	 -2.560704e-21 	 1.727669e-20
1 	 577 	 2 	 3 	 -3.014071e-21 	 1.726545e-20
1 	 578 	 2 	 3 	 -3.467439e-21 	 1.725420e-20
1 	 579 	 2 	 3 	 -3.920806e-21 	 1.724295e-20
1 	 580 	 2 	 3 	 -4.370252e-21 	 1.720691e-20
1 	 581 	 2 	 3 	 -4.814709e-21 	 1.713930e-20
1 	 582 	 2 	 3 	 -5.259166e-21 	 1.707169e-20
1 	 583 	 2 	 3 	 -5.703623e-21 	 1.700409e-20
1 	 584 	 2 	 3 	 -6.148080e-21 	 1.693648e-20
1 	 585 	 2 	 3 	 -6.586398e-21 	 1.685128e-20
1 	 586 	 2 	 3 	 -7.011672e-21 	 1.672871e-20
1 	 587 	 2 	 3 	 -7.436946e-21 	 1.660613e-20
1 	 588 	 2 	 3 	 -7.862220e-21 	 1.648355e-20
1 	 589 	 2 	 3 	 -8.287493e-21 	 1.636098e-20
1 	 590 	 2 	 3 	 -8.707170e-21 	 1.622814e-20
1 	 591 	 2 	 3 	 -9.104451e-21 	 1.605427e-20
1 	 592 	 2 	 3 	 -9.501733e-21 	 1.588039e-20
1 	 593 	 2 	 3 	 -9.899016e-21 	 1.570652e-20
1 	 594 	 2 	 3 	 -1.029630e-20 	 1.553264e-20
1 	 595 	 2 	 3 	 -1.069059e-20 	 1.535511e-20
1 	 596 	 2 	 3 	 -1.105049e-20 	 1.513554e-20
1 	 597 	 2 	 3 	 -1.141038e-20 	 1.491597e-20
1 	 598 	 2 	 3 	 -1.177028e-20 	 1.469639e-20
1 	 599 	 2 	 3 	 -1.213018e-20 	 1.447682e-20
1 	 600 	 2 	 3 	 -1.249008e-20 	 1.425725e-20
1 	 601 	 2 	 3 	 -1.280701e-20 	 1.399946e-20
1 	 602 	 2 	 3 	 -1.312216e-20 	 1.374009e-20
1 	 603 	 2 	 3 	 -1.343730e-20 	 1.348071e-20
1 	 604 	 2 	 3 	 -1.375245e-20 	 1.322133e-20
1 	 605 	 2 	 3 	 -1.406760e-20 	 1.296195e-20
1 	 606 	 2 	 3 	 -1.434033e-20 	 1.267509e-20
1 	 607 	 2 	 3 	 -1.460499e-20 	 1.238300e-20
1 	 608 	 2 	 3 	 -1.486965e-20 	 1.209091e-20
1 	 609 	 2 	 3 	 -1.513430e-20 	 1.179882e-20
1 	 610 	 2 	 3 	 -1.539896e-20 	 1.150672e-20
1 	 611 	 2 	 3 	 -1.562315e-20 	 1.119659e-20
1 	 612 	 2 	 3 	 -1.583161e-20 	 1.087944e-20
1 	 613 	 2 	 3 	 -1.604006e-20 	 1.056229e-20
1 	 614 	 2 	 3 	 -1.624852e-20 	 1.024514e-20
1 	 615 	 2 	 3 	 -1.645697e-20 	 9.927988e-21
1 	 616 	 2 	 3 	 -1.662965e-20 	 9.599847e-21
1 	 617 	 2 	 3 	 -1.677849e-20 	 9.264379e-21
1 	 618 	 2 	 3 	 -1.692732e-20 	 8.928911e-21
1 	 619 	 2 	 3 	 -1.707616e-20 	 8.593444e-21
1 	 620 	 2 	 3 	 -1.722499e-20 	 8.257976e-21
1 	 621 	 2 	 3 	 -1.734405e-20 	 7.917667e-21
1 	 622 	 2 	 3 	 -1.743086e-20 	 7.572115e-21
1 	 623 	 2 	 3 	 -1.751767e-20 	 7.226562e-21
1 	 624 	 2 	 3 	 -1.760448e-20 	 6.881009e-21
1 	 625 	 2 	 3 	 -1.769128e-20 	 6.535456e-21
1 	 626 	 2 	 3 	 -1.775504e-20 	 6.189444e-21
1 	 627 	 2 	 3 	 -1.777781e-20 	 5.842613e-21
1 	 628 	 2 	 3 	 -1.780059e-20 	 5.495783e-21
1 	 629 	 2 	 3 	 -1.782337e-20 	 5.148953e-21
1 	 630 	 2 	 3 	 -1.784614e-20 	 4.802122e-21
1 	 631 	 2 	 3 	 -1.785400e-20 	 4.456575e-21
1 	 632 	 2 	 3 	 -1.781462e-20 	 4.115092e-21
1 	 633 	 2 	 3 	 -1.777523e-20 	 3.773609e-21
1 	 634 	 2 	 3 	 -1.773585e-20 	 3.432126e-21
1 	 635 	 2 	 3 	 -1.769647e-20 	 3.090643e-21
1 	 636 	 2 	 3 	 -1.765015e-20 	 2.750712e-21
1 	 637 	 2 	 3 	 -1.755298e-20 	 2.422164e-21
1 	 638 	 2 	 3 	 -1.745582e-20 	 2.093616e-21
1 	 639 	 2 	 3 	 -1.735865e-20 	 1.765068e-21
1 	 640 	 2 	 3 	 -1.726148e-20 	 1.436520e-21
1 	 641 	 2 	 3 	 -1.716431e-20 	 1.107972e-21
1 	 1 	 3 	 1 	 6.026484e-16 	 7.477154e-16
1 	 2 	 3 	 1 	 6.204728e-16 	 7.562297e-16
1 	 3 	 3 	 1 	 6.382972e-16 	 7.647440e-16
1 	 4 	 3 	 1 	 6.561217e-16 	 7.732582e-16
1 	 5 	 3 	 1 	 6.739461e-16 	 7.817725e-16
1 	 6 	 3 	 1 	 6.917705e-16 	 7.902868e-16
1 	 7 	 3 	 1 	 7.113809e-16 	 7.988402e-16
1 	 8 	 3 	 1 	 7.312348e-16 	 8.073990e-16
1 	 9 	 3 	 1 	 7.510887e-16 	 8.159577e-16
1 	 10 	 3 	 1 	 7.709427e-16 	 8.245165e-16
1 	 11 	 3 	 1 	 7.907966e-16 	 8.330753e-16
1 	 12 	 3 	 1 	 8.123434e-16 	 8.416099e-16
1 	 13 	 3 	 1 	 8.344248e-16 	 8.501368e-16
1 	 14 	 3 	 1 	 8.565062e-16 	 8.586638e-16
1 	 15 	 3 	 1 	 8.785876e-16 	 8.671907e-16
1 	 16 	 3 	 1 	 9.006690e-16 	 8.757177e-16
1 	 17 	 3 	 1 	 9.243120e-16 	 8.841670e-16
1 	 18 	 3 	 1 	 9.488334e-16 	 8.925726e-16
1 	 19 	 3 	 1 	 9.733548e-16 	 9.009781e-16
1 	 20 	 3 	 1 	 9.978762e-16 	 9.093838e-16
1 	 21 	 3 	 1 	 1.022398e-15 	 9.177893e-16
1 	 22 	 3 	 1 	 1.048307e-15 	 9.260779e-16
1 	 23 	 3 	 1 	 1.075498e-15 	 9.342582e-16
1 	 24 	 3 	 1 	 1.102688e-15 	 9.424385e-16
1 	 25 	 3 	 1 	 1.129879e-15 	 9.506188e-16
1 	 26 	 3 	 1 	 1.157070e-15 	 9.587992e-16
1 	 27 	 3 	 1 	 1.185428e-15 	 9.668417e-16
1 	 28 	 3 	 1 	 1.215537e-15 	 9.746777e-16
1 	 29 	 3 	 1 	 1.245645e-15 	 9.825137e-16
1 	 30 	 3 	 1 	 1.275754e-15 	 9.903498e-16
1 	 31 	 3 	 1 	 1.305863e-15 	 9.981858e-16
1 	 32 	 3 	 1 	 1.336864e-15 	 1.005888e-15
1 	 33 	 3 	 1 	 1.370162e-15 	 1.013244e-15
1 	 34 	 3 	 1 	 1.403460e-15 	 1.020601e-15
1 	 35 	 3 	 1 	 1.436758e-15 	 1.027957e-15
1 	 36 	 3 	 1 	 1.470056e-15 	 1.035314e-15
1 	 37 	 3 	 1 	 1.503911e-15 	 1.042569e-15
1 	 38 	 3 	 1 	 1.540695e-15 	 1.049294e-15
1 	 39 	 3 	 1 	 1.577479e-15 	 1.056019e-15
1 	 40 	 3 	 1 	 1.614263e-15 	 1.062744e-15
1 	 41 	 3 	 1 	 1.651046e-15 	 1.069469e-15
1 	 42 	 3 	 1 	 1.687983e-15 	 1.076162e-15
1 	 43 	 3 	 1 	 1.728580e-15 	 1.082085e-15
1 	 44 	 3 	 1 	 1.769177e-15 	 1.088009e-15
1 	 45 	 3 	 1 	 1.809774e-15 	 1.093932e-15
1 	 46 	 3 	 1 	 1.850371e-15 	 1.099856e-15
1 	 47 	 3 	 1 	 1.890968e-15 	 1.105779e-15
1 	 48 	 3 	 1 	 1.935408e-15 	 1.110791e-15
1 	 49 	 3 	 1 	 1.980182e-15 	 1.115724e-15
1 	 50 	 3 	 1 	 2.024956e-15 	 1.120656e-15
1 	 51 	 3 	 1 	 2.069729e-15 	 1.125589e-15
1 	 52 	 3 	 1 	 2.114503e-15 	 1.130522e-15
1 	 53 	 3 	 1 	 2.162945e-15 	 1.134494e-15
1 	 54 	 3 	 1 	 2.212303e-15 	 1.138226e-15
1 	 55 	 3 	 1 	 2.261661e-15 	 1.141958e-15
1 	 56 	 3 	 1 	 2.311020e-15 	 1.145690e-15
1 	 57 	 3 	 1 	 2.360378e-15 	 1.149422e-15
1 	 58 	 3 	 1 	 2.413168e-15 	 1.152179e-15
1 	 59 	 3 	 1 	 2.467572e-15 	 1.154477e-15
1 	 60 	 3 	 1 	 2.521977e-15 	 1.156775e-15
1 	 61 	 3 	 1 	 2.576382e-15 	 1.159074e-15
1 	 62 	 3 	 1 	 2.630786e-15 	 1.161372e-15
1 	 63 	 3 	 1 	 2.688313e-15 	 1.162721e-15
1 	 64 	 3 	 1 	 2.748293e-15 	 1.163325e-15
1 	 65 	 3 	 1 	 2.808274e-15 	 1.163929e-15
1 	 66 	 3 	 1 	 2.868254e-15 	 1.164533e-15
1 	 67 	 3 	 1 	 2.928234e-15 	 1.165137e-15
1 	 68 	 3 	 1 	 2.990939e-15 	 1.164867e-15
1 	 69 	 3 	 1 	 3.057109e-15 	 1.163483e-15
1 	 70 	 3 	 1 	 3.123280e-15 	 1.162100e-15
1 	 71 	 3 	 1 	 3.189450e-15 	 1.160717e-15
1 	 72 	 3 	 1 	 3.255621e-15 	 1.159334e-15
1 	 73 	 3 	 1 	 3.324004e-15 	 1.157208e-15
1 	 74 	 3 	 1 	 3.397087e-15 	 1.153502e-15
1 	 75 	 3 	 1 	 3.470170e-15 	 1.149797e-15
1 	 76 	 3 	 1 	 3.543253e-15 	 1.146092e-15
1 	 77 	 3 	 1 	 3.616336e-15 	 1.142386e-15
1 	 78 	 3 	 1 	 3.690973e-15 	 1.138139e-15
1 	 79 	 3 	 1 	 3.771826e-15 	 1.131721e-15
1 	 80 	 3 	 1 	 3.852680e-15 	 1.125303e-15
1 	 81 	 3 	 1 	 3.933533e-15 	 1.118885e-15
1 	 82 	 3 	 1 	 4.014386e-15 	 1.112467e-15
1 	 83 	 3 	 1 	 4.095944e-15 	 1.105795e-15
1 	 84 	 3 	 1 	 4.185597e-15 	 1.096197e-15
1 	 85 	 3 	 1 	 4.275251e-15 	 1.086599e-15
1 	 86 	 3 	 1 	 4.364904e-15 	 1.077001e-15
1 	 87 	 3 	 1 	 4.454558e-15 	 1.067403e-15
1 	 88 	 3 	 1 	 4.544211e-15 	 1.057805e-15
1 	 89 	 3 	 1 	 4.643509e-15 	 1.044602e-15
1 	 90 	 3 	 1 	 4.743208e-15 	 1.031248e-15
1 	 91 	 3 	 1 	 4.842907e-15 	 1.017895e-15
1 	 92 	 3 	 1 	 4.942607e-15 	 1.004541e-15
1 	 93 	 3 	 1 	 5.042306e-15 	 9.911876e-16
1 	 94 	 3 	 1 	 5.151717e-15 	 9.740663e-16
1 	 95 	 3 	 1 	 5.262978e-15 	 9.562275e-16
1 	 96 	 3 	 1 	 5.374239e-15 	 9.383886e-16
1 	 97 	 3 	 1 	 5.485499e-15 	 9.205497e-16
1 	 98 	 3 	 1 	 5.596760e-15 	 9.027109e-16
1 	 99 	 3 	 1 	 5.717678e-15 	 8.809580e-16
1 	 100 	 3 	 1 	 5.842350e-15 	 8.576831e-16
1 	 101 	 3 	 1 	 5.967023e-15 	 8.344082e-16
1 	 102 	 3 	 1 	 6.091695e-15 	 8.111333e-16
1 	 103 	 3 	 1 	 6.216368e-15 	 7.878584e-16
1 	 104 	 3 	 1 	 6.350442e-15 	 7.605620e-16
1 	 105 	 3 	 1 	 6.490786e-15 	 7.305847e-16
1 	 106 	 3 	 1 	 6.631129e-15 	 7.006074e-16
1 	 107 	 3 	 1 	 6.771472e-15 	 6.706301e-16
1 	 108 	 3 	 1 	 6.911815e-15 	 6.406528e-16
1 	 109 	 3 	 1 	 7.061001e-15 	 6.066350e-16
1 	 110 	 3 	 1 	 7.219767e-15 	 5.682402e-16
1 	 111 	 3 	 1 	 7.378534e-15 	 5.298453e-16
1 	 112 	 3 	 1 	 7.537301e-15 	 4.914504e-16
1 	 113 	 3 	 1 	 7.696067e-15 	 4.530555e-16
1 	 114 	 3 	 1 	 7.862667e-15 	 4.107849e-16
1 	 115 	 3 	 1 	 8.043194e-15 	 3.616239e-16
1 	 116 	 3 	 1 	 8.223721e-15 	 3.124629e-16
1 	 117 	 3 	 1 	 8.404248e-15 	 2.633020e-16
1 	 118 	 3 	 1 	 8.584775e-15 	 2.141410e-16
1 	 119 	 3 	 1 	 8.771488e-15 	 1.616200e-16
1 	 120 	 3 	 1 	 8.977789e-15 	 9.845857e-17
1 	 121 	 3 	 1 	 9.184090e-15 	 3.529718e-17
1 	 122 	 3 	 1 	 9.390391e-15 	 -2.786421e-17
1 	 123 	 3 	 1 	 9.596692e-15 	 -9.102559e-17
1 	 124 	 3 	 1 	 9.806659e-15 	 -1.564024e-16
1 	 125 	 3 	 1 	 1.004351e-14 	 -2.380258e-16
1 	 126 	 3 	 1 	 1.028036e-14 	 -3.196491e-16
1 	 127 	 3 	 1 	 1.051720e-14 	 -4.012725e-16
1 	 128 	 3 	 1 	 1.075405e-14 	 -4.828958e-16
1 	 129 	 3 	 1 	 1.099090e-14 	 -5.645191e-16
1 	 130 	 3 	 1 	 1.126388e-14 	 -6.707490e-16
1 	 131 	 3 	 1 	 1.153687e-14 	 -7.769789e-16
1 	 132 	 3 	 1 	 1.180985e-14 	 -8.832088e-16
1 	 133 	 3 	 1 	 1.208283e-14 	 -9.894388e-16
1 	 134 	 3 	 1 	 1.235582e-14 	 -1.095669e-15
1 	 135 	 3 	 1 	 1.266624e-14 	 -1.230970e-15
1 	 136 	 3 	 1 	 1.298177e-14 	 -1.370236e-15
1 	 137 	 3 	 1 	 1.329730e-14 	 -1.509502e-15
1 	 138 	 3 	 1 	 1.361283e-14 	 -1.648767e-15
1 	 139 	 3 	 1 	 1.392836e-14 	 -1.788033e-15
1 	 140 	 3 	 1 	 1.428165e-14 	 -1.961145e-15
1 	 141 	 3 	 1 	 1.464687e-14 	 -2.144945e-15
1 	 142 	 3 	 1 	 1.501209e-14 	 -2.328745e-15
1 	 143 	 3 	 1 	 1.537731e-14 	 -2.512545e-15
1 	 144 	 3 	 1 	 1.574253e-14 	 -2.696345e-15
1 	 145 	 3 	 1 	 1.614445e-14 	 -2.918617e-15
1 	 146 	 3 	 1 	 1.656701e-14 	 -3.162528e-15
1 	 147 	 3 	 1 	 1.698958e-14 	 -3.406439e-15
1 	 148 	 3 	 1 	 1.741214e-14 	 -3.650351e-15
1 	 149 	 3 	 1 	 1.783470e-14 	 -3.894262e-15
1 	 150 	 3 	 1 	 1.829108e-14 	 -4.180319e-15
1 	 151 	 3 	 1 	 1.877867e-14 	 -4.505278e-15
1 	 152 	 3 	 1 	 1.926626e-14 	 -4.830238e-15
1 	 153 	 3 	 1 	 1.975386e-14 	 -5.155198e-15
1 	 154 	 3 	 1 	 2.024145e-14 	 -5.480158e-15
1 	 155 	 3 	 1 	 2.075783e-14 	 -5.848698e-15
1 	 156 	 3 	 1 	 2.131738e-14 	 -6.282607e-15
1 	 157 	 3 	 1 	 2.187693e-14 	 -6.716516e-15
1 	 158 	 3 	 1 	 2.243649e-14 	 -7.150425e-15
1 	 159 	 3 	 1 	 2.299604e-14 	 -7.584334e-15
1 	 160 	 3 	 1 	 2.357710e-14 	 -8.059063e-15
1 	 161 	 3 	 1 	 2.421347e-14 	 -8.638754e-15
1 	 162 	 3 	 1 	 2.484983e-14 	 -9.218446e-15
1 	 163 	 3 	 1 	 2.548620e-14 	 -9.798138e-15
1 	 164 	 3 	 1 	 2.612256e-14 	 -1.037783e-14
1 	 165 	 3 	 1 	 2.677134e-14 	 -1.098855e-14
1 	 166 	 3 	 1 	 2.748525e-14 	 -1.176216e-14
1 	 167 	 3 	 1 	 2.819917e-14 	 -1.253578e-14
1 	 168 	 3 	 1 	 2.891308e-14 	 -1.330939e-14
1 	 169 	 3 	 1 	 2.962700e-14 	 -1.408301e-14
1 	 170 	 3 	 1 	 3.034376e-14 	 -1.486687e-14
1 	 171 	 3 	 1 	 3.112878e-14 	 -1.589663e-14
1 	 172 	 3 	 1 	 3.191380e-14 	 -1.692640e-14
1 	 173 	 3 	 1 	 3.269883e-14 	 -1.795617e-14
1 	 174 	 3 	 1 	 3.348385e-14 	 -1.898594e-14
1 	 175 	 3 	 1 	 3.426888e-14 	 -2.001570e-14
1 	 176 	 3 	 1 	 3.510266e-14 	 -2.135425e-14
1 	 177 	 3 	 1 	 3.594068e-14 	 -2.271966e-14
1 	 178 	 3 	 1 	 3.677871e-14 	 -2.408506e-14
1 	 179 	 3 	 1 	 3.761673e-14 	 -2.545047e-14
1 	 180 	 3 	 1 	 3.845475e-14 	 -2.681587e-14
1 	 181 	 3 	 1 	 3.930619e-14 	 -2.852990e-14
1 	 182 	 3 	 1 	 4.016098e-14 	 -3.033110e-14
1 	 183 	 3 	 1 	 4.101577e-14 	 -3.213229e-14
1 	 184 	 3 	 1 	 4.187056e-14 	 -3.393349e-14
1 	 185 	 3 	 1 	 4.272535e-14 	 -3.573468e-14
1 	 186 	 3 	 1 	 4.354840e-14 	 -3.791671e-14
1 	 187 	 3 	 1 	 4.435650e-14 	 -4.027796e-14
1 	 188 	 3 	 1 	 4.516460e-14 	 -4.263920e-14
1 	 189 	 3 	 1 	 4.597271e-14 	 -4.500045e-14
1 	 190 	 3 	 1 	 4.678081e-14 	 -4.736169e-14
1 	 191 	 3 	 1 	 4.750491e-14 	 -5.012132e-14
1 	 192 	 3 	 1 	 4.816301e-14 	 -5.319396e-14
1 	 193 	 3 	 1 	 4.882111e-14 	 -5.626661e-14
1 	 194 	 3 	 1 	 4.947920e-14 	 -5.933925e-14
1 	 195 	 3 	 1 	 5.013730e-14 	 -6.241189e-14
1 	 196 	 3 	 1 	 5.065878e-14 	 -6.587683e-14
1 	 197 	 3 	 1 	 5.100638e-14 	 -6.984105e-14
1 	 198 	 3 	 1 	 5.135399e-14 	 -7.380528e-14
1 	 199 	 3 	 1 	 5.170159e-14 	 -7.776950e-14
1 	 200 	 3 	 1 	 5.204920e-14 	 -8.173373e-14
1 	 201 	 3 	 1 	 5.222033e-14 	 -8.604991e-14
1 	 202 	 3 	 1 	 5.201646e-14 	 -9.111402e-14
1 	 203 	 3 	 1 	 5.181259e-14 	 -9.617812e-14
1 	 204 	 3 	 1 	 5.160871e-14 	 -1.012422e-13
1 	 205 	 3 	 1 	 5.140484e-14 	 -1.063063e-13
1 	 206 	 3 	 1 	 5.102017e-14 	 -1.116366e-13
1 	 207 	 3 	 1 	 4.991232e-14 	 -1.180318e-13
1 	 208 	 3 	 1 	 4.880447e-14 	 -1.244269e-13
1 	 209 	 3 	 1 	 4.769661e-14 	 -1.308221e-13
1 	 210 	 3 	 1 	 4.658876e-14 	 -1.372173e-13
1 	 211 	 3 	 1 	 4.536823e-14 	 -1.437382e-13
1 	 212 	 3 	 1 	 4.285183e-14 	 -1.517057e-13
1 	 213 	 3 	 1 	 4.033544e-14 	 -1.596733e-13
1 	 214 	 3 	 1 	 3.781905e-14 	 -1.676408e-13
1 	 215 	 3 	 1 	 3.530265e-14 	 -1.756083e-13
1 	 216 	 3 	 1 	 3.278626e-14 	 -1.835758e-13
1 	 217 	 3 	 1 	 2.823732e-14 	 -1.932704e-13
1 	 218 	 3 	 1 	 2.360370e-14 	 -2.030369e-13
1 	 219 	 3 	 1 	 1.897008e-14 	 -2.128034e-13
1 	 220 	 3 	 1 	 1.433645e-14 	 -2.225699e-13
1 	 221 	 3 	 1 	 9.702830e-15 	 -2.323365e-13
1 	 222 	 3 	 1 	 2.469050e-15 	 -2.437555e-13
1 	 223 	 3 	 1 	 -5.259998e-15 	 -2.554893e-13
1 	 224 	 3 	 1 	 -1.298905e-14 	 -2.672231e-13
1 	 225 	 3 	 1 	 -2.071809e-14 	 -2.789570e-13
1 	 226 	 3 	 1 	 -2.844714e-14 	 -2.906908e-13
1 	 227 	 3 	 1 	 -3.936077e-14 	 -3.038683e-13
1 	 228 	 3 	 1 	 -5.151286e-14 	 -3.176073e-13
1 	 229 	 3 	 1 	 -6.366494e-14 	 -3.313463e-13
1 	 230 	 3 	 1 	 -7.581703e-14 	 -3.450853e-13
1 	 231 	 3 	 1 	 -8.796911e-14 	 -3.588243e-13
1 	 232 	 3 	 1 	 -1.038377e-13 	 -3.736423e-13
1 	 233 	 3 	 1 	 -1.221841e-13 	 -3.891797e-13
1 	 234 	 3 	 1 	 -1.405304e-13 	 -4.047171e-13
1 	 235 	 3 	 1 	 -1.588767e-13 	 -4.202545e-13
1 	 236 	 3 	 1 	 -1.772230e-13 	 -4.357919e-13
1 	 237 	 3 	 1 	 -1.996563e-13 	 -4.518915e-13
1 	 238 	 3 	 1 	 -2.265172e-13 	 -4.686004e-13
1 	 239 	 3 	 1 	 -2.533780e-13 	 -4.853093e-13
1 	 240 	 3 	 1 	 -2.802388e-13 	 -5.020181e-13
1 	 241 	 3 	 1 	 -3.070996e-13 	 -5.187270e-13
1 	 242 	 3 	 1 	 -3.380980e-13 	 -5.353861e-13
1 	 243 	 3 	 1 	 -3.764518e-13 	 -5.519570e-13
1 	 244 	 3 	 1 	 -4.148056e-13 	 -5.685279e-13
1 	 245 	 3 	 1 	 -4.531595e-13 	 -5.850988e-13
1 	 246 	 3 	 1 	 -4.915134e-13 	 -6.016697e-13
1 	 247 	 3 	 1 	 -5.335219e-13 	 -6.176373e-13
1 	 248 	 3 	 1 	 -5.871038e-13 	 -6.316948e-13
1 	 249 	 3 	 1 	 -6.406858e-13 	 -6.457523e-13
1 	 250 	 3 	 1 	 -6.942677e-13 	 -6.598098e-13
1 	 251 	 3 	 1 	 -7.478496e-13 	 -6.738673e-13
1 	 252 	 3 	 1 	 -8.038055e-13 	 -6.871444e-13
1 	 253 	 3 	 1 	 -8.771705e-13 	 -6.946986e-13
1 	 254 	 3 	 1 	 -9.505354e-13 	 -7.022530e-13
1 	 255 	 3 	 1 	 -1.023900e-12 	 -7.098073e-13
1 	 256 	 3 	 1 	 -1.097265e-12 	 -7.173616e-13
1 	 257 	 3 	 1 	 -1.170630e-12 	 -7.249159e-13
1 	 258 	 3 	 1 	 -1.269147e-12 	 -7.195950e-13
1 	 259 	 3 	 1 	 -1.367663e-12 	 -7.142740e-13
1 	 260 	 3 	 1 	 -1.466179e-12 	 -7.089530e-13
1 	 261 	 3 	 1 	 -1.564696e-12 	 -7.036321e-13
1 	 262 	 3 	 1 	 -1.663212e-12 	 -6.983111e-13
1 	 263 	 3 	 1 	 -1.789201e-12 	 -6.730276e-13
1 	 264 	 3 	 1 	 -1.918935e-12 	 -6.450218e-13
1 	 265 	 3 	 1 	 -2.048670e-12 	 -6.170160e-13
1 	 266 	 3 	 1 	 -2.178405e-12 	 -5.890102e-13
1 	 267 	 3 	 1 	 -2.308139e-12 	 -5.610045e-13
1 	 268 	 3 	 1 	 -2.466556e-12 	 -5.046069e-13
1 	 269 	 3 	 1 	 -2.634031e-12 	 -4.392435e-13
1 	 270 	 3 	 1 	 -2.801506e-12 	 -3.738801e-13
1 	 271 	 3 	 1 	 -2.968981e-12 	 -3.085167e-13
1 	 272 	 3 	 1 	 -3.136456e-12 	 -2.431533e-13
1 	 273 	 3 	 1 	 -3.332373e-12 	 -1.401557e-13
1 	 274 	 3 	 1 	 -3.544287e-12 	 -1.598899e-14
1 	 275 	 3 	 1 	 -3.756202e-12 	 1.081778e-13
1 	 276 	 3 	 1 	 -3.968117e-12 	 2.323445e-13
1 	 277 	 3 	 1 	 -4.180031e-12 	 3.565112e-13
1 	 278 	 3 	 1 	 -4.418723e-12 	 5.272670e-13
1 	 279 	 3 	 1 	 -4.682132e-12 	 7.410280e-13
1 	 280 	 3 	 1 	 -4.945541e-12 	 9.547889e-13
1 	 281 	 3 	 1 	 -5.208950e-12 	 1.168550e-12
1 	 282 	 3 	 1 	 -5.472358e-12 	 1.382311e-12
1 	 283 	 3 	 1 	 -5.760354e-12 	 1.649392e-12
1 	 284 	 3 	 1 	 -6.085230e-12 	 1.996454e-12
1 	 285 	 3 	 1 	 -6.410106e-12 	 2.343516e-12
1 	 286 	 3 	 1 	 -6.734982e-12 	 2.690578e-12
1 	 287 	 3 	 1 	 -7.059858e-12 	 3.037640e-12
1 	 288 	 3 	 1 	 -7.409085e-12 	 3.439342e-12
1 	 289 	 3 	 1 	 -7.820927e-12 	 3.981547e-12
1 	 290 	 3 	 1 	 -8.232770e-12 	 4.523752e-12
1 	 291 	 3 	 1 	 -8.644611e-12 	 5.065958e-12
1 	 292 	 3 	 1 	 -9.056454e-12 	 5.608163e-12
1 	 293 	 3 	 1 	 -9.498049e-12 	 6.195627e-12
1 	 294 	 3 	 1 	 -1.009585e-11 	 7.020705e-12
1 	 295 	 3 	 1 	 -1.069366e-11 	 7.845783e-12
1 	 296 	 3 	 1 	 -1.129146e-11 	 8.670860e-12
1 	 297 	 3 	 1 	 -1.188927e-11 	 9.495938e-12
1 	 298 	 3 	 1 	 -1.251419e-11 	 1.033719e-11
1 	 299 	 3 	 1 	 -1.378988e-11 	 1.156654e-11
1 	 300 	 3 	 1 	 -1.506557e-11 	 1.279589e-11
1 	 301 	 3 	 1 	 -1.634127e-11 	 1.402524e-11
1 	 302 	 3 	 1 	 -1.761696e-11 	 1.525459e-11
1 	 303 	 3 	 1 	 -1.889265e-11 	 1.648394e-11
1 	 304 	 3 	 1 	 -2.404835e-11 	 1.819450e-11
1 	 305 	 3 	 1 	 -2.954144e-11 	 1.994692e-11
1 	 306 	 3 	 1 	 -3.503454e-11 	 2.169933e-11
1 	 307 	 3 	 1 	 -4.052763e-11 	 2.345174e-11
1 	 308 	 3 	 1 	 -4.602073e-11 	 2.520415e-11
1 	 309 	 3 	 1 	 -9.172874e-11 	 2.701619e-11
1 	 310 	 3 	 1 	 -1.474905e-10 	 2.884313e-11
1 	 311 	 3 	 1 	 -2.032522e-10 	 3.067008e-11
1 	 312 	 3 	 1 	 -2.590140e-10 	 3.249703e-11
1 	 313 	 3 	 1 	 -3.147757e-10 	 3.432397e-11
1 	 314 	 3 	 1 	 -1.113190e-09 	 3.163328e-11
1 	 315 	 3 	 1 	 -2.261087e-09 	 2.681665e-11
1 	 316 	 3 	 1 	 -3.408984e-09 	 2.200001e-11
1 	 317 	 3 	 1 	 -4.556882e-09 	 1.718337e-11
1 	 318 	 3 	 1 	 -5.704779e-09 	 1.236674e-11
1 	 319 	 3 	 1 	 -4.851448e-09 	 8.005803e-12
1 	 320 	 3 	 1 	 -2.425724e-09 	 4.002918e-12
1 	 321 	 3 	 1 	 -1.032110e-17 	 3.174158e-17
1 	 322 	 3 	 1 	 2.425724e-09 	 -4.002854e-12
1 	 323 	 3 	 1 	 4.851448e-09 	 -8.005740e-12
1 	 324 	 3 	 1 	 5.704779e-09 	 -1.236668e-11
1 	 325 	 3 	 1 	 4.556882e-09 	 -1.718332e-11
1 	 326 	 3 	 1 	 3.408984e-09 	 -2.199995e-11
1 	 327 	 3 	 1 	 2.261087e-09 	 -2.681659e-11
1 	 328 	 3 	 1 	 1.113190e-09 	 -3.163323e-11
1 	 329 	 3 	 1 	 3.147757e-10 	 -3.432392e-11
1 	 330 	 3 	 1 	 2.590139e-10 	 -3.249698e-11
1 	 331 	 3 	 1 	 2.032522e-10 	 -3.067004e-11
1 	 332 	 3 	 1 	 1.474905e-10 	 -2.884310e-11
1 	 333 	 3 	 1 	 9.172871e-11 	 -2.701616e-11
1 	 334 	 3 	 1 	 4.602070e-11 	 -2.520413e-11
1 	 335 	 3 	 1 	 4.052761e-11 	 -2.345172e-11
1 	 336 	 3 	 1 	 3.503452e-11 	 -2.169931e-11
1 	 337 	 3 	 1 	 2.954142e-11 	 -1.994691e-11
1 	 338 	 3 	 1 	 2.404833e-11 	 -1.819450e-11
1 	 339 	 3 	 1 	 1.889263e-11 	 -1.648394e-11
1 	 340 	 3 	 1 	 1.761694e-11 	 -1.525459e-11
1 	 341 	 3 	 1 	 1.634125e-11 	 -1.402525e-11
1 	 342 	 3 	 1 	 1.506556e-11 	 -1.279590e-11
1 	 343 	 3 	 1 	 1.378987e-11 	 -1.156655e-11
1 	 344 	 3 	 1 	 1.251418e-11 	 -1.033721e-11
1 	 345 	 3 	 1 	 1.188926e-11 	 -9.495961e-12
1 	 346 	 3 	 1 	 1.129146e-11 	 -8.670886e-12
1 	 347 	 3 	 1 	 1.069365e-11 	 -7.845810e-12
1 	 348 	 3 	 1 	 1.009585e-11 	 -7.020735e-12
1 	 349 	 3 	 1 	 9.498046e-12 	 -6.195660e-12
1 	 350 	 3 	 1 	 9.056452e-12 	 -5.608196e-12
1 	 351 	 3 	 1 	 8.644612e-12 	 -5.065991e-12
1 	 352 	 3 	 1 	 8.232771e-12 	 -4.523787e-12
1 	 353 	 3 	 1 	 7.820931e-12 	 -3.981582e-12
1 	 354 	 3 	 1 	 7.409091e-12 	 -3.439377e-12
1 	 355 	 3 	 1 	 7.059865e-12 	 -3.037675e-12
1 	 356 	 3 	 1 	 6.734991e-12 	 -2.690612e-12
1 	 357 	 3 	 1 	 6.410116e-12 	 -2.343550e-12
1 	 358 	 3 	 1 	 6.085241e-12 	 -1.996487e-12
1 	 359 	 3 	 1 	 5.760366e-12 	 -1.649425e-12
1 	 360 	 3 	 1 	 5.472371e-12 	 -1.382342e-12
1 	 361 	 3 	 1 	 5.208963e-12 	 -1.168580e-12
1 	 362 	 3 	 1 	 4.945555e-12 	 -9.548177e-13
1 	 363 	 3 	 1 	 4.682147e-12 	 -7.410553e-13
1 	 364 	 3 	 1 	 4.418739e-12 	 -5.272930e-13
1 	 365 	 3 	 1 	 4.180048e-12 	 -3.565358e-13
1 	 366 	 3 	 1 	 3.968134e-12 	 -2.323674e-13
1 	 367 	 3 	 1 	 3.756219e-12 	 -1.081991e-13
1 	 368 	 3 	 1 	 3.544305e-12 	 1.596932e-14
1 	 369 	 3 	 1 	 3.332391e-12 	 1.401377e-13
1 	 370 	 3 	 1 	 3.136474e-12 	 2.431368e-13
1 	 371 	 3 	 1 	 2.968999e-12 	 3.085017e-13
1 	 372 	 3 	 1 	 2.801524e-12 	 3.738667e-13
1 	 373 	 3 	 1 	 2.634049e-12 	 4.392316e-13
1 	 374 	 3 	 1 	 2.466574e-12 	 5.045965e-13
1 	 375 	 3 	 1 	 2.308156e-12 	 5.609956e-13
1 	 376 	 3 	 1 	 2.178421e-12 	 5.890025e-13
1 	 377 	 3 	 1 	 2.048686e-12 	 6.170095e-13
1 	 378 	 3 	 1 	 1.918951e-12 	 6.450165e-13
1 	 379 	 3 	 1 	 1.789216e-12 	 6.730235e-13
1 	 380 	 3 	 1 	 1.663227e-12 	 6.983083e-13
1 	 381 	 3 	 1 	 1.564710e-12 	 7.036302e-13
1 	 382 	 3 	 1 	 1.466193e-12 	 7.089520e-13
1 	 383 	 3 	 1 	 1.367676e-12 	 7.142739e-13
1 	 384 	 3 	 1 	 1.269159e-12 	 7.195957e-13
1 	 385 	 3 	 1 	 1.170642e-12 	 7.249175e-13
1 	 386 	 3 	 1 	 1.097276e-12 	 7.173638e-13
1 	 387 	 3 	 1 	 1.023911e-12 	 7.098100e-13
1 	 388 	 3 	 1 	 9.505452e-13 	 7.022562e-13
1 	 389 	 3 	 1 	 8.771796e-13 	 6.947024e-13
1 	 390 	 3 	 1 	 8.038140e-13 	 6.871487e-13
1 	 391 	 3 	 1 	 7.478575e-13 	 6.738719e-13
1 	 392 	 3 	 1 	 6.942750e-13 	 6.598147e-13
1 	 393 	 3 	 1 	 6.406925e-13 	 6.457575e-13
1 	 394 	 3 	 1 	 5.871100e-13 	 6.317003e-13
1 	 395 	 3 	 1 	 5.335274e-13 	 6.176431e-13
1 	 396 	 3 	 1 	 4.915183e-13 	 6.016755e-13
1 	 397 	 3 	 1 	 4.531640e-13 	 5.851047e-13
1 	 398 	 3 	 1 	 4.148096e-13 	 5.685339e-13
1 	 399 	 3 	 1 	 3.764553e-13 	 5.519631e-13
1 	 400 	 3 	 1 	 3.381009e-13 	 5.353923e-13
1 	 401 	 3 	 1 	 3.071022e-13 	 5.187331e-13
1 	 402 	 3 	 1 	 2.802410e-13 	 5.020241e-13
1 	 403 	 3 	 1 	 2.533798e-13 	 4.853152e-13
1 	 404 	 3 	 1 	 2.265186e-13 	 4.686063e-13
1 	 405 	 3 	 1 	 1.996573e-13 	 4.518974e-13
1 	 406 	 3 	 1 	 1.772237e-13 	 4.357976e-13
1 	 407 	 3 	 1 	 1.588771e-13 	 4.202600e-13
1 	 408 	 3 	 1 	 1.405305e-13 	 4.047225e-13
1 	 409 	 3 	 1 	 1.221839e-13 	 3.891850e-13
1 	 410 	 3 	 1 	 1.038373e-13 	 3.736475e-13
1 	 411 	 3 	 1 	 8.796848e-14 	 3.588293e-13
1 	 412 	 3 	 1 	 7.581622e-14 	 3.450901e-13
1 	 413 	 3 	 1 	 6.366396e-14 	 3.313509e-13
1 	 414 	 3 	 1 	 5.151170e-14 	 3.176118e-13
1 	 415 	 3 	 1 	 3.935944e-14 	 3.038726e-13
1 	 416 	 3 	 1 	 2.844565e-14 	 2.906949e-13
1 	 417 	 3 	 1 	 2.071650e-14 	 2.789609e-13
1 	 418 	 3 	 1 	 1.298735e-14 	 2.672269e-13
1 	 419 	 3 	 1 	 5.258207e-15 	 2.554929e-13
1 	 420 	 3 	 1 	 -2.470940e-15 	 2.437589e-13
1 	 421 	 3 	 1 	 -9.704809e-15 	 2.323397e-13
1 	 422 	 3 	 1 	 -1.433847e-14 	 2.225730e-13
1 	 423 	 3 	 1 	 -1.897214e-14 	 2.128063e-13
1 	 424 	 3 	 1 	 -2.360580e-14 	 2.030397e-13
1 	 425 	 3 	 1 	 -2.823946e-14 	 1.932730e-13
1 	 426 	 3 	 1 	 -3.278843e-14 	 1.835783e-13
1 	 427 	 3 	 1 	 -3.530483e-14 	 1.756106e-13
1 	 428 	 3 	 1 	 -3.782122e-14 	 1.676429e-13
1 	 429 	 3 	 1 	 -4.033761e-14 	 1.596752e-13
1 	 430 	 3 	 1 	 -4.285401e-14 	 1.517076e-13
1 	 431 	 3 	 1 	 -4.537040e-14 	 1.437399e-13
1 	 432 	 3 	 1 	 -4.659091e-14 	 1.372188e-13
1 	 433 	 3 	 1 	 -4.769874e-14 	 1.308236e-13
1 	 434 	 3 	 1 	 -4.880656e-14 	 1.244283e-13
1 	 435 	 3 	 1 	 -4.991438e-14 	 1.180330e-13
1 	 436 	 3 	 1 	 -5.102221e-14 	 1.116378e-13
1 	 437 	 3 	 1 	 -5.140684e-14 	 1.063074e-13
1 	 438 	 3 	 1 	 -5.161067e-14 	 1.012432e-13
1 	 439 	 3 	 1 	 -5.181450e-14 	 9.617897e-14
1 	 440 	 3 	 1 	 -5.201833e-14 	 9.111478e-14
1 	 441 	 3 	 1 	 -5.222216e-14 	 8.605059e-14
1 	 442 	 3 	 1 	 -5.205098e-14 	 8.173433e-14
1 	 443 	 3 	 1 	 -5.170333e-14 	 7.777003e-14
1 	 444 	 3 	 1 	 -5.135568e-14 	 7.380574e-14
1 	 445 	 3 	 1 	 -5.100802e-14 	 6.984145e-14
1 	 446 	 3 	 1 	 -5.066037e-14 	 6.587716e-14
1 	 447 	 3 	 1 	 -5.013884e-14 	 6.241217e-14
1 	 448 	 3 	 1 	 -4.948069e-14 	 5.933948e-14
1 	 449 	 3 	 1 	 -4.882255e-14 	 5.626679e-14
1 	 450 	 3 	 1 	 -4.816440e-14 	 5.319410e-14
1 	 451 	 3 	 1 	 -4.750625e-14 	 5.012141e-14
1 	 452 	 3 	 1 	 -4.678210e-14 	 4.736174e-14
1 	 453 	 3 	 1 	 -4.597395e-14 	 4.500047e-14
1 	 454 	 3 	 1 	 -4.516581e-14 	 4.263919e-14
1 	 455 	 3 	 1 	 -4.435766e-14 	 4.027791e-14
1 	 456 	 3 	 1 	 -4.354950e-14 	 3.791664e-14
1 	 457 	 3 	 1 	 -4.272642e-14 	 3.573458e-14
1 	 458 	 3 	 1 	 -4.187158e-14 	 3.393337e-14
1 	 459 	 3 	 1 	 -4.101675e-14 	 3.213215e-14
1 	 460 	 3 	 1 	 -4.016192e-14 	 3.033094e-14
1 	 461 	 3 	 1 	 -3.930709e-14 	 2.852973e-14
1 	 462 	 3 	 1 	 -3.845561e-14 	 2.681567e-14
1 	 463 	 3 	 1 	 -3.761755e-14 	 2.545026e-14
1 	 464 	 3 	 1 	 -3.677949e-14 	 2.408485e-14
1 	 465 	 3 	 1 	 -3.594143e-14 	 2.271943e-14
1 	 466 	 3 	 1 	 -3.510337e-14 	 2.135402e-14
1 	 467 	 3 	 1 	 -3.426955e-14 	 2.001546e-14
1 	 468 	 3 	 1 	 -3.348449e-14 	 1.898569e-14
1 	 469 	 3 	 1 	 -3.269944e-14 	 1.795592e-14
1 	 470 	 3 	 1 	 -3.191438e-14 	 1.692615e-14
1 	 471 	 3 	 1 	 -3.112933e-14 	 1.589638e-14
1 	 472 	 3 	 1 	 -3.034427e-14 	 1.486660e-14
1 	 473 	 3 	 1 	 -2.962749e-14 	 1.408274e-14
1 	 474 	 3 	 1 	 -2.891355e-14 	 1.330913e-14
1 	 475 	 3 	 1 	 -2.819961e-14 	 1.253552e-14
1 	 476 	 3 	 1 	 -2.748567e-14 	 1.176190e-14
1 	 477 	 3 	 1 	 -2.677173e-14 	 1.098829e-14
1 	 478 	 3 	 1 	 -2.612294e-14 	 1.037757e-14
1 	 479 	 3 	 1 	 -2.548655e-14 	 9.797885e-15
1 	 480 	 3 	 1 	 -2.485017e-14 	 9.218197e-15
1 	 481 	 3 	 1 	 -2.421378e-14 	 8.638508e-15
1 	 482 	 3 	 1 	 -2.357740e-14 	 8.058820e-15
1 	 483 	 3 	 1 	 -2.299632e-14 	 7.584096e-15
1 	 484 	 3 	 1 	 -2.243675e-14 	 7.150191e-15
1 	 485 	 3 	 1 	 -2.187718e-14 	 6.716286e-15
1 	 486 	 3 	 1 	 -2.131761e-14 	 6.282382e-15
1 	 487 	 3 	 1 	 -2.075804e-14 	 5.848478e-15
1 	 488 	 3 	 1 	 -2.024165e-14 	 5.479943e-15
1 	 489 	 3 	 1 	 -1.975404e-14 	 5.154988e-15
1 	 490 	 3 	 1 	 -1.926644e-14 	 4.830033e-15
1 	 491 	 3 	 1 	 -1.877883e-14 	 4.505079e-15
1 	 492 	 3 	 1 	 -1.829123e-14 	 4.180124e-15
1 	 493 	 3 	 1 	 -1.783484e-14 	 3.894073e-15
1 	 494 	 3 	 1 	 -1.741227e-14 	 3.650167e-15
1 	 495 	 3 	 1 	 -1.698970e-14 	 3.406260e-15
1 	 496 	 3 	 1 	 -1.656713e-14 	 3.162354e-15
1 	 497 	 3 	 1 	 -1.614456e-14 	 2.918448e-15
1 	 498 	 3 	 1 	 -1.574263e-14 	 2.696182e-15
1 	 499 	 3 	 1 	 -1.537741e-14 	 2.512387e-15
1 	 500 	 3 	 1 	 -1.501218e-14 	 2.328592e-15
1 	 501 	 3 	 1 	 -1.464695e-14 	 2.144797e-15
1 	 502 	 3 	 1 	 -1.428172e-14 	 1.961002e-15
1 	 503 	 3 	 1 	 -1.392842e-14 	 1.787894e-15
1 	 504 	 3 	 1 	 -1.361289e-14 	 1.648633e-15
1 	 505 	 3 	 1 	 -1.329736e-14 	 1.509372e-15
1 	 506 	 3 	 1 	 -1.298182e-14 	 1.370111e-15
1 	 507 	 3 	 1 	 -1.266629e-14 	 1.230849e-15
1 	 508 	 3 	 1 	 -1.235586e-14 	 1.095552e-15
1 	 509 	 3 	 1 	 -1.208287e-14 	 9.893265e-16
1 	 510 	 3 	 1 	 -1.180989e-14 	 8.831006e-16
1 	 511 	 3 	 1 	 -1.153690e-14 	 7.768747e-16
1 	 512 	 3 	 1 	 -1.126391e-14 	 6.706488e-16
1 	 513 	 3 	 1 	 -1.099092e-14 	 5.644229e-16
1 	 514 	 3 	 1 	 -1.075407e-14 	 4.828031e-16
1 	 515 	 3 	 1 	 -1.051722e-14 	 4.011832e-16
1 	 516 	 3 	 1 	 -1.028037e-14 	 3.195633e-16
1 	 517 	 3 	 1 	 -1.004352e-14 	 2.379434e-16
1 	 518 	 3 	 1 	 -9.806673e-15 	 1.563235e-16
1 	 519 	 3 	 1 	 -9.596705e-15 	 9.094973e-17
1 	 520 	 3 	 1 	 -9.390402e-15 	 2.779130e-17
1 	 521 	 3 	 1 	 -9.184100e-15 	 -3.536713e-17
1 	 522 	 3 	 1 	 -8.977796e-15 	 -9.852556e-17
1 	 523 	 3 	 1 	 -8.771494e-15 	 -1.616840e-16
1 	 524 	 3 	 1 	 -8.584781e-15 	 -2.142025e-16
1 	 525 	 3 	 1 	 -8.404252e-15 	 -2.633609e-16
1 	 526 	 3 	 1 	 -8.223724e-15 	 -3.125194e-16
1 	 527 	 3 	 1 	 -8.043196e-15 	 -3.616779e-16
1 	 528 	 3 	 1 	 -7.862669e-15 	 -4.108364e-16
1 	 529 	 3 	 1 	 -7.696068e-15 	 -4.531048e-16
1 	 530 	 3 	 1 	 -7.537301e-15 	 -4.914976e-16
1 	 531 	 3 	 1 	 -7.378534e-15 	 -5.298905e-16
1 	 532 	 3 	 1 	 -7.219767e-15 	 -5.682834e-16
1 	 533 	 3 	 1 	 -7.061000e-15 	 -6.066762e-16
1 	 534 	 3 	 1 	 -6.911813e-15 	 -6.406921e-16
1 	 535 	 3 	 1 	 -6.771470e-15 	 -6.706677e-16
1 	 536 	 3 	 1 	 -6.631127e-15 	 -7.006434e-16
1 	 537 	 3 	 1 	 -6.490783e-15 	 -7.306190e-16
1 	 538 	 3 	 1 	 -6.350440e-15 	 -7.605947e-16
1 	 539 	 3 	 1 	 -6.216365e-15 	 -7.878895e-16
1 	 540 	 3 	 1 	 -6.091692e-15 	 -8.111630e-16
1 	 541 	 3 	 1 	 -5.967020e-15 	 -8.344366e-16
1 	 542 	 3 	 1 	 -5.842347e-15 	 -8.577101e-16
1 	 543 	 3 	 1 	 -5.717675e-15 	 -8.809837e-16
1 	 544 	 3 	 1 	 -5.596757e-15 	 -9.027352e-16
1 	 545 	 3 	 1 	 -5.485497e-15 	 -9.205730e-16
1 	 546 	 3 	 1 	 -5.374236e-15 	 -9.384108e-16
1 	 547 	 3 	 1 	 -5.262975e-15 	 -9.562484e-16
1 	 548 	 3 	 1 	 -5.151715e-15 	 -9.740862e-16
1 	 549 	 3 	 1 	 -5.042303e-15 	 -9.912063e-16
1 	 550 	 3 	 1 	 -4.942604e-15 	 -1.004559e-15
1 	 551 	 3 	 1 	 -4.842905e-15 	 -1.017911e-15
1 	 552 	 3 	 1 	 -4.743206e-15 	 -1.031264e-15
1 	 553 	 3 	 1 	 -4.643507e-15 	 -1.044617e-15
1 	 554 	 3 	 1 	 -4.544209e-15 	 -1.057819e-15
1 	 555 	 3 	 1 	 -4.454556e-15 	 -1.067416e-15
1 	 556 	 3 	 1 	 -4.364903e-15 	 -1.077013e-15
1 	 557 	 3 	 1 	 -4.275250e-15 	 -1.086610e-15
1 	 558 	 3 	 1 	 -4.185596e-15 	 -1.096208e-15
1 	 559 	 3 	 1 	 -4.095943e-15 	 -1.105805e-15
1 	 560 	 3 	 1 	 -4.014386e-15 	 -1.112477e-15
1 	 561 	 3 	 1 	 -3.933532e-15 	 -1.118894e-15
1 	 562 	 3 	 1 	 -3.852679e-15 	 -1.125311e-15
1 	 563 	 3 	 1 	 -3.771826e-15 	 -1.131728e-15
1 	 564 	 3 	 1 	 -3.690973e-15 	 -1.138146e-15
1 	 565 	 3 	 1 	 -3.616336e-15 	 -1.142393e-15
1 	 566 	 3 	 1 	 -3.543253e-15 	 -1.146098e-15
1 	 567 	 3 	 1 	 -3.470170e-15 	 -1.149803e-15
1 	 568 	 3 	 1 	 -3.397087e-15 	 -1.153507e-15
1 	 569 	 3 	 1 	 -3.324004e-15 	 -1.157212e-15
1 	 570 	 3 	 1 	 -3.255622e-15 	 -1.159338e-15
1 	 571 	 3 	 1 	 -3.189451e-15 	 -1.160721e-15
1 	 572 	 3 	 1 	 -3.123281e-15 	 -1.162104e-15
1 	 573 	 3 	 1 	 -3.057110e-15 	 -1.163487e-15
1 	 574 	 3 	 1 	 -2.990939e-15 	 -1.164870e-15
1 	 575 	 3 	 1 	 -2.928235e-15 	 -1.165140e-15
1 	 576 	 3 	 1 	 -2.868255e-15 	 -1.164536e-15
1 	 577 	 3 	 1 	 -2.808275e-15 	 -1.163932e-15
1 	 578 	 3 	 1 	 -2.748295e-15 	 -1.163328e-15
1 	 579 	 3 	 1 	 -2.688314e-15 	 -1.162723e-15
1 	 580 	 3 	 1 	 -2.630787e-15 	 -1.161374e-15
1 	 581 	 3 	 1 	 -2.576383e-15 	 -1.159076e-15
1 	 582 	 3 	 1 	 -2.521978e-15 	 -1.156778e-15
1 	 583 	 3 	 1 	 -2.467574e-15 	 -1.154479e-15
1 	 584 	 3 	 1 	 -2.413169e-15 	 -1.152181e-15
1 	 585 	 3 	 1 	 -2.360379e-15 	 -1.149424e-15
1 	 586 	 3 	 1 	 -2.311021e-15 	 -1.145692e-15
1 	 587 	 3 	 1 	 -2.261663e-15 	 -1.141961e-15
1 	 588 	 3 	 1 	 -2.212305e-15 	 -1.138228e-15
1 	 589 	 3 	 1 	 -2.162946e-15 	 -1.134497e-15
1 	 590 	 3 	 1 	 -2.114505e-15 	 -1.130524e-15
1 	 591 	 3 	 1 	 -2.069731e-15 	 -1.125592e-15
1 	 592 	 3 	 1 	 -2.024957e-15 	 -1.120659e-15
1 	 593 	 3 	 1 	 -1.980183e-15 	 -1.115727e-15
1 	 594 	 3 	 1 	 -1.935409e-15 	 -1.110794e-15
1 	 595 	 3 	 1 	 -1.890969e-15 	 -1.105782e-15
1 	 596 	 3 	 1 	 -1.850372e-15 	 -1.099859e-15
1 	 597 	 3 	 1 	 -1.809775e-15 	 -1.093936e-15
1 	 598 	 3 	 1 	 -1.769178e-15 	 -1.088013e-15
1 	 599 	 3 	 1 	 -1.728581e-15 	 -1.082090e-15
1 	 600 	 3 	 1 	 -1.687984e-15 	 -1.076166e-15
1 	 601 	 3 	 1 	 -1.651048e-15 	 -1.069474e-15
1 	 602 	 3 	 1 	 -1.614264e-15 	 -1.062749e-15
1 	 603 	 3 	 1 	 -1.577480e-15 	 -1.056024e-15
1 	 604 	 3 	 1 	 -1.540696e-15 	 -1.049299e-15
1 	 605 	 3 	 1 	 -1.503913e-15 	 -1.042575e-15
1 	 606 	 3 	 1 	 -1.470057e-15 	 -1.035319e-15
1 	 607 	 3 	 1 	 -1.436759e-15 	 -1.027963e-15
1 	 608 	 3 	 1 	 -1.403461e-15 	 -1.020607e-15
1 	 609 	 3 	 1 	 -1.370164e-15 	 -1.013250e-15
1 	 610 	 3 	 1 	 -1.336866e-15 	 -1.005894e-15
1 	 611 	 3 	 1 	 -1.305864e-15 	 -9.981922e-16
1 	 612 	 3 	 1 	 -1.275756e-15 	 -9.903563e-16
1 	 613 	 3 	 1 	 -1.245647e-15 	 -9.825205e-16
1 	 614 	 3 	 1 	 -1.215538e-15 	 -9.746846e-16
1 	 615 	 3 	 1 	 -1.185430e-15 	 -9.668488e-16
1 	 616 	 3 	 1 	 -1.157072e-15 	 -9.588064e-16
1 	 617 	 3 	 1 	 -1.129881e-15 	 -9.506260e-16
1 	 618 	 3 	 1 	 -1.102691e-15 	 -9.424458e-16
1 	 619 	 3 	 1 	 -1.075500e-15 	 -9.342656e-16
1 	 620 	 3 	 1 	 -1.048310e-15 	 -9.260854e-16
1 	 621 	 3 	 1 	 -1.022400e-15 	 -9.177969e-16
1 	 622 	 3 	 1 	 -9.978791e-16 	 -9.093913e-16
1 	 623 	 3 	 1 	 -9.733579e-16 	 -9.009858e-16
1 	 624 	 3 	 1 	 -9.488367e-16 	 -8.925802e-16
1 	 625 	 3 	 1 	 -9.243155e-16 	 -8.841747e-16
1 	 626 	 3 	 1 	 -9.006728e-16 	 -8.757253e-16
1 	 627 	 3 	 1 	 -8.785916e-16 	 -8.671983e-16
1 	 628 	 3 	 1 	 -8.565104e-16 	 -8.586713e-16
1 	 629 	 3 	 1 	 -8.344293e-16 	 -8.501443e-16
1 	 630 	 3 	 1 	 -8.123481e-16 	 -8.416172e-16
1 	 631 	 3 	 1 	 -7.908015e-16 	 -8.330825e-16
1 	 632 	 3 	 1 	 -7.709478e-16 	 -8.245236e-16
1 	 633 	 3 	 1 	 -7.510941e-16 	 -8.159647e-16
1 	 634 	 3 	 1 	 -7.312403e-16 	 -8.074057e-16
1 	 635 	 3 	 1 	 -7.113866e-16 	 -7.988468e-16
1 	 636 	 3 	 1 	 -6.917764e-16 	 -7.902932e-16
1 	 637 	 3 	 1 	 -6.739520e-16 	 -7.817786e-16
1 	 638 	 3 	 1 	 -6.561277e-16 	 -7.732641e-16
1 	 639 	 3 	 1 	 -6.383034e-16 	 -7.647496e-16
1 	 640 	 3 	 1 	 -6.204790e-16 	 -7.562350e-16
1 	 641 	 3 	 1 	 -6.026547e-16 	 -7.477205e-16
1 	 1 	 3 	 2 	 -3.577454e-17 	 -2.624981e-17
1 	 2 	 3 	 2 	 -3.698125e-17 	 -2.646926e-17
1 	 3 	 3 	 2 	 -3.818795e-17 	 -2.668871e-17
1 	 4 	 3 	 2 	 -3.939466e-17 	 -2.690816e-17
1 	 5 	 3 	 2 	 -4.060136e-17 	 -2.712762e-17
1 	 6 	 3 	 2 	 -4.180806e-17 	 -2.734707e-17
1 	 7 	 3 	 2 	 -4.315817e-17 	 -2.753142e-17
1 	 8 	 3 	 2 	 -4.452784e-17 	 -2.771098e-17
1 	 9 	 3 	 2 	 -4.589750e-17 	 -2.789054e-17
1 	 10 	 3 	 2 	 -4.726717e-17 	 -2.807010e-17
1 	 11 	 3 	 2 	 -4.863683e-17 	 -2.824966e-17
1 	 12 	 3 	 2 	 -5.014484e-17 	 -2.838769e-17
1 	 13 	 3 	 2 	 -5.169653e-17 	 -2.851261e-17
1 	 14 	 3 	 2 	 -5.324822e-17 	 -2.863753e-17
1 	 15 	 3 	 2 	 -5.479991e-17 	 -2.876245e-17
1 	 16 	 3 	 2 	 -5.635161e-17 	 -2.888736e-17
1 	 17 	 3 	 2 	 -5.803302e-17 	 -2.896569e-17
1 	 18 	 3 	 2 	 -5.978740e-17 	 -2.901780e-17
1 	 19 	 3 	 2 	 -6.154178e-17 	 -2.906992e-17
1 	 20 	 3 	 2 	 -6.329616e-17 	 -2.912204e-17
1 	 21 	 3 	 2 	 -6.505054e-17 	 -2.917415e-17
1 	 22 	 3 	 2 	 -6.692196e-17 	 -2.917693e-17
1 	 23 	 3 	 2 	 -6.890139e-17 	 -2.913417e-17
1 	 24 	 3 	 2 	 -7.088084e-17 	 -2.909141e-17
1 	 25 	 3 	 2 	 -7.286027e-17 	 -2.904864e-17
1 	 26 	 3 	 2 	 -7.483972e-17 	 -2.900588e-17
1 	 27 	 3 	 2 	 -7.691883e-17 	 -2.891454e-17
1 	 28 	 3 	 2 	 -7.914746e-17 	 -2.875032e-17
1 	 29 	 3 	 2 	 -8.137609e-17 	 -2.858610e-17
1 	 30 	 3 	 2 	 -8.360473e-17 	 -2.842188e-17
1 	 31 	 3 	 2 	 -8.583336e-17 	 -2.825767e-17
1 	 32 	 3 	 2 	 -8.813900e-17 	 -2.805056e-17
1 	 33 	 3 	 2 	 -9.064267e-17 	 -2.773316e-17
1 	 34 	 3 	 2 	 -9.314634e-17 	 -2.741576e-17
1 	 35 	 3 	 2 	 -9.565001e-17 	 -2.709836e-17
1 	 36 	 3 	 2 	 -9.815368e-17 	 -2.678096e-17
1 	 37 	 3 	 2 	 -1.007057e-16 	 -2.643303e-17
1 	 38 	 3 	 2 	 -1.035118e-16 	 -2.592477e-17
1 	 39 	 3 	 2 	 -1.063179e-16 	 -2.541651e-17
1 	 40 	 3 	 2 	 -1.091240e-16 	 -2.490825e-17
1 	 41 	 3 	 2 	 -1.119301e-16 	 -2.439999e-17
1 	 42 	 3 	 2 	 -1.147494e-16 	 -2.388231e-17
1 	 43 	 3 	 2 	 -1.178864e-16 	 -2.313863e-17
1 	 44 	 3 	 2 	 -1.210235e-16 	 -2.239496e-17
1 	 45 	 3 	 2 	 -1.241606e-16 	 -2.165129e-17
1 	 46 	 3 	 2 	 -1.272976e-16 	 -2.090761e-17
1 	 47 	 3 	 2 	 -1.304347e-16 	 -2.016394e-17
1 	 48 	 3 	 2 	 -1.339032e-16 	 -1.915541e-17
1 	 49 	 3 	 2 	 -1.374004e-16 	 -1.812385e-17
1 	 50 	 3 	 2 	 -1.408977e-16 	 -1.709229e-17
1 	 51 	 3 	 2 	 -1.443950e-16 	 -1.606073e-17
1 	 52 	 3 	 2 	 -1.478923e-16 	 -1.502917e-17
1 	 53 	 3 	 2 	 -1.517011e-16 	 -1.371811e-17
1 	 54 	 3 	 2 	 -1.555878e-16 	 -1.233716e-17
1 	 55 	 3 	 2 	 -1.594745e-16 	 -1.095621e-17
1 	 56 	 3 	 2 	 -1.633612e-16 	 -9.575268e-18
1 	 57 	 3 	 2 	 -1.672479e-16 	 -8.194322e-18
1 	 58 	 3 	 2 	 -1.714184e-16 	 -6.527109e-18
1 	 59 	 3 	 2 	 -1.757225e-16 	 -4.725182e-18
1 	 60 	 3 	 2 	 -1.800266e-16 	 -2.923255e-18
1 	 61 	 3 	 2 	 -1.843307e-16 	 -1.121327e-18
1 	 62 	 3 	 2 	 -1.886348e-16 	 6.805996e-19
1 	 63 	 3 	 2 	 -1.931869e-16 	 2.764520e-18
1 	 64 	 3 	 2 	 -1.979338e-16 	 5.070007e-18
1 	 65 	 3 	 2 	 -2.026808e-16 	 7.375493e-18
1 	 66 	 3 	 2 	 -2.074278e-16 	 9.680979e-18
1 	 67 	 3 	 2 	 -2.121747e-16 	 1.198647e-17
1 	 68 	 3 	 2 	 -2.171259e-16 	 1.455495e-17
1 	 69 	 3 	 2 	 -2.223370e-16 	 1.745815e-17
1 	 70 	 3 	 2 	 -2.275481e-16 	 2.036135e-17
1 	 71 	 3 	 2 	 -2.327591e-16 	 2.326455e-17
1 	 72 	 3 	 2 	 -2.379702e-16 	 2.616776e-17
1 	 73 	 3 	 2 	 -2.433346e-16 	 2.929607e-17
1 	 74 	 3 	 2 	 -2.490248e-16 	 3.290275e-17
1 	 75 	 3 	 2 	 -2.547150e-16 	 3.650943e-17
1 	 76 	 3 	 2 	 -2.604052e-16 	 4.011611e-17
1 	 77 	 3 	 2 	 -2.660953e-16 	 4.372279e-17
1 	 78 	 3 	 2 	 -2.718826e-16 	 4.749345e-17
1 	 79 	 3 	 2 	 -2.780584e-16 	 5.192005e-17
1 	 80 	 3 	 2 	 -2.842342e-16 	 5.634665e-17
1 	 81 	 3 	 2 	 -2.904099e-16 	 6.077324e-17
1 	 82 	 3 	 2 	 -2.965857e-16 	 6.519984e-17
1 	 83 	 3 	 2 	 -3.028000e-16 	 6.970201e-17
1 	 84 	 3 	 2 	 -3.094573e-16 	 7.507326e-17
1 	 85 	 3 	 2 	 -3.161146e-16 	 8.044450e-17
1 	 86 	 3 	 2 	 -3.227719e-16 	 8.581574e-17
1 	 87 	 3 	 2 	 -3.294293e-16 	 9.118699e-17
1 	 88 	 3 	 2 	 -3.360866e-16 	 9.655823e-17
1 	 89 	 3 	 2 	 -3.431914e-16 	 1.029599e-16
1 	 90 	 3 	 2 	 -3.503148e-16 	 1.094045e-16
1 	 91 	 3 	 2 	 -3.574382e-16 	 1.158492e-16
1 	 92 	 3 	 2 	 -3.645616e-16 	 1.222938e-16
1 	 93 	 3 	 2 	 -3.716850e-16 	 1.287384e-16
1 	 94 	 3 	 2 	 -3.791783e-16 	 1.361907e-16
1 	 95 	 3 	 2 	 -3.867420e-16 	 1.438349e-16
1 	 96 	 3 	 2 	 -3.943057e-16 	 1.514791e-16
1 	 97 	 3 	 2 	 -4.018694e-16 	 1.591234e-16
1 	 98 	 3 	 2 	 -4.094331e-16 	 1.667676e-16
1 	 99 	 3 	 2 	 -4.172914e-16 	 1.753582e-16
1 	 100 	 3 	 2 	 -4.252643e-16 	 1.843168e-16
1 	 101 	 3 	 2 	 -4.332372e-16 	 1.932754e-16
1 	 102 	 3 	 2 	 -4.412101e-16 	 2.022341e-16
1 	 103 	 3 	 2 	 -4.491831e-16 	 2.111927e-16
1 	 104 	 3 	 2 	 -4.573866e-16 	 2.209954e-16
1 	 105 	 3 	 2 	 -4.657439e-16 	 2.313608e-16
1 	 106 	 3 	 2 	 -4.741012e-16 	 2.417262e-16
1 	 107 	 3 	 2 	 -4.824585e-16 	 2.520916e-16
1 	 108 	 3 	 2 	 -4.908158e-16 	 2.624570e-16
1 	 109 	 3 	 2 	 -4.993591e-16 	 2.735256e-16
1 	 110 	 3 	 2 	 -5.081038e-16 	 2.853560e-16
1 	 111 	 3 	 2 	 -5.168486e-16 	 2.971863e-16
1 	 112 	 3 	 2 	 -5.255934e-16 	 3.090167e-16
1 	 113 	 3 	 2 	 -5.343381e-16 	 3.208470e-16
1 	 114 	 3 	 2 	 -5.432466e-16 	 3.332101e-16
1 	 115 	 3 	 2 	 -5.524463e-16 	 3.465201e-16
1 	 116 	 3 	 2 	 -5.616460e-16 	 3.598302e-16
1 	 117 	 3 	 2 	 -5.708457e-16 	 3.731403e-16
1 	 118 	 3 	 2 	 -5.800454e-16 	 3.864503e-16
1 	 119 	 3 	 2 	 -5.893995e-16 	 4.001085e-16
1 	 120 	 3 	 2 	 -5.992426e-16 	 4.148692e-16
1 	 121 	 3 	 2 	 -6.090858e-16 	 4.296299e-16
1 	 122 	 3 	 2 	 -6.189289e-16 	 4.443905e-16
1 	 123 	 3 	 2 	 -6.287720e-16 	 4.591512e-16
1 	 124 	 3 	 2 	 -6.387395e-16 	 4.740795e-16
1 	 125 	 3 	 2 	 -6.496184e-16 	 4.902368e-16
1 	 126 	 3 	 2 	 -6.604972e-16 	 5.063941e-16
1 	 127 	 3 	 2 	 -6.713761e-16 	 5.225515e-16
1 	 128 	 3 	 2 	 -6.822550e-16 	 5.387088e-16
1 	 129 	 3 	 2 	 -6.931338e-16 	 5.548661e-16
1 	 130 	 3 	 2 	 -7.057572e-16 	 5.723965e-16
1 	 131 	 3 	 2 	 -7.183805e-16 	 5.899269e-16
1 	 132 	 3 	 2 	 -7.310038e-16 	 6.074574e-16
1 	 133 	 3 	 2 	 -7.436271e-16 	 6.249879e-16
1 	 134 	 3 	 2 	 -7.562504e-16 	 6.425183e-16
1 	 135 	 3 	 2 	 -7.714374e-16 	 6.613658e-16
1 	 136 	 3 	 2 	 -7.869740e-16 	 6.803930e-16
1 	 137 	 3 	 2 	 -8.025106e-16 	 6.994201e-16
1 	 138 	 3 	 2 	 -8.180472e-16 	 7.184473e-16
1 	 139 	 3 	 2 	 -8.335837e-16 	 7.374745e-16
1 	 140 	 3 	 2 	 -8.526992e-16 	 7.580081e-16
1 	 141 	 3 	 2 	 -8.729448e-16 	 7.790174e-16
1 	 142 	 3 	 2 	 -8.931905e-16 	 8.000267e-16
1 	 143 	 3 	 2 	 -9.134362e-16 	 8.210360e-16
1 	 144 	 3 	 2 	 -9.336819e-16 	 8.420453e-16
1 	 145 	 3 	 2 	 -9.585990e-16 	 8.650966e-16
1 	 146 	 3 	 2 	 -9.861438e-16 	 8.892966e-16
1 	 147 	 3 	 2 	 -1.013689e-15 	 9.134966e-16
1 	 148 	 3 	 2 	 -1.041233e-15 	 9.376965e-16
1 	 149 	 3 	 2 	 -1.068778e-15 	 9.618964e-16
1 	 150 	 3 	 2 	 -1.101940e-15 	 9.890562e-16
1 	 151 	 3 	 2 	 -1.140286e-15 	 1.018948e-15
1 	 152 	 3 	 2 	 -1.178633e-15 	 1.048840e-15
1 	 153 	 3 	 2 	 -1.216979e-15 	 1.078732e-15
1 	 154 	 3 	 2 	 -1.255326e-15 	 1.108624e-15
1 	 155 	 3 	 2 	 -1.299750e-15 	 1.142649e-15
1 	 156 	 3 	 2 	 -1.353292e-15 	 1.182875e-15
1 	 157 	 3 	 2 	 -1.406833e-15 	 1.223100e-15
1 	 158 	 3 	 2 	 -1.460375e-15 	 1.263326e-15
1 	 159 	 3 	 2 	 -1.513916e-15 	 1.303552e-15
1 	 160 	 3 	 2 	 -1.573105e-15 	 1.348905e-15
1 	 161 	 3 	 2 	 -1.646814e-15 	 1.407445e-15
1 	 162 	 3 	 2 	 -1.720523e-15 	 1.465985e-15
1 	 163 	 3 	 2 	 -1.794232e-15 	 1.524525e-15
1 	 164 	 3 	 2 	 -1.867941e-15 	 1.583064e-15
1 	 165 	 3 	 2 	 -1.945631e-15 	 1.646600e-15
1 	 166 	 3 	 2 	 -2.044215e-15 	 1.736369e-15
1 	 167 	 3 	 2 	 -2.142800e-15 	 1.826137e-15
1 	 168 	 3 	 2 	 -2.241384e-15 	 1.915905e-15
1 	 169 	 3 	 2 	 -2.339969e-15 	 2.005673e-15
1 	 170 	 3 	 2 	 -2.439656e-15 	 2.097483e-15
1 	 171 	 3 	 2 	 -2.565823e-15 	 2.238313e-15
1 	 172 	 3 	 2 	 -2.691990e-15 	 2.379143e-15
1 	 173 	 3 	 2 	 -2.818157e-15 	 2.519973e-15
1 	 174 	 3 	 2 	 -2.944324e-15 	 2.660802e-15
1 	 175 	 3 	 2 	 -3.070490e-15 	 2.801632e-15
1 	 176 	 3 	 2 	 -3.219794e-15 	 3.016109e-15
1 	 177 	 3 	 2 	 -3.371109e-15 	 3.236990e-15
1 	 178 	 3 	 2 	 -3.522423e-15 	 3.457872e-15
1 	 179 	 3 	 2 	 -3.673738e-15 	 3.678753e-15
1 	 180 	 3 	 2 	 -3.825053e-15 	 3.899634e-15
1 	 181 	 3 	 2 	 -3.986238e-15 	 4.216772e-15
1 	 182 	 3 	 2 	 -4.149890e-15 	 4.557974e-15
1 	 183 	 3 	 2 	 -4.313542e-15 	 4.899175e-15
1 	 184 	 3 	 2 	 -4.477194e-15 	 5.240376e-15
1 	 185 	 3 	 2 	 -4.640846e-15 	 5.581578e-15
1 	 186 	 3 	 2 	 -4.791539e-15 	 6.040495e-15
1 	 187 	 3 	 2 	 -4.936134e-15 	 6.554808e-15
1 	 188 	 3 	 2 	 -5.080728e-15 	 7.069121e-15
1 	 189 	 3 	 2 	 -5.225323e-15 	 7.583433e-15
1 	 190 	 3 	 2 	 -5.369917e-15 	 8.097747e-15
1 	 191 	 3 	 2 	 -5.469029e-15 	 8.744993e-15
1 	 192 	 3 	 2 	 -5.532405e-15 	 9.496688e-15
1 	 193 	 3 	 2 	 -5.595780e-15 	 1.024838e-14
1 	 194 	 3 	 2 	 -5.659155e-15 	 1.100008e-14
1 	 195 	 3 	 2 	 -5.722530e-15 	 1.175177e-14
1 	 196 	 3 	 2 	 -5.701733e-15 	 1.263872e-14
1 	 197 	 3 	 2 	 -5.573807e-15 	 1.369782e-14
1 	 198 	 3 	 2 	 -5.445881e-15 	 1.475692e-14
1 	 199 	 3 	 2 	 -5.317955e-15 	 1.581601e-14
1 	 200 	 3 	 2 	 -5.190030e-15 	 1.687511e-14
1 	 201 	 3 	 2 	 -4.943051e-15 	 1.805226e-14
1 	 202 	 3 	 2 	 -4.443088e-15 	 1.948026e-14
1 	 203 	 3 	 2 	 -3.943123e-15 	 2.090825e-14
1 	 204 	 3 	 2 	 -3.443159e-15 	 2.233625e-14
1 	 205 	 3 	 2 	 -2.943196e-15 	 2.376425e-14
1 	 206 	 3 	 2 	 -2.312970e-15 	 2.527088e-14
1 	 207 	 3 	 2 	 -1.161698e-15 	 2.709201e-14
1 	 208 	 3 	 2 	 -1.042669e-17 	 2.891315e-14
1 	 209 	 3 	 2 	 1.140845e-15 	 3.073429e-14
1 	 210 	 3 	 2 	 2.292116e-15 	 3.255542e-14
1 	 211 	 3 	 2 	 3.528136e-15 	 3.440282e-14
1 	 212 	 3 	 2 	 5.738758e-15 	 3.655223e-14
1 	 213 	 3 	 2 	 7.949380e-15 	 3.870163e-14
1 	 214 	 3 	 2 	 1.016000e-14 	 4.085103e-14
1 	 215 	 3 	 2 	 1.237062e-14 	 4.300044e-14
1 	 216 	 3 	 2 	 1.458125e-14 	 4.514984e-14
1 	 217 	 3 	 2 	 1.834846e-14 	 4.738316e-14
1 	 218 	 3 	 2 	 2.218054e-14 	 4.961996e-14
1 	 219 	 3 	 2 	 2.601261e-14 	 5.185677e-14
1 	 220 	 3 	 2 	 2.984468e-14 	 5.409358e-14
1 	 221 	 3 	 2 	 3.367676e-14 	 5.633038e-14
1 	 222 	 3 	 2 	 3.947650e-14 	 5.817523e-14
1 	 223 	 3 	 2 	 4.565104e-14 	 5.994542e-14
1 	 224 	 3 	 2 	 5.182557e-14 	 6.171560e-14
1 	 225 	 3 	 2 	 5.800011e-14 	 6.348578e-14
1 	 226 	 3 	 2 	 6.417464e-14 	 6.525597e-14
1 	 227 	 3 	 2 	 7.263692e-14 	 6.591844e-14
1 	 228 	 3 	 2 	 8.198889e-14 	 6.615014e-14
1 	 229 	 3 	 2 	 9.134085e-14 	 6.638184e-14
1 	 230 	 3 	 2 	 1.006928e-13 	 6.661353e-14
1 	 231 	 3 	 2 	 1.100448e-13 	 6.684522e-14
1 	 232 	 3 	 2 	 1.217847e-13 	 6.502781e-14
1 	 233 	 3 	 2 	 1.351167e-13 	 6.184432e-14
1 	 234 	 3 	 2 	 1.484486e-13 	 5.866083e-14
1 	 235 	 3 	 2 	 1.617805e-13 	 5.547734e-14
1 	 236 	 3 	 2 	 1.751125e-13 	 5.229386e-14
1 	 237 	 3 	 2 	 1.905646e-13 	 4.600577e-14
1 	 238 	 3 	 2 	 2.083135e-13 	 3.635438e-14
1 	 239 	 3 	 2 	 2.260624e-13 	 2.670299e-14
1 	 240 	 3 	 2 	 2.438114e-13 	 1.705159e-14
1 	 241 	 3 	 2 	 2.615603e-13 	 7.400200e-15
1 	 242 	 3 	 2 	 2.806902e-13 	 -6.254357e-15
1 	 243 	 3 	 2 	 3.022752e-13 	 -2.702565e-14
1 	 244 	 3 	 2 	 3.238602e-13 	 -4.779694e-14
1 	 245 	 3 	 2 	 3.454452e-13 	 -6.856823e-14
1 	 246 	 3 	 2 	 3.670301e-13 	 -8.933953e-14
1 	 247 	 3 	 2 	 3.888727e-13 	 -1.143686e-13
1 	 248 	 3 	 2 	 4.115308e-13 	 -1.528806e-13
1 	 249 	 3 	 2 	 4.341890e-13 	 -1.913926e-13
1 	 250 	 3 	 2 	 4.568471e-13 	 -2.299047e-13
1 	 251 	 3 	 2 	 4.795053e-13 	 -2.684167e-13
1 	 252 	 3 	 2 	 5.014673e-13 	 -3.100967e-13
1 	 253 	 3 	 2 	 5.183243e-13 	 -3.750086e-13
1 	 254 	 3 	 2 	 5.351812e-13 	 -4.399206e-13
1 	 255 	 3 	 2 	 5.520381e-13 	 -5.048324e-13
1 	 256 	 3 	 2 	 5.688950e-13 	 -5.697444e-13
1 	 257 	 3 	 2 	 5.857519e-13 	 -6.346563e-13
1 	 258 	 3 	 2 	 5.828359e-13 	 -7.359419e-13
1 	 259 	 3 	 2 	 5.799198e-13 	 -8.372273e-13
1 	 260 	 3 	 2 	 5.770037e-13 	 -9.385128e-13
1 	 261 	 3 	 2 	 5.740877e-13 	 -1.039798e-12
1 	 262 	 3 	 2 	 5.711716e-13 	 -1.141084e-12
1 	 263 	 3 	 2 	 5.285427e-13 	 -1.282191e-12
1 	 264 	 3 	 2 	 4.804985e-13 	 -1.428729e-12
1 	 265 	 3 	 2 	 4.324542e-13 	 -1.575266e-12
1 	 266 	 3 	 2 	 3.844100e-13 	 -1.721804e-12
1 	 267 	 3 	 2 	 3.363658e-13 	 -1.868341e-12
1 	 268 	 3 	 2 	 2.218486e-13 	 -2.050943e-12
1 	 269 	 3 	 2 	 8.634003e-14 	 -2.244932e-12
1 	 270 	 3 	 2 	 -4.916855e-14 	 -2.438921e-12
1 	 271 	 3 	 2 	 -1.846771e-13 	 -2.632911e-12
1 	 272 	 3 	 2 	 -3.201857e-13 	 -2.826900e-12
1 	 273 	 3 	 2 	 -5.537043e-13 	 -3.041321e-12
1 	 274 	 3 	 2 	 -8.423535e-13 	 -3.267233e-12
1 	 275 	 3 	 2 	 -1.131003e-12 	 -3.493146e-12
1 	 276 	 3 	 2 	 -1.419652e-12 	 -3.719059e-12
1 	 277 	 3 	 2 	 -1.708301e-12 	 -3.944972e-12
1 	 278 	 3 	 2 	 -2.125767e-12 	 -4.159918e-12
1 	 279 	 3 	 2 	 -2.662142e-12 	 -4.364739e-12
1 	 280 	 3 	 2 	 -3.198516e-12 	 -4.569561e-12
1 	 281 	 3 	 2 	 -3.734890e-12 	 -4.774383e-12
1 	 282 	 3 	 2 	 -4.271264e-12 	 -4.979205e-12
1 	 283 	 3 	 2 	 -4.956964e-12 	 -5.126356e-12
1 	 284 	 3 	 2 	 -5.866651e-12 	 -5.186999e-12
1 	 285 	 3 	 2 	 -6.776339e-12 	 -5.247643e-12
1 	 286 	 3 	 2 	 -7.686026e-12 	 -5.308287e-12
1 	 287 	 3 	 2 	 -8.595714e-12 	 -5.368931e-12
1 	 288 	 3 	 2 	 -9.653038e-12 	 -5.321187e-12
1 	 289 	 3 	 2 	 -1.109000e-11 	 -4.994729e-12
1 	 290 	 3 	 2 	 -1.252696e-11 	 -4.668272e-12
1 	 291 	 3 	 2 	 -1.396392e-11 	 -4.341816e-12
1 	 292 	 3 	 2 	 -1.540088e-11 	 -4.015358e-12
1 	 293 	 3 	 2 	 -1.695332e-11 	 -3.557921e-12
1 	 294 	 3 	 2 	 -1.911201e-11 	 -2.412835e-12
1 	 295 	 3 	 2 	 -2.127070e-11 	 -1.267750e-12
1 	 296 	 3 	 2 	 -2.342940e-11 	 -1.226641e-13
1 	 297 	 3 	 2 	 -2.558809e-11 	 1.022421e-12
1 	 298 	 3 	 2 	 -2.779367e-11 	 2.227921e-12
1 	 299 	 3 	 2 	 -3.112445e-11 	 4.883345e-12
1 	 300 	 3 	 2 	 -3.445523e-11 	 7.538769e-12
1 	 301 	 3 	 2 	 -3.778601e-11 	 1.019419e-11
1 	 302 	 3 	 2 	 -4.111680e-11 	 1.284962e-11
1 	 303 	 3 	 2 	 -4.444758e-11 	 1.550504e-11
1 	 304 	 3 	 2 	 -5.175109e-11 	 2.034980e-11
1 	 305 	 3 	 2 	 -5.940005e-11 	 2.538494e-11
1 	 306 	 3 	 2 	 -6.704902e-11 	 3.042007e-11
1 	 307 	 3 	 2 	 -7.469798e-11 	 3.545521e-11
1 	 308 	 3 	 2 	 -8.234695e-11 	 4.049035e-11
1 	 309 	 3 	 2 	 -1.293359e-10 	 4.687089e-11
1 	 310 	 3 	 2 	 -1.861598e-10 	 5.358779e-11
1 	 311 	 3 	 2 	 -2.429837e-10 	 6.030468e-11
1 	 312 	 3 	 2 	 -2.998077e-10 	 6.702158e-11
1 	 313 	 3 	 2 	 -3.566316e-10 	 7.373848e-11
1 	 314 	 3 	 2 	 -1.153363e-09 	 6.825397e-11
1 	 315 	 3 	 2 	 -2.298286e-09 	 5.702763e-11
1 	 316 	 3 	 2 	 -3.443210e-09 	 4.580129e-11
1 	 317 	 3 	 2 	 -4.588133e-09 	 3.457494e-11
1 	 318 	 3 	 2 	 -5.733057e-09 	 2.334860e-11
1 	 319 	 3 	 2 	 -4.872518e-09 	 1.438204e-11
1 	 320 	 3 	 2 	 -2.436259e-09 	 7.191014e-12
1 	 321 	 3 	 2 	 -4.157386e-18 	 -7.990965e-18
1 	 322 	 3 	 2 	 2.436259e-09 	 -7.191029e-12
1 	 323 	 3 	 2 	 4.872518e-09 	 -1.438205e-11
1 	 324 	 3 	 2 	 5.733057e-09 	 -2.334861e-11
1 	 325 	 3 	 2 	 4.588133e-09 	 -3.457496e-11
1 	 326 	 3 	 2 	 3.443210e-09 	 -4.580130e-11
1 	 327 	 3 	 2 	 2.298286e-09 	 -5.702764e-11
1 	 328 	 3 	 2 	 1.153363e-09 	 -6.825399e-11
1 	 329 	 3 	 2 	 3.566316e-10 	 -7.373849e-11
1 	 330 	 3 	 2 	 2.998077e-10 	 -6.702159e-11
1 	 331 	 3 	 2 	 2.429837e-10 	 -6.030470e-11
1 	 332 	 3 	 2 	 1.861598e-10 	 -5.358780e-11
1 	 333 	 3 	 2 	 1.293359e-10 	 -4.687090e-11
1 	 334 	 3 	 2 	 8.234696e-11 	 -4.049035e-11
1 	 335 	 3 	 2 	 7.469799e-11 	 -3.545522e-11
1 	 336 	 3 	 2 	 6.704903e-11 	 -3.042008e-11
1 	 337 	 3 	 2 	 5.940006e-11 	 -2.538494e-11
1 	 338 	 3 	 2 	 5.175110e-11 	 -2.034980e-11
1 	 339 	 3 	 2 	 4.444758e-11 	 -1.550504e-11
1 	 340 	 3 	 2 	 4.111680e-11 	 -1.284962e-11
1 	 341 	 3 	 2 	 3.778602e-11 	 -1.019419e-11
1 	 342 	 3 	 2 	 3.445524e-11 	 -7.538766e-12
1 	 343 	 3 	 2 	 3.112446e-11 	 -4.883340e-12
1 	 344 	 3 	 2 	 2.779368e-11 	 -2.227914e-12
1 	 345 	 3 	 2 	 2.558810e-11 	 -1.022414e-12
1 	 346 	 3 	 2 	 2.342941e-11 	 1.226721e-13
1 	 347 	 3 	 2 	 2.127071e-11 	 1.267758e-12
1 	 348 	 3 	 2 	 1.911202e-11 	 2.412845e-12
1 	 349 	 3 	 2 	 1.695332e-11 	 3.557931e-12
1 	 350 	 3 	 2 	 1.540089e-11 	 4.015369e-12
1 	 351 	 3 	 2 	 1.396392e-11 	 4.341826e-12
1 	 352 	 3 	 2 	 1.252696e-11 	 4.668284e-12
1 	 353 	 3 	 2 	 1.109000e-11 	 4.994741e-12
1 	 354 	 3 	 2 	 9.653041e-12 	 5.321198e-12
1 	 355 	 3 	 2 	 8.595716e-12 	 5.368943e-12
1 	 356 	 3 	 2 	 7.686028e-12 	 5.308299e-12
1 	 357 	 3 	 2 	 6.776339e-12 	 5.247654e-12
1 	 358 	 3 	 2 	 5.866651e-12 	 5.187010e-12
1 	 359 	 3 	 2 	 4.956962e-12 	 5.126366e-12
1 	 360 	 3 	 2 	 4.271262e-12 	 4.979215e-12
1 	 361 	 3 	 2 	 3.734887e-12 	 4.774392e-12
1 	 362 	 3 	 2 	 3.198513e-12 	 4.569570e-12
1 	 363 	 3 	 2 	 2.662138e-12 	 4.364747e-12
1 	 364 	 3 	 2 	 2.125763e-12 	 4.159925e-12
1 	 365 	 3 	 2 	 1.708296e-12 	 3.944978e-12
1 	 366 	 3 	 2 	 1.419647e-12 	 3.719065e-12
1 	 367 	 3 	 2 	 1.130998e-12 	 3.493152e-12
1 	 368 	 3 	 2 	 8.423482e-13 	 3.267238e-12
1 	 369 	 3 	 2 	 5.536988e-13 	 3.041324e-12
1 	 370 	 3 	 2 	 3.201801e-13 	 2.826903e-12
1 	 371 	 3 	 2 	 1.846716e-13 	 2.632913e-12
1 	 372 	 3 	 2 	 4.916314e-14 	 2.438923e-12
1 	 373 	 3 	 2 	 -8.634535e-14 	 2.244933e-12
1 	 374 	 3 	 2 	 -2.218539e-13 	 2.050943e-12
1 	 375 	 3 	 2 	 -3.363709e-13 	 1.868342e-12
1 	 376 	 3 	 2 	 -3.844148e-13 	 1.721804e-12
1 	 377 	 3 	 2 	 -4.324588e-13 	 1.575266e-12
1 	 378 	 3 	 2 	 -4.805028e-13 	 1.428728e-12
1 	 379 	 3 	 2 	 -5.285468e-13 	 1.282190e-12
1 	 380 	 3 	 2 	 -5.711754e-13 	 1.141082e-12
1 	 381 	 3 	 2 	 -5.740911e-13 	 1.039796e-12
1 	 382 	 3 	 2 	 -5.770069e-13 	 9.385108e-13
1 	 383 	 3 	 2 	 -5.799227e-13 	 8.372250e-13
1 	 384 	 3 	 2 	 -5.828385e-13 	 7.359394e-13
1 	 385 	 3 	 2 	 -5.857542e-13 	 6.346537e-13
1 	 386 	 3 	 2 	 -5.688970e-13 	 5.697417e-13
1 	 387 	 3 	 2 	 -5.520398e-13 	 5.048298e-13
1 	 388 	 3 	 2 	 -5.351826e-13 	 4.399179e-13
1 	 389 	 3 	 2 	 -5.183255e-13 	 3.750059e-13
1 	 390 	 3 	 2 	 -5.014682e-13 	 3.100940e-13
1 	 391 	 3 	 2 	 -4.795060e-13 	 2.684140e-13
1 	 392 	 3 	 2 	 -4.568477e-13 	 2.299021e-13
1 	 393 	 3 	 2 	 -4.341893e-13 	 1.913901e-13
1 	 394 	 3 	 2 	 -4.115310e-13 	 1.528782e-13
1 	 395 	 3 	 2 	 -3.888726e-13 	 1.143662e-13
1 	 396 	 3 	 2 	 -3.670299e-13 	 8.933728e-14
1 	 397 	 3 	 2 	 -3.454449e-13 	 6.856610e-14
1 	 398 	 3 	 2 	 -3.238598e-13 	 4.779493e-14
1 	 399 	 3 	 2 	 -3.022747e-13 	 2.702376e-14
1 	 400 	 3 	 2 	 -2.806896e-13 	 6.252584e-15
1 	 401 	 3 	 2 	 -2.615596e-13 	 -7.401855e-15
1 	 402 	 3 	 2 	 -2.438106e-13 	 -1.705313e-14
1 	 403 	 3 	 2 	 -2.260616e-13 	 -2.670441e-14
1 	 404 	 3 	 2 	 -2.083127e-13 	 -3.635568e-14
1 	 405 	 3 	 2 	 -1.905637e-13 	 -4.600696e-14
1 	 406 	 3 	 2 	 -1.751116e-13 	 -5.229494e-14
1 	 407 	 3 	 2 	 -1.617796e-13 	 -5.547833e-14
1 	 408 	 3 	 2 	 -1.484477e-13 	 -5.866172e-14
1 	 409 	 3 	 2 	 -1.351158e-13 	 -6.184511e-14
1 	 410 	 3 	 2 	 -1.217838e-13 	 -6.502850e-14
1 	 411 	 3 	 2 	 -1.100439e-13 	 -6.684583e-14
1 	 412 	 3 	 2 	 -1.006919e-13 	 -6.661407e-14
1 	 413 	 3 	 2 	 -9.134000e-14 	 -6.638230e-14
1 	 414 	 3 	 2 	 -8.198807e-14 	 -6.615054e-14
1 	 415 	 3 	 2 	 -7.263612e-14 	 -6.591877e-14
1 	 416 	 3 	 2 	 -6.417387e-14 	 -6.525623e-14
1 	 417 	 3 	 2 	 -5.799937e-14 	 -6.348601e-14
1 	 418 	 3 	 2 	 -5.182487e-14 	 -6.171578e-14
1 	 419 	 3 	 2 	 -4.565036e-14 	 -5.994554e-14
1 	 420 	 3 	 2 	 -3.947586e-14 	 -5.817531e-14
1 	 421 	 3 	 2 	 -3.367615e-14 	 -5.633043e-14
1 	 422 	 3 	 2 	 -2.984411e-14 	 -5.409360e-14
1 	 423 	 3 	 2 	 -2.601207e-14 	 -5.185677e-14
1 	 424 	 3 	 2 	 -2.218003e-14 	 -4.961994e-14
1 	 425 	 3 	 2 	 -1.834799e-14 	 -4.738311e-14
1 	 426 	 3 	 2 	 -1.458081e-14 	 -4.514977e-14
1 	 427 	 3 	 2 	 -1.237021e-14 	 -4.300036e-14
1 	 428 	 3 	 2 	 -1.015962e-14 	 -4.085095e-14
1 	 429 	 3 	 2 	 -7.949026e-15 	 -3.870153e-14
1 	 430 	 3 	 2 	 -5.738433e-15 	 -3.655212e-14
1 	 431 	 3 	 2 	 -3.527840e-15 	 -3.440270e-14
1 	 432 	 3 	 2 	 -2.291842e-15 	 -3.255530e-14
1 	 433 	 3 	 2 	 -1.140592e-15 	 -3.073417e-14
1 	 434 	 3 	 2 	 1.065861e-17 	 -2.891303e-14
1 	 435 	 3 	 2 	 1.161909e-15 	 -2.709189e-14
1 	 436 	 3 	 2 	 2.313159e-15 	 -2.527075e-14
1 	 437 	 3 	 2 	 2.943369e-15 	 -2.376413e-14
1 	 438 	 3 	 2 	 3.443318e-15 	 -2.233613e-14
1 	 439 	 3 	 2 	 3.943267e-15 	 -2.090814e-14
1 	 440 	 3 	 2 	 4.443216e-15 	 -1.948014e-14
1 	 441 	 3 	 2 	 4.943165e-15 	 -1.805214e-14
1 	 442 	 3 	 2 	 5.190132e-15 	 -1.687500e-14
1 	 443 	 3 	 2 	 5.318048e-15 	 -1.581591e-14
1 	 444 	 3 	 2 	 5.445964e-15 	 -1.475682e-14
1 	 445 	 3 	 2 	 5.573880e-15 	 -1.369772e-14
1 	 446 	 3 	 2 	 5.701796e-15 	 -1.263863e-14
1 	 447 	 3 	 2 	 5.722586e-15 	 -1.175169e-14
1 	 448 	 3 	 2 	 5.659205e-15 	 -1.100000e-14
1 	 449 	 3 	 2 	 5.595824e-15 	 -1.024831e-14
1 	 450 	 3 	 2 	 5.532443e-15 	 -9.496616e-15
1 	 451 	 3 	 2 	 5.469062e-15 	 -8.744926e-15
1 	 452 	 3 	 2 	 5.369946e-15 	 -8.097683e-15
1 	 453 	 3 	 2 	 5.225348e-15 	 -7.583375e-15
1 	 454 	 3 	 2 	 5.080750e-15 	 -7.069066e-15
1 	 455 	 3 	 2 	 4.936152e-15 	 -6.554756e-15
1 	 456 	 3 	 2 	 4.791554e-15 	 -6.040448e-15
1 	 457 	 3 	 2 	 4.640859e-15 	 -5.581534e-15
1 	 458 	 3 	 2 	 4.477205e-15 	 -5.240335e-15
1 	 459 	 3 	 2 	 4.313552e-15 	 -4.899136e-15
1 	 460 	 3 	 2 	 4.149898e-15 	 -4.557938e-15
1 	 461 	 3 	 2 	 3.986244e-15 	 -4.216739e-15
1 	 462 	 3 	 2 	 3.825058e-15 	 -3.899605e-15
1 	 463 	 3 	 2 	 3.673743e-15 	 -3.678725e-15
1 	 464 	 3 	 2 	 3.522427e-15 	 -3.457846e-15
1 	 465 	 3 	 2 	 3.371112e-15 	 -3.236967e-15
1 	 466 	 3 	 2 	 3.219796e-15 	 -3.016088e-15
1 	 467 	 3 	 2 	 3.070492e-15 	 -2.801613e-15
1 	 468 	 3 	 2 	 2.944325e-15 	 -2.660785e-15
1 	 469 	 3 	 2 	 2.818158e-15 	 -2.519956e-15
1 	 470 	 3 	 2 	 2.691991e-15 	 -2.379128e-15
1 	 471 	 3 	 2 	 2.565824e-15 	 -2.238300e-15
1 	 472 	 3 	 2 	 2.439657e-15 	 -2.097471e-15
1 	 473 	 3 	 2 	 2.339969e-15 	 -2.005662e-15
1 	 474 	 3 	 2 	 2.241385e-15 	 -1.915895e-15
1 	 475 	 3 	 2 	 2.142800e-15 	 -1.826127e-15
1 	 476 	 3 	 2 	 2.044216e-15 	 -1.736360e-15
1 	 477 	 3 	 2 	 1.945631e-15 	 -1.646593e-15
1 	 478 	 3 	 2 	 1.867942e-15 	 -1.583058e-15
1 	 479 	 3 	 2 	 1.794233e-15 	 -1.524518e-15
1 	 480 	 3 	 2 	 1.720524e-15 	 -1.465979e-15
1 	 481 	 3 	 2 	 1.646815e-15 	 -1.407440e-15
1 	 482 	 3 	 2 	 1.573105e-15 	 -1.348901e-15
1 	 483 	 3 	 2 	 1.513917e-15 	 -1.303548e-15
1 	 484 	 3 	 2 	 1.460375e-15 	 -1.263322e-15
1 	 485 	 3 	 2 	 1.406834e-15 	 -1.223097e-15
1 	 486 	 3 	 2 	 1.353292e-15 	 -1.182871e-15
1 	 487 	 3 	 2 	 1.299751e-15 	 -1.142646e-15
1 	 488 	 3 	 2 	 1.255326e-15 	 -1.108621e-15
1 	 489 	 3 	 2 	 1.216980e-15 	 -1.078729e-15
1 	 490 	 3 	 2 	 1.178634e-15 	 -1.048838e-15
1 	 491 	 3 	 2 	 1.140287e-15 	 -1.018946e-15
1 	 492 	 3 	 2 	 1.101941e-15 	 -9.890543e-16
1 	 493 	 3 	 2 	 1.068780e-15 	 -9.618947e-16
1 	 494 	 3 	 2 	 1.041235e-15 	 -9.376948e-16
1 	 495 	 3 	 2 	 1.013690e-15 	 -9.134949e-16
1 	 496 	 3 	 2 	 9.861451e-16 	 -8.892950e-16
1 	 497 	 3 	 2 	 9.586003e-16 	 -8.650951e-16
1 	 498 	 3 	 2 	 9.336833e-16 	 -8.420438e-16
1 	 499 	 3 	 2 	 9.134376e-16 	 -8.210345e-16
1 	 500 	 3 	 2 	 8.931919e-16 	 -8.000253e-16
1 	 501 	 3 	 2 	 8.729462e-16 	 -7.790159e-16
1 	 502 	 3 	 2 	 8.527006e-16 	 -7.580067e-16
1 	 503 	 3 	 2 	 8.335851e-16 	 -7.374731e-16
1 	 504 	 3 	 2 	 8.180485e-16 	 -7.184459e-16
1 	 505 	 3 	 2 	 8.025119e-16 	 -6.994188e-16
1 	 506 	 3 	 2 	 7.869753e-16 	 -6.803917e-16
1 	 507 	 3 	 2 	 7.714387e-16 	 -6.613645e-16
1 	 508 	 3 	 2 	 7.562517e-16 	 -6.425169e-16
1 	 509 	 3 	 2 	 7.436284e-16 	 -6.249865e-16
1 	 510 	 3 	 2 	 7.310051e-16 	 -6.074561e-16
1 	 511 	 3 	 2 	 7.183817e-16 	 -5.899257e-16
1 	 512 	 3 	 2 	 7.057583e-16 	 -5.723953e-16
1 	 513 	 3 	 2 	 6.931350e-16 	 -5.548648e-16
1 	 514 	 3 	 2 	 6.822561e-16 	 -5.387075e-16
1 	 515 	 3 	 2 	 6.713772e-16 	 -5.225502e-16
1 	 516 	 3 	 2 	 6.604982e-16 	 -5.063929e-16
1 	 517 	 3 	 2 	 6.496193e-16 	 -4.902356e-16
1 	 518 	 3 	 2 	 6.387404e-16 	 -4.740782e-16
1 	 519 	 3 	 2 	 6.287729e-16 	 -4.591500e-16
1 	 520 	 3 	 2 	 6.189297e-16 	 -4.443893e-16
1 	 521 	 3 	 2 	 6.090865e-16 	 -4.296286e-16
1 	 522 	 3 	 2 	 5.992433e-16 	 -4.148680e-16
1 	 523 	 3 	 2 	 5.894000e-16 	 -4.001073e-16
1 	 524 	 3 	 2 	 5.800459e-16 	 -3.864491e-16
1 	 525 	 3 	 2 	 5.708462e-16 	 -3.731391e-16
1 	 526 	 3 	 2 	 5.616465e-16 	 -3.598291e-16
1 	 527 	 3 	 2 	 5.524467e-16 	 -3.465190e-16
1 	 528 	 3 	 2 	 5.432470e-16 	 -3.332090e-16
1 	 529 	 3 	 2 	 5.343385e-16 	 -3.208460e-16
1 	 530 	 3 	 2 	 5.255936e-16 	 -3.090156e-16
1 	 531 	 3 	 2 	 5.168489e-16 	 -2.971853e-16
1 	 532 	 3 	 2 	 5.081041e-16 	 -2.853550e-16
1 	 533 	 3 	 2 	 4.993593e-16 	 -2.735247e-16
1 	 534 	 3 	 2 	 4.908160e-16 	 -2.624561e-16
1 	 535 	 3 	 2 	 4.824587e-16 	 -2.520907e-16
1 	 536 	 3 	 2 	 4.741014e-16 	 -2.417254e-16
1 	 537 	 3 	 2 	 4.657442e-16 	 -2.313600e-16
1 	 538 	 3 	 2 	 4.573869e-16 	 -2.209946e-16
1 	 539 	 3 	 2 	 4.491834e-16 	 -2.111920e-16
1 	 540 	 3 	 2 	 4.412105e-16 	 -2.022334e-16
1 	 541 	 3 	 2 	 4.332376e-16 	 -1.932748e-16
1 	 542 	 3 	 2 	 4.252647e-16 	 -1.843162e-16
1 	 543 	 3 	 2 	 4.172919e-16 	 -1.753576e-16
1 	 544 	 3 	 2 	 4.094335e-16 	 -1.667670e-16
1 	 545 	 3 	 2 	 4.018699e-16 	 -1.591228e-16
1 	 546 	 3 	 2 	 3.943062e-16 	 -1.514786e-16
1 	 547 	 3 	 2 	 3.867425e-16 	 -1.438345e-16
1 	 548 	 3 	 2 	 3.791789e-16 	 -1.361903e-16
1 	 549 	 3 	 2 	 3.716856e-16 	 -1.287380e-16
1 	 550 	 3 	 2 	 3.645622e-16 	 -1.222934e-16
1 	 551 	 3 	 2 	 3.574388e-16 	 -1.158489e-16
1 	 552 	 3 	 2 	 3.503154e-16 	 -1.094043e-16
1 	 553 	 3 	 2 	 3.431919e-16 	 -1.029597e-16
1 	 554 	 3 	 2 	 3.360872e-16 	 -9.655808e-17
1 	 555 	 3 	 2 	 3.294298e-16 	 -9.118689e-17
1 	 556 	 3 	 2 	 3.227725e-16 	 -8.581570e-17
1 	 557 	 3 	 2 	 3.161152e-16 	 -8.044451e-17
1 	 558 	 3 	 2 	 3.094578e-16 	 -7.507332e-17
1 	 559 	 3 	 2 	 3.028005e-16 	 -6.970213e-17
1 	 560 	 3 	 2 	 2.965862e-16 	 -6.520000e-17
1 	 561 	 3 	 2 	 2.904104e-16 	 -6.077345e-17
1 	 562 	 3 	 2 	 2.842346e-16 	 -5.634690e-17
1 	 563 	 3 	 2 	 2.780588e-16 	 -5.192035e-17
1 	 564 	 3 	 2 	 2.718830e-16 	 -4.749380e-17
1 	 565 	 3 	 2 	 2.660957e-16 	 -4.372317e-17
1 	 566 	 3 	 2 	 2.604055e-16 	 -4.011652e-17
1 	 567 	 3 	 2 	 2.547153e-16 	 -3.650987e-17
1 	 568 	 3 	 2 	 2.490251e-16 	 -3.290323e-17
1 	 569 	 3 	 2 	 2.433349e-16 	 -2.929658e-17
1 	 570 	 3 	 2 	 2.379705e-16 	 -2.616829e-17
1 	 571 	 3 	 2 	 2.327594e-16 	 -2.326510e-17
1 	 572 	 3 	 2 	 2.275483e-16 	 -2.036192e-17
1 	 573 	 3 	 2 	 2.223372e-16 	 -1.745874e-17
1 	 574 	 3 	 2 	 2.171261e-16 	 -1.455555e-17
1 	 575 	 3 	 2 	 2.121749e-16 	 -1.198708e-17
1 	 576 	 3 	 2 	 2.074280e-16 	 -9.681592e-18
1 	 577 	 3 	 2 	 2.026810e-16 	 -7.376105e-18
1 	 578 	 3 	 2 	 1.979340e-16 	 -5.070619e-18
1 	 579 	 3 	 2 	 1.931870e-16 	 -2.765132e-18
1 	 580 	 3 	 2 	 1.886349e-16 	 -6.812030e-19
1 	 581 	 3 	 2 	 1.843308e-16 	 1.120745e-18
1 	 582 	 3 	 2 	 1.800267e-16 	 2.922693e-18
1 	 583 	 3 	 2 	 1.757226e-16 	 4.724641e-18
1 	 584 	 3 	 2 	 1.714185e-16 	 6.526588e-18
1 	 585 	 3 	 2 	 1.672480e-16 	 8.193829e-18
1 	 586 	 3 	 2 	 1.633613e-16 	 9.574817e-18
1 	 587 	 3 	 2 	 1.594747e-16 	 1.095581e-17
1 	 588 	 3 	 2 	 1.555880e-16 	 1.233679e-17
1 	 589 	 3 	 2 	 1.517013e-16 	 1.371778e-17
1 	 590 	 3 	 2 	 1.478925e-16 	 1.502890e-17
1 	 591 	 3 	 2 	 1.443952e-16 	 1.606051e-17
1 	 592 	 3 	 2 	 1.408979e-16 	 1.709213e-17
1 	 593 	 3 	 2 	 1.374006e-16 	 1.812375e-17
1 	 594 	 3 	 2 	 1.339033e-16 	 1.915537e-17
1 	 595 	 3 	 2 	 1.304348e-16 	 2.016395e-17
1 	 596 	 3 	 2 	 1.272977e-16 	 2.090769e-17
1 	 597 	 3 	 2 	 1.241606e-16 	 2.165143e-17
1 	 598 	 3 	 2 	 1.210236e-16 	 2.239517e-17
1 	 599 	 3 	 2 	 1.178865e-16 	 2.313891e-17
1 	 600 	 3 	 2 	 1.147494e-16 	 2.388264e-17
1 	 601 	 3 	 2 	 1.119301e-16 	 2.440039e-17
1 	 602 	 3 	 2 	 1.091240e-16 	 2.490871e-17
1 	 603 	 3 	 2 	 1.063179e-16 	 2.541704e-17
1 	 604 	 3 	 2 	 1.035118e-16 	 2.592537e-17
1 	 605 	 3 	 2 	 1.007057e-16 	 2.643369e-17
1 	 606 	 3 	 2 	 9.815365e-17 	 2.678169e-17
1 	 607 	 3 	 2 	 9.564997e-17 	 2.709914e-17
1 	 608 	 3 	 2 	 9.314629e-17 	 2.741660e-17
1 	 609 	 3 	 2 	 9.064261e-17 	 2.773406e-17
1 	 610 	 3 	 2 	 8.813893e-17 	 2.805151e-17
1 	 611 	 3 	 2 	 8.583329e-17 	 2.825867e-17
1 	 612 	 3 	 2 	 8.360466e-17 	 2.842293e-17
1 	 613 	 3 	 2 	 8.137603e-17 	 2.858718e-17
1 	 614 	 3 	 2 	 7.914740e-17 	 2.875144e-17
1 	 615 	 3 	 2 	 7.691878e-17 	 2.891570e-17
1 	 616 	 3 	 2 	 7.483968e-17 	 2.900707e-17
1 	 617 	 3 	 2 	 7.286026e-17 	 2.904985e-17
1 	 618 	 3 	 2 	 7.088084e-17 	 2.909262e-17
1 	 619 	 3 	 2 	 6.890143e-17 	 2.913540e-17
1 	 620 	 3 	 2 	 6.692202e-17 	 2.917818e-17
1 	 621 	 3 	 2 	 6.505063e-17 	 2.917539e-17
1 	 622 	 3 	 2 	 6.329630e-17 	 2.912325e-17
1 	 623 	 3 	 2 	 6.154197e-17 	 2.907111e-17
1 	 624 	 3 	 2 	 5.978764e-17 	 2.901897e-17
1 	 625 	 3 	 2 	 5.803330e-17 	 2.896683e-17
1 	 626 	 3 	 2 	 5.635194e-17 	 2.888846e-17
1 	 627 	 3 	 2 	 5.480030e-17 	 2.876347e-17
1 	 628 	 3 	 2 	 5.324867e-17 	 2.863848e-17
1 	 629 	 3 	 2 	 5.169703e-17 	 2.851349e-17
1 	 630 	 3 	 2 	 5.014540e-17 	 2.838850e-17
1 	 631 	 3 	 2 	 4.863745e-17 	 2.825039e-17
1 	 632 	 3 	 2 	 4.726784e-17 	 2.807071e-17
1 	 633 	 3 	 2 	 4.589823e-17 	 2.789104e-17
1 	 634 	 3 	 2 	 4.452862e-17 	 2.771137e-17
1 	 635 	 3 	 2 	 4.315902e-17 	 2.753169e-17
1 	 636 	 3 	 2 	 4.180896e-17 	 2.734723e-17
1 	 637 	 3 	 2 	 4.060231e-17 	 2.712764e-17
1 	 638 	 3 	 2 	 3.939565e-17 	 2.690806e-17
1 	 639 	 3 	 2 	 3.818899e-17 	 2.668847e-17
1 	 640 	 3 	 2 	 3.698234e-17 	 2.646889e-17
1 	 641 	 3 	 2 	 3.577568e-17 	 2.624930e-17
1 	 1 	 3 	 3 	 4.778319e-18 	 -3.197089e-18
1 	 2 	 3 	 3 	 4.865399e-18 	 -3.361471e-18
1 	 3 	 3 	 3 	 4.952479e-18 	 -3.525853e-18
1 	 4 	 3 	 3 	 5.039559e-18 	 -3.690236e-18
1 	 5 	 3 	 3 	 5.126640e-18 	 -3.854618e-18
1 	 6 	 3 	 3 	 5.213720e-18 	 -4.019000e-18
1 	 7 	 3 	 3 	 5.301660e-18 	 -4.207503e-18
1 	 8 	 3 	 3 	 5.389717e-18 	 -4.399295e-18
1 	 9 	 3 	 3 	 5.477774e-18 	 -4.591087e-18
1 	 10 	 3 	 3 	 5.565831e-18 	 -4.782879e-18
1 	 11 	 3 	 3 	 5.653888e-18 	 -4.974671e-18
1 	 12 	 3 	 3 	 5.741374e-18 	 -5.190318e-18
1 	 13 	 3 	 3 	 5.828679e-18 	 -5.413498e-18
1 	 14 	 3 	 3 	 5.915984e-18 	 -5.636677e-18
1 	 15 	 3 	 3 	 6.003289e-18 	 -5.859857e-18
1 	 16 	 3 	 3 	 6.090594e-18 	 -6.083037e-18
1 	 17 	 3 	 3 	 6.175917e-18 	 -6.329277e-18
1 	 18 	 3 	 3 	 6.260126e-18 	 -6.588489e-18
1 	 19 	 3 	 3 	 6.344336e-18 	 -6.847700e-18
1 	 20 	 3 	 3 	 6.428545e-18 	 -7.106912e-18
1 	 21 	 3 	 3 	 6.512754e-18 	 -7.366124e-18
1 	 22 	 3 	 3 	 6.593788e-18 	 -7.646844e-18
1 	 23 	 3 	 3 	 6.671889e-18 	 -7.947419e-18
1 	 24 	 3 	 3 	 6.749990e-18 	 -8.247995e-18
1 	 25 	 3 	 3 	 6.828091e-18 	 -8.548570e-18
1 	 26 	 3 	 3 	 6.906192e-18 	 -8.849145e-18
1 	 27 	 3 	 3 	 6.980340e-18 	 -9.168672e-18
1 	 28 	 3 	 3 	 7.048557e-18 	 -9.516624e-18
1 	 29 	 3 	 3 	 7.116775e-18 	 -9.864578e-18
1 	 30 	 3 	 3 	 7.184993e-18 	 -1.021253e-17
1 	 31 	 3 	 3 	 7.253211e-18 	 -1.056048e-17
1 	 32 	 3 	 3 	 7.317352e-18 	 -1.092358e-17
1 	 33 	 3 	 3 	 7.371013e-18 	 -1.132560e-17
1 	 34 	 3 	 3 	 7.424674e-18 	 -1.172763e-17
1 	 35 	 3 	 3 	 7.478335e-18 	 -1.212965e-17
1 	 36 	 3 	 3 	 7.531996e-18 	 -1.253168e-17
1 	 37 	 3 	 3 	 7.582405e-18 	 -1.294353e-17
1 	 38 	 3 	 3 	 7.615744e-18 	 -1.340701e-17
1 	 39 	 3 	 3 	 7.649085e-18 	 -1.387048e-17
1 	 40 	 3 	 3 	 7.682424e-18 	 -1.433395e-17
1 	 41 	 3 	 3 	 7.715765e-18 	 -1.479742e-17
1 	 42 	 3 	 3 	 7.748008e-18 	 -1.526368e-17
1 	 43 	 3 	 3 	 7.753938e-18 	 -1.579668e-17
1 	 44 	 3 	 3 	 7.759869e-18 	 -1.632969e-17
1 	 45 	 3 	 3 	 7.765800e-18 	 -1.686269e-17
1 	 46 	 3 	 3 	 7.771730e-18 	 -1.739569e-17
1 	 47 	 3 	 3 	 7.777661e-18 	 -1.792870e-17
1 	 48 	 3 	 3 	 7.750369e-18 	 -1.853378e-17
1 	 49 	 3 	 3 	 7.720188e-18 	 -1.914512e-17
1 	 50 	 3 	 3 	 7.690008e-18 	 -1.975647e-17
1 	 51 	 3 	 3 	 7.659827e-18 	 -2.036782e-17
1 	 52 	 3 	 3 	 7.629647e-18 	 -2.097916e-17
1 	 53 	 3 	 3 	 7.562058e-18 	 -2.166085e-17
1 	 54 	 3 	 3 	 7.485117e-18 	 -2.236011e-17
1 	 55 	 3 	 3 	 7.408177e-18 	 -2.305938e-17
1 	 56 	 3 	 3 	 7.331236e-18 	 -2.375865e-17
1 	 57 	 3 	 3 	 7.254295e-18 	 -2.445792e-17
1 	 58 	 3 	 3 	 7.136717e-18 	 -2.522402e-17
1 	 59 	 3 	 3 	 7.000014e-18 	 -2.602157e-17
1 	 60 	 3 	 3 	 6.863313e-18 	 -2.681913e-17
1 	 61 	 3 	 3 	 6.726611e-18 	 -2.761668e-17
1 	 62 	 3 	 3 	 6.589908e-18 	 -2.841423e-17
1 	 63 	 3 	 3 	 6.410871e-18 	 -2.927306e-17
1 	 64 	 3 	 3 	 6.198568e-18 	 -3.018004e-17
1 	 65 	 3 	 3 	 5.986266e-18 	 -3.108702e-17
1 	 66 	 3 	 3 	 5.773964e-18 	 -3.199400e-17
1 	 67 	 3 	 3 	 5.561662e-18 	 -3.290098e-17
1 	 68 	 3 	 3 	 5.307611e-18 	 -3.386132e-17
1 	 69 	 3 	 3 	 5.000426e-18 	 -3.488958e-17
1 	 70 	 3 	 3 	 4.693240e-18 	 -3.591784e-17
1 	 71 	 3 	 3 	 4.386054e-18 	 -3.694610e-17
1 	 72 	 3 	 3 	 4.078869e-18 	 -3.797436e-17
1 	 73 	 3 	 3 	 3.733813e-18 	 -3.904539e-17
1 	 74 	 3 	 3 	 3.308282e-18 	 -4.020733e-17
1 	 75 	 3 	 3 	 2.882750e-18 	 -4.136927e-17
1 	 76 	 3 	 3 	 2.457219e-18 	 -4.253122e-17
1 	 77 	 3 	 3 	 2.031688e-18 	 -4.369315e-17
1 	 78 	 3 	 3 	 1.576781e-18 	 -4.488435e-17
1 	 79 	 3 	 3 	 1.004369e-18 	 -4.619256e-17
1 	 80 	 3 	 3 	 4.319573e-19 	 -4.750078e-17
1 	 81 	 3 	 3 	 -1.404547e-19 	 -4.880899e-17
1 	 82 	 3 	 3 	 -7.128667e-19 	 -5.011721e-17
1 	 83 	 3 	 3 	 -1.299800e-18 	 -5.143809e-17
1 	 84 	 3 	 3 	 -2.053729e-18 	 -5.290473e-17
1 	 85 	 3 	 3 	 -2.807659e-18 	 -5.437138e-17
1 	 86 	 3 	 3 	 -3.561588e-18 	 -5.583801e-17
1 	 87 	 3 	 3 	 -4.315518e-18 	 -5.730466e-17
1 	 88 	 3 	 3 	 -5.069447e-18 	 -5.877130e-17
1 	 89 	 3 	 3 	 -6.037798e-18 	 -6.040024e-17
1 	 90 	 3 	 3 	 -7.015084e-18 	 -6.203594e-17
1 	 91 	 3 	 3 	 -7.992370e-18 	 -6.367163e-17
1 	 92 	 3 	 3 	 -8.969655e-18 	 -6.530733e-17
1 	 93 	 3 	 3 	 -9.946941e-18 	 -6.694303e-17
1 	 94 	 3 	 3 	 -1.115386e-17 	 -6.872699e-17
1 	 95 	 3 	 3 	 -1.240453e-17 	 -7.053918e-17
1 	 96 	 3 	 3 	 -1.365519e-17 	 -7.235138e-17
1 	 97 	 3 	 3 	 -1.490586e-17 	 -7.416357e-17
1 	 98 	 3 	 3 	 -1.615652e-17 	 -7.597577e-17
1 	 99 	 3 	 3 	 -1.764633e-17 	 -7.791632e-17
1 	 100 	 3 	 3 	 -1.922915e-17 	 -7.990681e-17
1 	 101 	 3 	 3 	 -2.081196e-17 	 -8.189728e-17
1 	 102 	 3 	 3 	 -2.239477e-17 	 -8.388776e-17
1 	 103 	 3 	 3 	 -2.397758e-17 	 -8.587824e-17
1 	 104 	 3 	 3 	 -2.579991e-17 	 -8.797143e-17
1 	 105 	 3 	 3 	 -2.778193e-17 	 -9.013308e-17
1 	 106 	 3 	 3 	 -2.976395e-17 	 -9.229473e-17
1 	 107 	 3 	 3 	 -3.174597e-17 	 -9.445639e-17
1 	 108 	 3 	 3 	 -3.372799e-17 	 -9.661804e-17
1 	 109 	 3 	 3 	 -3.593669e-17 	 -9.885230e-17
1 	 110 	 3 	 3 	 -3.839097e-17 	 -1.011652e-16
1 	 111 	 3 	 3 	 -4.084525e-17 	 -1.034781e-16
1 	 112 	 3 	 3 	 -4.329952e-17 	 -1.057910e-16
1 	 113 	 3 	 3 	 -4.575380e-17 	 -1.081039e-16
1 	 114 	 3 	 3 	 -4.840465e-17 	 -1.104581e-16
1 	 115 	 3 	 3 	 -5.140494e-17 	 -1.128857e-16
1 	 116 	 3 	 3 	 -5.440523e-17 	 -1.153133e-16
1 	 117 	 3 	 3 	 -5.740553e-17 	 -1.177410e-16
1 	 118 	 3 	 3 	 -6.040582e-17 	 -1.201686e-16
1 	 119 	 3 	 3 	 -6.355272e-17 	 -1.226105e-16
1 	 120 	 3 	 3 	 -6.716384e-17 	 -1.250975e-16
1 	 121 	 3 	 3 	 -7.077498e-17 	 -1.275846e-16
1 	 122 	 3 	 3 	 -7.438610e-17 	 -1.300716e-16
1 	 123 	 3 	 3 	 -7.799724e-17 	 -1.325587e-16
1 	 124 	 3 	 3 	 -8.168655e-17 	 -1.350444e-16
1 	 125 	 3 	 3 	 -8.594923e-17 	 -1.375196e-16
1 	 126 	 3 	 3 	 -9.021192e-17 	 -1.399948e-16
1 	 127 	 3 	 3 	 -9.447460e-17 	 -1.424700e-16
1 	 128 	 3 	 3 	 -9.873729e-17 	 -1.449452e-16
1 	 129 	 3 	 3 	 -1.030000e-16 	 -1.474205e-16
1 	 130 	 3 	 3 	 -1.079099e-16 	 -1.498092e-16
1 	 131 	 3 	 3 	 -1.128198e-16 	 -1.521979e-16
1 	 132 	 3 	 3 	 -1.177297e-16 	 -1.545866e-16
1 	 133 	 3 	 3 	 -1.226397e-16 	 -1.569753e-16
1 	 134 	 3 	 3 	 -1.275496e-16 	 -1.593640e-16
1 	 135 	 3 	 3 	 -1.329641e-16 	 -1.616346e-16
1 	 136 	 3 	 3 	 -1.384473e-16 	 -1.638892e-16
1 	 137 	 3 	 3 	 -1.439306e-16 	 -1.661437e-16
1 	 138 	 3 	 3 	 -1.494139e-16 	 -1.683983e-16
1 	 139 	 3 	 3 	 -1.548972e-16 	 -1.706528e-16
1 	 140 	 3 	 3 	 -1.606911e-16 	 -1.728343e-16
1 	 141 	 3 	 3 	 -1.665832e-16 	 -1.749927e-16
1 	 142 	 3 	 3 	 -1.724754e-16 	 -1.771511e-16
1 	 143 	 3 	 3 	 -1.783675e-16 	 -1.793096e-16
1 	 144 	 3 	 3 	 -1.842596e-16 	 -1.814680e-16
1 	 145 	 3 	 3 	 -1.902486e-16 	 -1.837075e-16
1 	 146 	 3 	 3 	 -1.962923e-16 	 -1.859927e-16
1 	 147 	 3 	 3 	 -2.023359e-16 	 -1.882778e-16
1 	 148 	 3 	 3 	 -2.083796e-16 	 -1.905630e-16
1 	 149 	 3 	 3 	 -2.144232e-16 	 -1.928481e-16
1 	 150 	 3 	 3 	 -2.203875e-16 	 -1.954893e-16
1 	 151 	 3 	 3 	 -2.262785e-16 	 -1.984591e-16
1 	 152 	 3 	 3 	 -2.321695e-16 	 -2.014288e-16
1 	 153 	 3 	 3 	 -2.380605e-16 	 -2.043986e-16
1 	 154 	 3 	 3 	 -2.439514e-16 	 -2.073684e-16
1 	 155 	 3 	 3 	 -2.496978e-16 	 -2.110504e-16
1 	 156 	 3 	 3 	 -2.552271e-16 	 -2.158006e-16
1 	 157 	 3 	 3 	 -2.607564e-16 	 -2.205510e-16
1 	 158 	 3 	 3 	 -2.662857e-16 	 -2.253013e-16
1 	 159 	 3 	 3 	 -2.718150e-16 	 -2.300516e-16
1 	 160 	 3 	 3 	 -2.772981e-16 	 -2.358238e-16
1 	 161 	 3 	 3 	 -2.826625e-16 	 -2.442239e-16
1 	 162 	 3 	 3 	 -2.880269e-16 	 -2.526240e-16
1 	 163 	 3 	 3 	 -2.933913e-16 	 -2.610241e-16
1 	 164 	 3 	 3 	 -2.987557e-16 	 -2.694242e-16
1 	 165 	 3 	 3 	 -3.042826e-16 	 -2.788634e-16
1 	 166 	 3 	 3 	 -3.106622e-16 	 -2.937577e-16
1 	 167 	 3 	 3 	 -3.170419e-16 	 -3.086521e-16
1 	 168 	 3 	 3 	 -3.234215e-16 	 -3.235464e-16
1 	 169 	 3 	 3 	 -3.298012e-16 	 -3.384407e-16
1 	 170 	 3 	 3 	 -3.363464e-16 	 -3.537485e-16
1 	 171 	 3 	 3 	 -3.468634e-16 	 -3.789798e-16
1 	 172 	 3 	 3 	 -3.573804e-16 	 -4.042111e-16
1 	 173 	 3 	 3 	 -3.678974e-16 	 -4.294424e-16
1 	 174 	 3 	 3 	 -3.784145e-16 	 -4.546737e-16
1 	 175 	 3 	 3 	 -3.889315e-16 	 -4.799050e-16
1 	 176 	 3 	 3 	 -4.092384e-16 	 -5.187066e-16
1 	 177 	 3 	 3 	 -4.303967e-16 	 -5.586883e-16
1 	 178 	 3 	 3 	 -4.515549e-16 	 -5.986699e-16
1 	 179 	 3 	 3 	 -4.727131e-16 	 -6.386516e-16
1 	 180 	 3 	 3 	 -4.938713e-16 	 -6.786332e-16
1 	 181 	 3 	 3 	 -5.330024e-16 	 -7.333364e-16
1 	 182 	 3 	 3 	 -5.766267e-16 	 -7.917198e-16
1 	 183 	 3 	 3 	 -6.202509e-16 	 -8.501033e-16
1 	 184 	 3 	 3 	 -6.638753e-16 	 -9.084868e-16
1 	 185 	 3 	 3 	 -7.074995e-16 	 -9.668703e-16
1 	 186 	 3 	 3 	 -7.795877e-16 	 -1.037741e-15
1 	 187 	 3 	 3 	 -8.650705e-16 	 -1.114489e-15
1 	 188 	 3 	 3 	 -9.505534e-16 	 -1.191237e-15
1 	 189 	 3 	 3 	 -1.036036e-15 	 -1.267985e-15
1 	 190 	 3 	 3 	 -1.121519e-15 	 -1.344733e-15
1 	 191 	 3 	 3 	 -1.246623e-15 	 -1.426618e-15
1 	 192 	 3 	 3 	 -1.402857e-15 	 -1.512540e-15
1 	 193 	 3 	 3 	 -1.559092e-15 	 -1.598461e-15
1 	 194 	 3 	 3 	 -1.715326e-15 	 -1.684383e-15
1 	 195 	 3 	 3 	 -1.871561e-15 	 -1.770305e-15
1 	 196 	 3 	 3 	 -2.075919e-15 	 -1.848179e-15
1 	 197 	 3 	 3 	 -2.341527e-15 	 -1.915809e-15
1 	 198 	 3 	 3 	 -2.607135e-15 	 -1.983440e-15
1 	 199 	 3 	 3 	 -2.872742e-15 	 -2.051071e-15
1 	 200 	 3 	 3 	 -3.138350e-15 	 -2.118702e-15
1 	 201 	 3 	 3 	 -3.453109e-15 	 -2.161424e-15
1 	 202 	 3 	 3 	 -3.872314e-15 	 -2.151217e-15
1 	 203 	 3 	 3 	 -4.291519e-15 	 -2.141009e-15
1 	 204 	 3 	 3 	 -4.710724e-15 	 -2.130801e-15
1 	 205 	 3 	 3 	 -5.129929e-15 	 -2.120593e-15
1 	 206 	 3 	 3 	 -5.587217e-15 	 -2.072735e-15
1 	 207 	 3 	 3 	 -6.196836e-15 	 -1.874273e-15
1 	 208 	 3 	 3 	 -6.806455e-15 	 -1.675810e-15
1 	 209 	 3 	 3 	 -7.416073e-15 	 -1.477348e-15
1 	 210 	 3 	 3 	 -8.025692e-15 	 -1.278886e-15
1 	 211 	 3 	 3 	 -8.650576e-15 	 -1.050699e-15
1 	 212 	 3 	 3 	 -9.451014e-15 	 -4.806769e-16
1 	 213 	 3 	 3 	 -1.025145e-14 	 8.934574e-17
1 	 214 	 3 	 3 	 -1.105189e-14 	 6.593683e-16
1 	 215 	 3 	 3 	 -1.185233e-14 	 1.229391e-15
1 	 216 	 3 	 3 	 -1.265276e-14 	 1.799413e-15
1 	 217 	 3 	 3 	 -1.354886e-14 	 2.990443e-15
1 	 218 	 3 	 3 	 -1.444894e-14 	 4.207348e-15
1 	 219 	 3 	 3 	 -1.534902e-14 	 5.424253e-15
1 	 220 	 3 	 3 	 -1.624911e-14 	 6.641158e-15
1 	 221 	 3 	 3 	 -1.714919e-14 	 7.858063e-15
1 	 222 	 3 	 3 	 -1.790025e-14 	 9.928302e-15
1 	 223 	 3 	 3 	 -1.862293e-14 	 1.216108e-14
1 	 224 	 3 	 3 	 -1.934561e-14 	 1.439386e-14
1 	 225 	 3 	 3 	 -2.006829e-14 	 1.662664e-14
1 	 226 	 3 	 3 	 -2.079097e-14 	 1.885942e-14
1 	 227 	 3 	 3 	 -2.094689e-14 	 2.212411e-14
1 	 228 	 3 	 3 	 -2.088242e-14 	 2.579009e-14
1 	 229 	 3 	 3 	 -2.081795e-14 	 2.945607e-14
1 	 230 	 3 	 3 	 -2.075348e-14 	 3.312205e-14
1 	 231 	 3 	 3 	 -2.068901e-14 	 3.678803e-14
1 	 232 	 3 	 3 	 -1.946311e-14 	 4.150541e-14
1 	 233 	 3 	 3 	 -1.746293e-14 	 4.692372e-14
1 	 234 	 3 	 3 	 -1.546276e-14 	 5.234202e-14
1 	 235 	 3 	 3 	 -1.346258e-14 	 5.776034e-14
1 	 236 	 3 	 3 	 -1.146240e-14 	 6.317864e-14
1 	 237 	 3 	 3 	 -7.603863e-15 	 6.938109e-14
1 	 238 	 3 	 3 	 -1.732094e-15 	 7.643301e-14
1 	 239 	 3 	 3 	 4.139674e-15 	 8.348494e-14
1 	 240 	 3 	 3 	 1.001144e-14 	 9.053687e-14
1 	 241 	 3 	 3 	 1.588321e-14 	 9.758880e-14
1 	 242 	 3 	 3 	 2.420630e-14 	 1.047852e-13
1 	 243 	 3 	 3 	 3.688730e-14 	 1.122386e-13
1 	 244 	 3 	 3 	 4.956830e-14 	 1.196919e-13
1 	 245 	 3 	 3 	 6.224930e-14 	 1.271453e-13
1 	 246 	 3 	 3 	 7.493030e-14 	 1.345986e-13
1 	 247 	 3 	 3 	 9.018467e-14 	 1.412952e-13
1 	 248 	 3 	 3 	 1.135881e-13 	 1.455955e-13
1 	 249 	 3 	 3 	 1.369914e-13 	 1.498957e-13
1 	 250 	 3 	 3 	 1.603948e-13 	 1.541960e-13
1 	 251 	 3 	 3 	 1.837982e-13 	 1.584962e-13
1 	 252 	 3 	 3 	 2.089875e-13 	 1.614780e-13
1 	 253 	 3 	 3 	 2.472738e-13 	 1.547906e-13
1 	 254 	 3 	 3 	 2.855600e-13 	 1.481032e-13
1 	 255 	 3 	 3 	 3.238462e-13 	 1.414158e-13
1 	 256 	 3 	 3 	 3.621324e-13 	 1.347284e-13
1 	 257 	 3 	 3 	 4.004187e-13 	 1.280411e-13
1 	 258 	 3 	 3 	 4.556515e-13 	 9.544957e-14
1 	 259 	 3 	 3 	 5.108843e-13 	 6.285808e-14
1 	 260 	 3 	 3 	 5.661171e-13 	 3.026659e-14
1 	 261 	 3 	 3 	 6.213500e-13 	 -2.324892e-15
1 	 262 	 3 	 3 	 6.765828e-13 	 -3.491638e-14
1 	 263 	 3 	 3 	 7.417846e-13 	 -1.125261e-13
1 	 264 	 3 	 3 	 8.083457e-13 	 -1.962746e-13
1 	 265 	 3 	 3 	 8.749069e-13 	 -2.800231e-13
1 	 266 	 3 	 3 	 9.414680e-13 	 -3.637716e-13
1 	 267 	 3 	 3 	 1.008029e-12 	 -4.475201e-13
1 	 268 	 3 	 3 	 1.064439e-12 	 -5.987327e-13
1 	 269 	 3 	 3 	 1.117644e-12 	 -7.712498e-13
1 	 270 	 3 	 3 	 1.170848e-12 	 -9.437668e-13
1 	 271 	 3 	 3 	 1.224053e-12 	 -1.116284e-12
1 	 272 	 3 	 3 	 1.277257e-12 	 -1.288801e-12
1 	 273 	 3 	 3 	 1.280762e-12 	 -1.547730e-12
1 	 274 	 3 	 3 	 1.256312e-12 	 -1.855266e-12
1 	 275 	 3 	 3 	 1.231861e-12 	 -2.162802e-12
1 	 276 	 3 	 3 	 1.207411e-12 	 -2.470339e-12
1 	 277 	 3 	 3 	 1.182960e-12 	 -2.777875e-12
1 	 278 	 3 	 3 	 1.047074e-12 	 -3.174131e-12
1 	 279 	 3 	 3 	 8.083256e-13 	 -3.652283e-12
1 	 280 	 3 	 3 	 5.695768e-13 	 -4.130436e-12
1 	 281 	 3 	 3 	 3.308281e-13 	 -4.608588e-12
1 	 282 	 3 	 3 	 9.207928e-14 	 -5.086740e-12
1 	 283 	 3 	 3 	 -3.337494e-13 	 -5.621795e-12
1 	 284 	 3 	 3 	 -1.040198e-12 	 -6.242204e-12
1 	 285 	 3 	 3 	 -1.746647e-12 	 -6.862612e-12
1 	 286 	 3 	 3 	 -2.453095e-12 	 -7.483021e-12
1 	 287 	 3 	 3 	 -3.159544e-12 	 -8.103429e-12
1 	 288 	 3 	 3 	 -4.113682e-12 	 -8.705117e-12
1 	 289 	 3 	 3 	 -5.704736e-12 	 -9.258666e-12
1 	 290 	 3 	 3 	 -7.295789e-12 	 -9.812214e-12
1 	 291 	 3 	 3 	 -8.886843e-12 	 -1.036576e-11
1 	 292 	 3 	 3 	 -1.047790e-11 	 -1.091931e-11
1 	 293 	 3 	 3 	 -1.230878e-11 	 -1.136517e-11
1 	 294 	 3 	 3 	 -1.539880e-11 	 -1.124565e-11
1 	 295 	 3 	 3 	 -1.848881e-11 	 -1.112613e-11
1 	 296 	 3 	 3 	 -2.157882e-11 	 -1.100661e-11
1 	 297 	 3 	 3 	 -2.466884e-11 	 -1.088709e-11
1 	 298 	 3 	 3 	 -2.785605e-11 	 -1.068768e-11
1 	 299 	 3 	 3 	 -3.337610e-11 	 -8.570875e-12
1 	 300 	 3 	 3 	 -3.889616e-11 	 -6.454067e-12
1 	 301 	 3 	 3 	 -4.441621e-11 	 -4.337259e-12
1 	 302 	 3 	 3 	 -4.993626e-11 	 -2.220451e-12
1 	 303 	 3 	 3 	 -5.545631e-11 	 -1.036424e-13
1 	 304 	 3 	 3 	 -6.622648e-11 	 5.872967e-12
1 	 305 	 3 	 3 	 -7.745319e-11 	 1.218521e-11
1 	 306 	 3 	 3 	 -8.867989e-11 	 1.849746e-11
1 	 307 	 3 	 3 	 -9.990660e-11 	 2.480970e-11
1 	 308 	 3 	 3 	 -1.111333e-10 	 3.112195e-11
1 	 309 	 3 	 3 	 -1.617289e-10 	 4.111528e-11
1 	 310 	 3 	 3 	 -2.221666e-10 	 5.202888e-11
1 	 311 	 3 	 3 	 -2.826044e-10 	 6.294249e-11
1 	 312 	 3 	 3 	 -3.430421e-10 	 7.385610e-11
1 	 313 	 3 	 3 	 -4.034799e-10 	 8.476971e-11
1 	 314 	 3 	 3 	 -1.200183e-09 	 7.798623e-11
1 	 315 	 3 	 3 	 -2.343363e-09 	 6.287471e-11
1 	 316 	 3 	 3 	 -3.486543e-09 	 4.776318e-11
1 	 317 	 3 	 3 	 -4.629723e-09 	 3.265166e-11
1 	 318 	 3 	 3 	 -5.772903e-09 	 1.754014e-11
1 	 319 	 3 	 3 	 -4.903049e-09 	 8.508646e-12
1 	 320 	 3 	 3 	 -2.451525e-09 	 4.254323e-12
1 	 321 	 3 	 3 	 2.654054e-18 	 -9.883852e-19
1 	 322 	 3 	 3 	 2.451525e-09 	 -4.254325e-12
1 	 323 	 3 	 3 	 4.903049e-09 	 -8.508649e-12
1 	 324 	 3 	 3 	 5.772903e-09 	 -1.754014e-11
1 	 325 	 3 	 3 	 4.629723e-09 	 -3.265166e-11
1 	 326 	 3 	 3 	 3.486543e-09 	 -4.776318e-11
1 	 327 	 3 	 3 	 2.343363e-09 	 -6.287471e-11
1 	 328 	 3 	 3 	 1.200183e-09 	 -7.798623e-11
1 	 329 	 3 	 3 	 4.034799e-10 	 -8.476971e-11
1 	 330 	 3 	 3 	 3.430421e-10 	 -7.385610e-11
1 	 331 	 3 	 3 	 2.826044e-10 	 -6.294249e-11
1 	 332 	 3 	 3 	 2.221666e-10 	 -5.202888e-11
1 	 333 	 3 	 3 	 1.617289e-10 	 -4.111528e-11
1 	 334 	 3 	 3 	 1.111333e-10 	 -3.112194e-11
1 	 335 	 3 	 3 	 9.990660e-11 	 -2.480970e-11
1 	 336 	 3 	 3 	 8.867990e-11 	 -1.849745e-11
1 	 337 	 3 	 3 	 7.745319e-11 	 -1.218521e-11
1 	 338 	 3 	 3 	 6.622648e-11 	 -5.872964e-12
1 	 339 	 3 	 3 	 5.545631e-11 	 1.036456e-13
1 	 340 	 3 	 3 	 4.993626e-11 	 2.220454e-12
1 	 341 	 3 	 3 	 4.441621e-11 	 4.337262e-12
1 	 342 	 3 	 3 	 3.889615e-11 	 6.454070e-12
1 	 343 	 3 	 3 	 3.337610e-11 	 8.570878e-12
1 	 344 	 3 	 3 	 2.785605e-11 	 1.068769e-11
1 	 345 	 3 	 3 	 2.466883e-11 	 1.088710e-11
1 	 346 	 3 	 3 	 2.157882e-11 	 1.100661e-11
1 	 347 	 3 	 3 	 1.848881e-11 	 1.112613e-11
1 	 348 	 3 	 3 	 1.539879e-11 	 1.124565e-11
1 	 349 	 3 	 3 	 1.230878e-11 	 1.136517e-11
1 	 350 	 3 	 3 	 1.047789e-11 	 1.091931e-11
1 	 351 	 3 	 3 	 8.886838e-12 	 1.036576e-11
1 	 352 	 3 	 3 	 7.295786e-12 	 9.812214e-12
1 	 353 	 3 	 3 	 5.704732e-12 	 9.258666e-12
1 	 354 	 3 	 3 	 4.113678e-12 	 8.705116e-12
1 	 355 	 3 	 3 	 3.159540e-12 	 8.103429e-12
1 	 356 	 3 	 3 	 2.453092e-12 	 7.483019e-12
1 	 357 	 3 	 3 	 1.746644e-12 	 6.862611e-12
1 	 358 	 3 	 3 	 1.040195e-12 	 6.242202e-12
1 	 359 	 3 	 3 	 3.337470e-13 	 5.621793e-12
1 	 360 	 3 	 3 	 -9.208139e-14 	 5.086738e-12
1 	 361 	 3 	 3 	 -3.308298e-13 	 4.608586e-12
1 	 362 	 3 	 3 	 -5.695783e-13 	 4.130433e-12
1 	 363 	 3 	 3 	 -8.083267e-13 	 3.652281e-12
1 	 364 	 3 	 3 	 -1.047075e-12 	 3.174129e-12
1 	 365 	 3 	 3 	 -1.182961e-12 	 2.777872e-12
1 	 366 	 3 	 3 	 -1.207411e-12 	 2.470336e-12
1 	 367 	 3 	 3 	 -1.231861e-12 	 2.162800e-12
1 	 368 	 3 	 3 	 -1.256312e-12 	 1.855264e-12
1 	 369 	 3 	 3 	 -1.280762e-12 	 1.547728e-12
1 	 370 	 3 	 3 	 -1.277257e-12 	 1.288799e-12
1 	 371 	 3 	 3 	 -1.224052e-12 	 1.116282e-12
1 	 372 	 3 	 3 	 -1.170847e-12 	 9.437652e-13
1 	 373 	 3 	 3 	 -1.117643e-12 	 7.712485e-13
1 	 374 	 3 	 3 	 -1.064438e-12 	 5.987316e-13
1 	 375 	 3 	 3 	 -1.008028e-12 	 4.475192e-13
1 	 376 	 3 	 3 	 -9.414668e-13 	 3.637708e-13
1 	 377 	 3 	 3 	 -8.749057e-13 	 2.800224e-13
1 	 378 	 3 	 3 	 -8.083445e-13 	 1.962740e-13
1 	 379 	 3 	 3 	 -7.417833e-13 	 1.125257e-13
1 	 380 	 3 	 3 	 -6.765816e-13 	 3.491613e-14
1 	 381 	 3 	 3 	 -6.213488e-13 	 2.324741e-15
1 	 382 	 3 	 3 	 -5.661160e-13 	 -3.026665e-14
1 	 383 	 3 	 3 	 -5.108832e-13 	 -6.285803e-14
1 	 384 	 3 	 3 	 -4.556505e-13 	 -9.544942e-14
1 	 385 	 3 	 3 	 -4.004177e-13 	 -1.280408e-13
1 	 386 	 3 	 3 	 -3.621315e-13 	 -1.347281e-13
1 	 387 	 3 	 3 	 -3.238454e-13 	 -1.414155e-13
1 	 388 	 3 	 3 	 -2.855592e-13 	 -1.481028e-13
1 	 389 	 3 	 3 	 -2.472731e-13 	 -1.547902e-13
1 	 390 	 3 	 3 	 -2.089869e-13 	 -1.614775e-13
1 	 391 	 3 	 3 	 -1.837977e-13 	 -1.584958e-13
1 	 392 	 3 	 3 	 -1.603943e-13 	 -1.541955e-13
1 	 393 	 3 	 3 	 -1.369910e-13 	 -1.498953e-13
1 	 394 	 3 	 3 	 -1.135877e-13 	 -1.455950e-13
1 	 395 	 3 	 3 	 -9.018437e-14 	 -1.412948e-13
1 	 396 	 3 	 3 	 -7.493005e-14 	 -1.345982e-13
1 	 397 	 3 	 3 	 -6.224909e-14 	 -1.271448e-13
1 	 398 	 3 	 3 	 -4.956813e-14 	 -1.196915e-13
1 	 399 	 3 	 3 	 -3.688717e-14 	 -1.122382e-13
1 	 400 	 3 	 3 	 -2.420622e-14 	 -1.047848e-13
1 	 401 	 3 	 3 	 -1.588316e-14 	 -9.758842e-14
1 	 402 	 3 	 3 	 -1.001141e-14 	 -9.053651e-14
1 	 403 	 3 	 3 	 -4.139664e-15 	 -8.348461e-14
1 	 404 	 3 	 3 	 1.732083e-15 	 -7.643270e-14
1 	 405 	 3 	 3 	 7.603829e-15 	 -6.938079e-14
1 	 406 	 3 	 3 	 1.146235e-14 	 -6.317837e-14
1 	 407 	 3 	 3 	 1.346252e-14 	 -5.776008e-14
1 	 408 	 3 	 3 	 1.546269e-14 	 -5.234180e-14
1 	 409 	 3 	 3 	 1.746286e-14 	 -4.692351e-14
1 	 410 	 3 	 3 	 1.946303e-14 	 -4.150522e-14
1 	 411 	 3 	 3 	 2.068892e-14 	 -3.678787e-14
1 	 412 	 3 	 3 	 2.075339e-14 	 -3.312190e-14
1 	 413 	 3 	 3 	 2.081786e-14 	 -2.945593e-14
1 	 414 	 3 	 3 	 2.088234e-14 	 -2.578997e-14
1 	 415 	 3 	 3 	 2.094681e-14 	 -2.212400e-14
1 	 416 	 3 	 3 	 2.079088e-14 	 -1.885933e-14
1 	 417 	 3 	 3 	 2.006820e-14 	 -1.662656e-14
1 	 418 	 3 	 3 	 1.934553e-14 	 -1.439379e-14
1 	 419 	 3 	 3 	 1.862285e-14 	 -1.216102e-14
1 	 420 	 3 	 3 	 1.790018e-14 	 -9.928253e-15
1 	 421 	 3 	 3 	 1.714912e-14 	 -7.858022e-15
1 	 422 	 3 	 3 	 1.624904e-14 	 -6.641122e-15
1 	 423 	 3 	 3 	 1.534896e-14 	 -5.424222e-15
1 	 424 	 3 	 3 	 1.444888e-14 	 -4.207323e-15
1 	 425 	 3 	 3 	 1.354881e-14 	 -2.990423e-15
1 	 426 	 3 	 3 	 1.265271e-14 	 -1.799399e-15
1 	 427 	 3 	 3 	 1.185228e-14 	 -1.229379e-15
1 	 428 	 3 	 3 	 1.105185e-14 	 -6.593584e-16
1 	 429 	 3 	 3 	 1.025141e-14 	 -8.933822e-17
1 	 430 	 3 	 3 	 9.450980e-15 	 4.806819e-16
1 	 431 	 3 	 3 	 8.650546e-15 	 1.050702e-15
1 	 432 	 3 	 3 	 8.025664e-15 	 1.278888e-15
1 	 433 	 3 	 3 	 7.416049e-15 	 1.477349e-15
1 	 434 	 3 	 3 	 6.806432e-15 	 1.675811e-15
1 	 435 	 3 	 3 	 6.196816e-15 	 1.874272e-15
1 	 436 	 3 	 3 	 5.587200e-15 	 2.072733e-15
1 	 437 	 3 	 3 	 5.129913e-15 	 2.120591e-15
1 	 438 	 3 	 3 	 4.710710e-15 	 2.130799e-15
1 	 439 	 3 	 3 	 4.291506e-15 	 2.141007e-15
1 	 440 	 3 	 3 	 3.872302e-15 	 2.151215e-15
1 	 441 	 3 	 3 	 3.453099e-15 	 2.161422e-15
1 	 442 	 3 	 3 	 3.138341e-15 	 2.118700e-15
1 	 443 	 3 	 3 	 2.872734e-15 	 2.051069e-15
1 	 444 	 3 	 3 	 2.607128e-15 	 1.983439e-15
1 	 445 	 3 	 3 	 2.341521e-15 	 1.915808e-15
1 	 446 	 3 	 3 	 2.075914e-15 	 1.848177e-15
1 	 447 	 3 	 3 	 1.871556e-15 	 1.770304e-15
1 	 448 	 3 	 3 	 1.715322e-15 	 1.684382e-15
1 	 449 	 3 	 3 	 1.559088e-15 	 1.598461e-15
1 	 450 	 3 	 3 	 1.402854e-15 	 1.512539e-15
1 	 451 	 3 	 3 	 1.246620e-15 	 1.426617e-15
1 	 452 	 3 	 3 	 1.121517e-15 	 1.344732e-15
1 	 453 	 3 	 3 	 1.036034e-15 	 1.267985e-15
1 	 454 	 3 	 3 	 9.505512e-16 	 1.191237e-15
1 	 455 	 3 	 3 	 8.650686e-16 	 1.114489e-15
1 	 456 	 3 	 3 	 7.795859e-16 	 1.037742e-15
1 	 457 	 3 	 3 	 7.074980e-16 	 9.668706e-16
1 	 458 	 3 	 3 	 6.638738e-16 	 9.084872e-16
1 	 459 	 3 	 3 	 6.202496e-16 	 8.501038e-16
1 	 460 	 3 	 3 	 5.766254e-16 	 7.917204e-16
1 	 461 	 3 	 3 	 5.330012e-16 	 7.333370e-16
1 	 462 	 3 	 3 	 4.938702e-16 	 6.786339e-16
1 	 463 	 3 	 3 	 4.727120e-16 	 6.386523e-16
1 	 464 	 3 	 3 	 4.515538e-16 	 5.986707e-16
1 	 465 	 3 	 3 	 4.303956e-16 	 5.586890e-16
1 	 466 	 3 	 3 	 4.092374e-16 	 5.187074e-16
1 	 467 	 3 	 3 	 3.889305e-16 	 4.799058e-16
1 	 468 	 3 	 3 	 3.784135e-16 	 4.546745e-16
1 	 469 	 3 	 3 	 3.678965e-16 	 4.294432e-16
1 	 470 	 3 	 3 	 3.573795e-16 	 4.042119e-16
1 	 471 	 3 	 3 	 3.468624e-16 	 3.789805e-16
1 	 472 	 3 	 3 	 3.363454e-16 	 3.537493e-16
1 	 473 	 3 	 3 	 3.298002e-16 	 3.384414e-16
1 	 474 	 3 	 3 	 3.234206e-16 	 3.235470e-16
1 	 475 	 3 	 3 	 3.170409e-16 	 3.086526e-16
1 	 476 	 3 	 3 	 3.106613e-16 	 2.937582e-16
1 	 477 	 3 	 3 	 3.042816e-16 	 2.788639e-16
1 	 478 	 3 	 3 	 2.987548e-16 	 2.694246e-16
1 	 479 	 3 	 3 	 2.933904e-16 	 2.610245e-16
1 	 480 	 3 	 3 	 2.880260e-16 	 2.526243e-16
1 	 481 	 3 	 3 	 2.826616e-16 	 2.442242e-16
1 	 482 	 3 	 3 	 2.772972e-16 	 2.358241e-16
1 	 483 	 3 	 3 	 2.718141e-16 	 2.300518e-16
1 	 484 	 3 	 3 	 2.662848e-16 	 2.253014e-16
1 	 485 	 3 	 3 	 2.607555e-16 	 2.205511e-16
1 	 486 	 3 	 3 	 2.552262e-16 	 2.158008e-16
1 	 487 	 3 	 3 	 2.496969e-16 	 2.110505e-16
1 	 488 	 3 	 3 	 2.439506e-16 	 2.073685e-16
1 	 489 	 3 	 3 	 2.380596e-16 	 2.043987e-16
1 	 490 	 3 	 3 	 2.321686e-16 	 2.014289e-16
1 	 491 	 3 	 3 	 2.262776e-16 	 1.984591e-16
1 	 492 	 3 	 3 	 2.203866e-16 	 1.954894e-16
1 	 493 	 3 	 3 	 2.144223e-16 	 1.928482e-16
1 	 494 	 3 	 3 	 2.083787e-16 	 1.905630e-16
1 	 495 	 3 	 3 	 2.023351e-16 	 1.882779e-16
1 	 496 	 3 	 3 	 1.962914e-16 	 1.859927e-16
1 	 497 	 3 	 3 	 1.902478e-16 	 1.837076e-16
1 	 498 	 3 	 3 	 1.842587e-16 	 1.814680e-16
1 	 499 	 3 	 3 	 1.783666e-16 	 1.793096e-16
1 	 500 	 3 	 3 	 1.724745e-16 	 1.771512e-16
1 	 501 	 3 	 3 	 1.665824e-16 	 1.749928e-16
1 	 502 	 3 	 3 	 1.606903e-16 	 1.728344e-16
1 	 503 	 3 	 3 	 1.548963e-16 	 1.706529e-16
1 	 504 	 3 	 3 	 1.494130e-16 	 1.683984e-16
1 	 505 	 3 	 3 	 1.439297e-16 	 1.661439e-16
1 	 506 	 3 	 3 	 1.384465e-16 	 1.638893e-16
1 	 507 	 3 	 3 	 1.329632e-16 	 1.616348e-16
1 	 508 	 3 	 3 	 1.275487e-16 	 1.593642e-16
1 	 509 	 3 	 3 	 1.226388e-16 	 1.569755e-16
1 	 510 	 3 	 3 	 1.177289e-16 	 1.545868e-16
1 	 511 	 3 	 3 	 1.128190e-16 	 1.521981e-16
1 	 512 	 3 	 3 	 1.079091e-16 	 1.498094e-16
1 	 513 	 3 	 3 	 1.029992e-16 	 1.474208e-16
1 	 514 	 3 	 3 	 9.873649e-17 	 1.449455e-16
1 	 515 	 3 	 3 	 9.447383e-17 	 1.424703e-16
1 	 516 	 3 	 3 	 9.021115e-17 	 1.399951e-16
1 	 517 	 3 	 3 	 8.594849e-17 	 1.375199e-16
1 	 518 	 3 	 3 	 8.168582e-17 	 1.350447e-16
1 	 519 	 3 	 3 	 7.799651e-17 	 1.325591e-16
1 	 520 	 3 	 3 	 7.438540e-17 	 1.300720e-16
1 	 521 	 3 	 3 	 7.077428e-17 	 1.275850e-16
1 	 522 	 3 	 3 	 6.716317e-17 	 1.250979e-16
1 	 523 	 3 	 3 	 6.355205e-17 	 1.226109e-16
1 	 524 	 3 	 3 	 6.040518e-17 	 1.201690e-16
1 	 525 	 3 	 3 	 5.740489e-17 	 1.177414e-16
1 	 526 	 3 	 3 	 5.440462e-17 	 1.153138e-16
1 	 527 	 3 	 3 	 5.140434e-17 	 1.128862e-16
1 	 528 	 3 	 3 	 4.840406e-17 	 1.104586e-16
1 	 529 	 3 	 3 	 4.575323e-17 	 1.081045e-16
1 	 530 	 3 	 3 	 4.329896e-17 	 1.057916e-16
1 	 531 	 3 	 3 	 4.084470e-17 	 1.034787e-16
1 	 532 	 3 	 3 	 3.839043e-17 	 1.011658e-16
1 	 533 	 3 	 3 	 3.593617e-17 	 9.885296e-17
1 	 534 	 3 	 3 	 3.372748e-17 	 9.661874e-17
1 	 535 	 3 	 3 	 3.174547e-17 	 9.445712e-17
1 	 536 	 3 	 3 	 2.976347e-17 	 9.229550e-17
1 	 537 	 3 	 3 	 2.778147e-17 	 9.013388e-17
1 	 538 	 3 	 3 	 2.579946e-17 	 8.797226e-17
1 	 539 	 3 	 3 	 2.397714e-17 	 8.587912e-17
1 	 540 	 3 	 3 	 2.239434e-17 	 8.388867e-17
1 	 541 	 3 	 3 	 2.081154e-17 	 8.189823e-17
1 	 542 	 3 	 3 	 1.922874e-17 	 7.990778e-17
1 	 543 	 3 	 3 	 1.764594e-17 	 7.791734e-17
1 	 544 	 3 	 3 	 1.615615e-17 	 7.597680e-17
1 	 545 	 3 	 3 	 1.490550e-17 	 7.416464e-17
1 	 546 	 3 	 3 	 1.365485e-17 	 7.235248e-17
1 	 547 	 3 	 3 	 1.240420e-17 	 7.054031e-17
1 	 548 	 3 	 3 	 1.115355e-17 	 6.872815e-17
1 	 549 	 3 	 3 	 9.946638e-18 	 6.694422e-17
1 	 550 	 3 	 3 	 8.969373e-18 	 6.530853e-17
1 	 551 	 3 	 3 	 7.992110e-18 	 6.367285e-17
1 	 552 	 3 	 3 	 7.014846e-18 	 6.203716e-17
1 	 553 	 3 	 3 	 6.037582e-18 	 6.040148e-17
1 	 554 	 3 	 3 	 5.069253e-18 	 5.877256e-17
1 	 555 	 3 	 3 	 4.315350e-18 	 5.730592e-17
1 	 556 	 3 	 3 	 3.561448e-18 	 5.583928e-17
1 	 557 	 3 	 3 	 2.807545e-18 	 5.437264e-17
1 	 558 	 3 	 3 	 2.053643e-18 	 5.290601e-17
1 	 559 	 3 	 3 	 1.299740e-18 	 5.143937e-17
1 	 560 	 3 	 3 	 7.128371e-19 	 5.011848e-17
1 	 561 	 3 	 3 	 1.404559e-19 	 4.881026e-17
1 	 562 	 3 	 3 	 -4.319253e-19 	 4.750204e-17
1 	 563 	 3 	 3 	 -1.004306e-18 	 4.619382e-17
1 	 564 	 3 	 3 	 -1.576688e-18 	 4.488560e-17
1 	 565 	 3 	 3 	 -2.031563e-18 	 4.369440e-17
1 	 566 	 3 	 3 	 -2.457061e-18 	 4.253245e-17
1 	 567 	 3 	 3 	 -2.882560e-18 	 4.137050e-17
1 	 568 	 3 	 3 	 -3.308059e-18 	 4.020855e-17
1 	 569 	 3 	 3 	 -3.733557e-18 	 3.904660e-17
1 	 570 	 3 	 3 	 -4.078583e-18 	 3.797556e-17
1 	 571 	 3 	 3 	 -4.385739e-18 	 3.694729e-17
1 	 572 	 3 	 3 	 -4.692895e-18 	 3.591902e-17
1 	 573 	 3 	 3 	 -5.000052e-18 	 3.489075e-17
1 	 574 	 3 	 3 	 -5.307208e-18 	 3.386248e-17
1 	 575 	 3 	 3 	 -5.561233e-18 	 3.290213e-17
1 	 576 	 3 	 3 	 -5.773512e-18 	 3.199514e-17
1 	 577 	 3 	 3 	 -5.985792e-18 	 3.108815e-17
1 	 578 	 3 	 3 	 -6.198071e-18 	 3.018117e-17
1 	 579 	 3 	 3 	 -6.410350e-18 	 2.927418e-17
1 	 580 	 3 	 3 	 -6.589368e-18 	 2.841534e-17
1 	 581 	 3 	 3 	 -6.726053e-18 	 2.761777e-17
1 	 582 	 3 	 3 	 -6.862738e-18 	 2.682021e-17
1 	 583 	 3 	 3 	 -6.999424e-18 	 2.602264e-17
1 	 584 	 3 	 3 	 -7.136109e-18 	 2.522508e-17
1 	 585 	 3 	 3 	 -7.253673e-18 	 2.445896e-17
1 	 586 	 3 	 3 	 -7.330603e-18 	 2.375968e-17
1 	 587 	 3 	 3 	 -7.407534e-18 	 2.306039e-17
1 	 588 	 3 	 3 	 -7.484464e-18 	 2.236111e-17
1 	 589 	 3 	 3 	 -7.561394e-18 	 2.166182e-17
1 	 590 	 3 	 3 	 -7.628973e-18 	 2.098012e-17
1 	 591 	 3 	 3 	 -7.659148e-18 	 2.036875e-17
1 	 592 	 3 	 3 	 -7.689324e-18 	 1.975738e-17
1 	 593 	 3 	 3 	 -7.719498e-18 	 1.914601e-17
1 	 594 	 3 	 3 	 -7.749673e-18 	 1.853464e-17
1 	 595 	 3 	 3 	 -7.776959e-18 	 1.792954e-17
1 	 596 	 3 	 3 	 -7.771026e-18 	 1.739650e-17
1 	 597 	 3 	 3 	 -7.765093e-18 	 1.686347e-17
1 	 598 	 3 	 3 	 -7.759159e-18 	 1.633044e-17
1 	 599 	 3 	 3 	 -7.753226e-18 	 1.579740e-17
1 	 600 	 3 	 3 	 -7.747293e-18 	 1.526437e-17
1 	 601 	 3 	 3 	 -7.715050e-18 	 1.479808e-17
1 	 602 	 3 	 3 	 -7.681710e-18 	 1.433458e-17
1 	 603 	 3 	 3 	 -7.648371e-18 	 1.387107e-17
1 	 604 	 3 	 3 	 -7.615031e-18 	 1.340756e-17
1 	 605 	 3 	 3 	 -7.581692e-18 	 1.294406e-17
1 	 606 	 3 	 3 	 -7.531287e-18 	 1.253217e-17
1 	 607 	 3 	 3 	 -7.477631e-18 	 1.213011e-17
1 	 608 	 3 	 3 	 -7.423975e-18 	 1.172805e-17
1 	 609 	 3 	 3 	 -7.370319e-18 	 1.132599e-17
1 	 610 	 3 	 3 	 -7.316664e-18 	 1.092393e-17
1 	 611 	 3 	 3 	 -7.252530e-18 	 1.056081e-17
1 	 612 	 3 	 3 	 -7.184322e-18 	 1.021283e-17
1 	 613 	 3 	 3 	 -7.116114e-18 	 9.864851e-18
1 	 614 	 3 	 3 	 -7.047906e-18 	 9.516871e-18
1 	 615 	 3 	 3 	 -6.979698e-18 	 9.168891e-18
1 	 616 	 3 	 3 	 -6.905561e-18 	 8.849346e-18
1 	 617 	 3 	 3 	 -6.827472e-18 	 8.548758e-18
1 	 618 	 3 	 3 	 -6.749383e-18 	 8.248169e-18
1 	 619 	 3 	 3 	 -6.671294e-18 	 7.947580e-18
1 	 620 	 3 	 3 	 -6.593204e-18 	 7.646992e-18
1 	 621 	 3 	 3 	 -6.512182e-18 	 7.366268e-18
1 	 622 	 3 	 3 	 -6.427980e-18 	 7.107064e-18
1 	 623 	 3 	 3 	 -6.343779e-18 	 6.847860e-18
1 	 624 	 3 	 3 	 -6.259578e-18 	 6.588656e-18
1 	 625 	 3 	 3 	 -6.175377e-18 	 6.329452e-18
1 	 626 	 3 	 3 	 -6.090058e-18 	 6.083228e-18
1 	 627 	 3 	 3 	 -6.002749e-18 	 5.860078e-18
1 	 628 	 3 	 3 	 -5.915441e-18 	 5.636929e-18
1 	 629 	 3 	 3 	 -5.828133e-18 	 5.413779e-18
1 	 630 	 3 	 3 	 -5.740825e-18 	 5.190629e-18
1 	 631 	 3 	 3 	 -5.653332e-18 	 4.975017e-18
1 	 632 	 3 	 3 	 -5.565255e-18 	 4.783270e-18
1 	 633 	 3 	 3 	 -5.477178e-18 	 4.591524e-18
1 	 634 	 3 	 3 	 -5.389102e-18 	 4.399777e-18
1 	 635 	 3 	 3 	 -5.301025e-18 	 4.208031e-18
1 	 636 	 3 	 3 	 -5.213066e-18 	 4.019573e-18
1 	 637 	 3 	 3 	 -5.125961e-18 	 3.855238e-18
1 	 638 	 3 	 3 	 -5.038856e-18 	 3.690902e-18
1 	 639 	 3 	 3 	 -4.951752e-18 	 3.526566e-18
1 	 640 	 3 	 3 	 -4.864648e-18 	 3.362230e-18
1 	 641 	 3 	 3 	 -4.777543e-18 	 3.197895e-18
