iTx 	 iRx    ichrec  ifreq 	 emf_real 	 emf_imag
1 	 1 	 1 	 1 	 -7.722396e-15 	 -3.366558e-15
1 	 2 	 1 	 1 	 -7.854323e-15 	 -3.374495e-15
1 	 3 	 1 	 1 	 -7.986250e-15 	 -3.382433e-15
1 	 4 	 1 	 1 	 -8.123469e-15 	 -3.388626e-15
1 	 5 	 1 	 1 	 -8.267422e-15 	 -3.392598e-15
1 	 6 	 1 	 1 	 -8.411374e-15 	 -3.396571e-15
1 	 7 	 1 	 1 	 -8.555327e-15 	 -3.400544e-15
1 	 8 	 1 	 1 	 -8.699279e-15 	 -3.404517e-15
1 	 9 	 1 	 1 	 -8.847384e-15 	 -3.406973e-15
1 	 10 	 1 	 1 	 -9.004312e-15 	 -3.406208e-15
1 	 11 	 1 	 1 	 -9.161240e-15 	 -3.405442e-15
1 	 12 	 1 	 1 	 -9.318168e-15 	 -3.404676e-15
1 	 13 	 1 	 1 	 -9.475096e-15 	 -3.403911e-15
1 	 14 	 1 	 1 	 -9.634822e-15 	 -3.402022e-15
1 	 15 	 1 	 1 	 -9.805742e-15 	 -3.395637e-15
1 	 16 	 1 	 1 	 -9.976662e-15 	 -3.389252e-15
1 	 17 	 1 	 1 	 -1.014758e-14 	 -3.382867e-15
1 	 18 	 1 	 1 	 -1.031850e-14 	 -3.376483e-15
1 	 19 	 1 	 1 	 -1.049063e-14 	 -3.369569e-15
1 	 20 	 1 	 1 	 -1.067663e-14 	 -3.356565e-15
1 	 21 	 1 	 1 	 -1.086263e-14 	 -3.343562e-15
1 	 22 	 1 	 1 	 -1.104863e-14 	 -3.330558e-15
1 	 23 	 1 	 1 	 -1.123464e-14 	 -3.317554e-15
1 	 24 	 1 	 1 	 -1.142064e-14 	 -3.304551e-15
1 	 25 	 1 	 1 	 -1.162224e-14 	 -3.284107e-15
1 	 26 	 1 	 1 	 -1.182449e-14 	 -3.263352e-15
1 	 27 	 1 	 1 	 -1.202673e-14 	 -3.242598e-15
1 	 28 	 1 	 1 	 -1.222898e-14 	 -3.221843e-15
1 	 29 	 1 	 1 	 -1.243123e-14 	 -3.201089e-15
1 	 30 	 1 	 1 	 -1.264818e-14 	 -3.172749e-15
1 	 31 	 1 	 1 	 -1.286792e-14 	 -3.142965e-15
1 	 32 	 1 	 1 	 -1.308767e-14 	 -3.113181e-15
1 	 33 	 1 	 1 	 -1.330742e-14 	 -3.083396e-15
1 	 34 	 1 	 1 	 -1.352716e-14 	 -3.053612e-15
1 	 35 	 1 	 1 	 -1.376046e-14 	 -3.016288e-15
1 	 36 	 1 	 1 	 -1.399904e-14 	 -2.976031e-15
1 	 37 	 1 	 1 	 -1.423762e-14 	 -2.935773e-15
1 	 38 	 1 	 1 	 -1.447620e-14 	 -2.895516e-15
1 	 39 	 1 	 1 	 -1.471477e-14 	 -2.855260e-15
1 	 40 	 1 	 1 	 -1.496551e-14 	 -2.807744e-15
1 	 41 	 1 	 1 	 -1.522435e-14 	 -2.755388e-15
1 	 42 	 1 	 1 	 -1.548318e-14 	 -2.703033e-15
1 	 43 	 1 	 1 	 -1.574202e-14 	 -2.650678e-15
1 	 44 	 1 	 1 	 -1.600086e-14 	 -2.598323e-15
1 	 45 	 1 	 1 	 -1.627016e-14 	 -2.539283e-15
1 	 46 	 1 	 1 	 -1.655079e-14 	 -2.473001e-15
1 	 47 	 1 	 1 	 -1.683142e-14 	 -2.406718e-15
1 	 48 	 1 	 1 	 -1.711204e-14 	 -2.340436e-15
1 	 49 	 1 	 1 	 -1.739267e-14 	 -2.274154e-15
1 	 50 	 1 	 1 	 -1.768173e-14 	 -2.202117e-15
1 	 51 	 1 	 1 	 -1.798579e-14 	 -2.119851e-15
1 	 52 	 1 	 1 	 -1.828985e-14 	 -2.037585e-15
1 	 53 	 1 	 1 	 -1.859390e-14 	 -1.955319e-15
1 	 54 	 1 	 1 	 -1.889795e-14 	 -1.873053e-15
1 	 55 	 1 	 1 	 -1.920805e-14 	 -1.786397e-15
1 	 56 	 1 	 1 	 -1.953729e-14 	 -1.685836e-15
1 	 57 	 1 	 1 	 -1.986652e-14 	 -1.585276e-15
1 	 58 	 1 	 1 	 -2.019575e-14 	 -1.484716e-15
1 	 59 	 1 	 1 	 -2.052499e-14 	 -1.384156e-15
1 	 60 	 1 	 1 	 -2.085747e-14 	 -1.281090e-15
1 	 61 	 1 	 1 	 -2.121376e-14 	 -1.159641e-15
1 	 62 	 1 	 1 	 -2.157005e-14 	 -1.038192e-15
1 	 63 	 1 	 1 	 -2.192634e-14 	 -9.167439e-16
1 	 64 	 1 	 1 	 -2.228264e-14 	 -7.952953e-16
1 	 65 	 1 	 1 	 -2.263893e-14 	 -6.738467e-16
1 	 66 	 1 	 1 	 -2.302430e-14 	 -5.285960e-16
1 	 67 	 1 	 1 	 -2.340967e-14 	 -3.833452e-16
1 	 68 	 1 	 1 	 -2.379504e-14 	 -2.380946e-16
1 	 69 	 1 	 1 	 -2.418041e-14 	 -9.284383e-17
1 	 70 	 1 	 1 	 -2.456577e-14 	 5.240689e-17
1 	 71 	 1 	 1 	 -2.497864e-14 	 2.214834e-16
1 	 72 	 1 	 1 	 -2.539526e-14 	 3.938090e-16
1 	 73 	 1 	 1 	 -2.581188e-14 	 5.661345e-16
1 	 74 	 1 	 1 	 -2.622850e-14 	 7.384601e-16
1 	 75 	 1 	 1 	 -2.664512e-14 	 9.107856e-16
1 	 76 	 1 	 1 	 -2.708728e-14 	 1.106484e-15
1 	 77 	 1 	 1 	 -2.753749e-14 	 1.309562e-15
1 	 78 	 1 	 1 	 -2.798771e-14 	 1.512641e-15
1 	 79 	 1 	 1 	 -2.843793e-14 	 1.715720e-15
1 	 80 	 1 	 1 	 -2.888814e-14 	 1.918799e-15
1 	 81 	 1 	 1 	 -2.936149e-14 	 2.144209e-15
1 	 82 	 1 	 1 	 -2.984784e-14 	 2.382181e-15
1 	 83 	 1 	 1 	 -3.033419e-14 	 2.620152e-15
1 	 84 	 1 	 1 	 -3.082054e-14 	 2.858124e-15
1 	 85 	 1 	 1 	 -3.130689e-14 	 3.096096e-15
1 	 86 	 1 	 1 	 -3.181347e-14 	 3.354638e-15
1 	 87 	 1 	 1 	 -3.233872e-14 	 3.632169e-15
1 	 88 	 1 	 1 	 -3.286397e-14 	 3.909700e-15
1 	 89 	 1 	 1 	 -3.338922e-14 	 4.187230e-15
1 	 90 	 1 	 1 	 -3.391446e-14 	 4.464761e-15
1 	 91 	 1 	 1 	 -3.445647e-14 	 4.760224e-15
1 	 92 	 1 	 1 	 -3.502363e-14 	 5.082586e-15
1 	 93 	 1 	 1 	 -3.559078e-14 	 5.404947e-15
1 	 94 	 1 	 1 	 -3.615794e-14 	 5.727309e-15
1 	 95 	 1 	 1 	 -3.672509e-14 	 6.049670e-15
1 	 96 	 1 	 1 	 -3.730490e-14 	 6.386257e-15
1 	 97 	 1 	 1 	 -3.791725e-14 	 6.759422e-15
1 	 98 	 1 	 1 	 -3.852961e-14 	 7.132587e-15
1 	 99 	 1 	 1 	 -3.914197e-14 	 7.505752e-15
1 	 100 	 1 	 1 	 -3.975432e-14 	 7.878917e-15
1 	 101 	 1 	 1 	 -4.037449e-14 	 8.261297e-15
1 	 102 	 1 	 1 	 -4.103567e-14 	 8.692056e-15
1 	 103 	 1 	 1 	 -4.169686e-14 	 9.122814e-15
1 	 104 	 1 	 1 	 -4.235804e-14 	 9.553573e-15
1 	 105 	 1 	 1 	 -4.301922e-14 	 9.984331e-15
1 	 106 	 1 	 1 	 -4.368252e-14 	 1.041770e-14
1 	 107 	 1 	 1 	 -4.439653e-14 	 1.091381e-14
1 	 108 	 1 	 1 	 -4.511054e-14 	 1.140991e-14
1 	 109 	 1 	 1 	 -4.582455e-14 	 1.190601e-14
1 	 110 	 1 	 1 	 -4.653856e-14 	 1.240211e-14
1 	 111 	 1 	 1 	 -4.725257e-14 	 1.289822e-14
1 	 112 	 1 	 1 	 -4.801926e-14 	 1.346261e-14
1 	 113 	 1 	 1 	 -4.879053e-14 	 1.403295e-14
1 	 114 	 1 	 1 	 -4.956180e-14 	 1.460328e-14
1 	 115 	 1 	 1 	 -5.033307e-14 	 1.517362e-14
1 	 116 	 1 	 1 	 -5.110434e-14 	 1.574395e-14
1 	 117 	 1 	 1 	 -5.192535e-14 	 1.638186e-14
1 	 118 	 1 	 1 	 -5.275879e-14 	 1.703668e-14
1 	 119 	 1 	 1 	 -5.359224e-14 	 1.769149e-14
1 	 120 	 1 	 1 	 -5.442569e-14 	 1.834629e-14
1 	 121 	 1 	 1 	 -5.525913e-14 	 1.900111e-14
1 	 122 	 1 	 1 	 -5.613858e-14 	 1.972143e-14
1 	 123 	 1 	 1 	 -5.703967e-14 	 2.047259e-14
1 	 124 	 1 	 1 	 -5.794075e-14 	 2.122375e-14
1 	 125 	 1 	 1 	 -5.884185e-14 	 2.197490e-14
1 	 126 	 1 	 1 	 -5.974293e-14 	 2.272606e-14
1 	 127 	 1 	 1 	 -6.068531e-14 	 2.353893e-14
1 	 128 	 1 	 1 	 -6.166012e-14 	 2.440027e-14
1 	 129 	 1 	 1 	 -6.263494e-14 	 2.526162e-14
1 	 130 	 1 	 1 	 -6.360976e-14 	 2.612296e-14
1 	 131 	 1 	 1 	 -6.458457e-14 	 2.698431e-14
1 	 132 	 1 	 1 	 -6.559479e-14 	 2.790128e-14
1 	 133 	 1 	 1 	 -6.665008e-14 	 2.888905e-14
1 	 134 	 1 	 1 	 -6.770538e-14 	 2.987682e-14
1 	 135 	 1 	 1 	 -6.876066e-14 	 3.086459e-14
1 	 136 	 1 	 1 	 -6.981596e-14 	 3.185235e-14
1 	 137 	 1 	 1 	 -7.089940e-14 	 3.288671e-14
1 	 138 	 1 	 1 	 -7.204263e-14 	 3.402006e-14
1 	 139 	 1 	 1 	 -7.318588e-14 	 3.515341e-14
1 	 140 	 1 	 1 	 -7.432912e-14 	 3.628676e-14
1 	 141 	 1 	 1 	 -7.547236e-14 	 3.742011e-14
1 	 142 	 1 	 1 	 -7.663484e-14 	 3.858713e-14
1 	 143 	 1 	 1 	 -7.787425e-14 	 3.988881e-14
1 	 144 	 1 	 1 	 -7.911367e-14 	 4.119050e-14
1 	 145 	 1 	 1 	 -8.035309e-14 	 4.249219e-14
1 	 146 	 1 	 1 	 -8.159250e-14 	 4.379388e-14
1 	 147 	 1 	 1 	 -8.284033e-14 	 4.511121e-14
1 	 148 	 1 	 1 	 -8.418491e-14 	 4.660843e-14
1 	 149 	 1 	 1 	 -8.552948e-14 	 4.810565e-14
1 	 150 	 1 	 1 	 -8.687406e-14 	 4.960287e-14
1 	 151 	 1 	 1 	 -8.821863e-14 	 5.110009e-14
1 	 152 	 1 	 1 	 -8.956320e-14 	 5.259731e-14
1 	 153 	 1 	 1 	 -9.101803e-14 	 5.431364e-14
1 	 154 	 1 	 1 	 -9.247745e-14 	 5.603910e-14
1 	 155 	 1 	 1 	 -9.393688e-14 	 5.776455e-14
1 	 156 	 1 	 1 	 -9.539630e-14 	 5.949001e-14
1 	 157 	 1 	 1 	 -9.685572e-14 	 6.121547e-14
1 	 158 	 1 	 1 	 -9.842026e-14 	 6.316589e-14
1 	 159 	 1 	 1 	 -1.000048e-13 	 6.515917e-14
1 	 160 	 1 	 1 	 -1.015894e-13 	 6.715245e-14
1 	 161 	 1 	 1 	 -1.031740e-13 	 6.914572e-14
1 	 162 	 1 	 1 	 -1.047585e-13 	 7.113900e-14
1 	 163 	 1 	 1 	 -1.064409e-13 	 7.335982e-14
1 	 164 	 1 	 1 	 -1.081613e-13 	 7.566913e-14
1 	 165 	 1 	 1 	 -1.098817e-13 	 7.797844e-14
1 	 166 	 1 	 1 	 -1.116021e-13 	 8.028775e-14
1 	 167 	 1 	 1 	 -1.133225e-13 	 8.259706e-14
1 	 168 	 1 	 1 	 -1.151308e-13 	 8.513149e-14
1 	 169 	 1 	 1 	 -1.169978e-13 	 8.781598e-14
1 	 170 	 1 	 1 	 -1.188648e-13 	 9.050048e-14
1 	 171 	 1 	 1 	 -1.207318e-13 	 9.318497e-14
1 	 172 	 1 	 1 	 -1.225988e-13 	 9.586947e-14
1 	 173 	 1 	 1 	 -1.245411e-13 	 9.876916e-14
1 	 174 	 1 	 1 	 -1.265650e-13 	 1.019020e-13
1 	 175 	 1 	 1 	 -1.285888e-13 	 1.050348e-13
1 	 176 	 1 	 1 	 -1.306127e-13 	 1.081676e-13
1 	 177 	 1 	 1 	 -1.326366e-13 	 1.113004e-13
1 	 178 	 1 	 1 	 -1.347203e-13 	 1.146274e-13
1 	 179 	 1 	 1 	 -1.369102e-13 	 1.182997e-13
1 	 180 	 1 	 1 	 -1.391000e-13 	 1.219719e-13
1 	 181 	 1 	 1 	 -1.412899e-13 	 1.256442e-13
1 	 182 	 1 	 1 	 -1.434798e-13 	 1.293165e-13
1 	 183 	 1 	 1 	 -1.457112e-13 	 1.331459e-13
1 	 184 	 1 	 1 	 -1.480738e-13 	 1.374726e-13
1 	 185 	 1 	 1 	 -1.504365e-13 	 1.417992e-13
1 	 186 	 1 	 1 	 -1.527992e-13 	 1.461259e-13
1 	 187 	 1 	 1 	 -1.551618e-13 	 1.504526e-13
1 	 188 	 1 	 1 	 -1.575456e-13 	 1.548754e-13
1 	 189 	 1 	 1 	 -1.600838e-13 	 1.600030e-13
1 	 190 	 1 	 1 	 -1.626220e-13 	 1.651306e-13
1 	 191 	 1 	 1 	 -1.651603e-13 	 1.702583e-13
1 	 192 	 1 	 1 	 -1.676985e-13 	 1.753859e-13
1 	 193 	 1 	 1 	 -1.702368e-13 	 1.805135e-13
1 	 194 	 1 	 1 	 -1.729469e-13 	 1.866319e-13
1 	 195 	 1 	 1 	 -1.756571e-13 	 1.927502e-13
1 	 196 	 1 	 1 	 -1.783673e-13 	 1.988685e-13
1 	 197 	 1 	 1 	 -1.810774e-13 	 2.049868e-13
1 	 198 	 1 	 1 	 -1.837876e-13 	 2.111051e-13
1 	 199 	 1 	 1 	 -1.866367e-13 	 2.183152e-13
1 	 200 	 1 	 1 	 -1.895048e-13 	 2.256741e-13
1 	 201 	 1 	 1 	 -1.923729e-13 	 2.330330e-13
1 	 202 	 1 	 1 	 -1.952410e-13 	 2.403919e-13
1 	 203 	 1 	 1 	 -1.981091e-13 	 2.477508e-13
1 	 204 	 1 	 1 	 -2.010740e-13 	 2.563078e-13
1 	 205 	 1 	 1 	 -2.040694e-13 	 2.652430e-13
1 	 206 	 1 	 1 	 -2.070648e-13 	 2.741783e-13
1 	 207 	 1 	 1 	 -2.100602e-13 	 2.831136e-13
1 	 208 	 1 	 1 	 -2.130556e-13 	 2.920489e-13
1 	 209 	 1 	 1 	 -2.160953e-13 	 3.022882e-13
1 	 210 	 1 	 1 	 -2.191599e-13 	 3.132611e-13
1 	 211 	 1 	 1 	 -2.222246e-13 	 3.242340e-13
1 	 212 	 1 	 1 	 -2.252892e-13 	 3.352070e-13
1 	 213 	 1 	 1 	 -2.283538e-13 	 3.461798e-13
1 	 214 	 1 	 1 	 -2.314000e-13 	 3.585497e-13
1 	 215 	 1 	 1 	 -2.344291e-13 	 3.722090e-13
1 	 216 	 1 	 1 	 -2.374582e-13 	 3.858684e-13
1 	 217 	 1 	 1 	 -2.404874e-13 	 3.995277e-13
1 	 218 	 1 	 1 	 -2.435165e-13 	 4.131870e-13
1 	 219 	 1 	 1 	 -2.464566e-13 	 4.282948e-13
1 	 220 	 1 	 1 	 -2.492633e-13 	 4.455753e-13
1 	 221 	 1 	 1 	 -2.520701e-13 	 4.628558e-13
1 	 222 	 1 	 1 	 -2.548768e-13 	 4.801362e-13
1 	 223 	 1 	 1 	 -2.576835e-13 	 4.974167e-13
1 	 224 	 1 	 1 	 -2.603340e-13 	 5.160969e-13
1 	 225 	 1 	 1 	 -2.625826e-13 	 5.383766e-13
1 	 226 	 1 	 1 	 -2.648313e-13 	 5.606562e-13
1 	 227 	 1 	 1 	 -2.670799e-13 	 5.829359e-13
1 	 228 	 1 	 1 	 -2.693286e-13 	 6.052156e-13
1 	 229 	 1 	 1 	 -2.713901e-13 	 6.286271e-13
1 	 230 	 1 	 1 	 -2.724690e-13 	 6.579809e-13
1 	 231 	 1 	 1 	 -2.735479e-13 	 6.873347e-13
1 	 232 	 1 	 1 	 -2.746268e-13 	 7.166885e-13
1 	 233 	 1 	 1 	 -2.757056e-13 	 7.460422e-13
1 	 234 	 1 	 1 	 -2.766925e-13 	 7.758063e-13
1 	 235 	 1 	 1 	 -2.754692e-13 	 8.154161e-13
1 	 236 	 1 	 1 	 -2.742459e-13 	 8.550259e-13
1 	 237 	 1 	 1 	 -2.730226e-13 	 8.946357e-13
1 	 238 	 1 	 1 	 -2.717993e-13 	 9.342455e-13
1 	 239 	 1 	 1 	 -2.705760e-13 	 9.738552e-13
1 	 240 	 1 	 1 	 -2.652789e-13 	 1.027458e-12
1 	 241 	 1 	 1 	 -2.596275e-13 	 1.082277e-12
1 	 242 	 1 	 1 	 -2.539761e-13 	 1.137096e-12
1 	 243 	 1 	 1 	 -2.483247e-13 	 1.191915e-12
1 	 244 	 1 	 1 	 -2.426733e-13 	 1.246734e-12
1 	 245 	 1 	 1 	 -2.302502e-13 	 1.319962e-12
1 	 246 	 1 	 1 	 -2.161342e-13 	 1.397793e-12
1 	 247 	 1 	 1 	 -2.020183e-13 	 1.475624e-12
1 	 248 	 1 	 1 	 -1.879023e-13 	 1.553455e-12
1 	 249 	 1 	 1 	 -1.737863e-13 	 1.631286e-12
1 	 250 	 1 	 1 	 -1.486549e-13 	 1.733198e-12
1 	 251 	 1 	 1 	 -1.183398e-13 	 1.846444e-12
1 	 252 	 1 	 1 	 -8.802469e-14 	 1.959689e-12
1 	 253 	 1 	 1 	 -5.770958e-14 	 2.072934e-12
1 	 254 	 1 	 1 	 -2.739447e-14 	 2.186179e-12
1 	 255 	 1 	 1 	 2.036092e-14 	 2.330372e-12
1 	 256 	 1 	 1 	 8.181940e-14 	 2.498880e-12
1 	 257 	 1 	 1 	 1.432779e-13 	 2.667388e-12
1 	 258 	 1 	 1 	 2.047364e-13 	 2.835896e-12
1 	 259 	 1 	 1 	 2.661948e-13 	 3.004404e-12
1 	 260 	 1 	 1 	 3.541786e-13 	 3.211280e-12
1 	 261 	 1 	 1 	 4.759219e-13 	 3.466988e-12
1 	 262 	 1 	 1 	 5.976651e-13 	 3.722697e-12
1 	 263 	 1 	 1 	 7.194084e-13 	 3.978405e-12
1 	 264 	 1 	 1 	 8.411516e-13 	 4.234113e-12
1 	 265 	 1 	 1 	 1.000593e-12 	 4.534256e-12
1 	 266 	 1 	 1 	 1.240143e-12 	 4.928821e-12
1 	 267 	 1 	 1 	 1.479692e-12 	 5.323386e-12
1 	 268 	 1 	 1 	 1.719242e-12 	 5.717951e-12
1 	 269 	 1 	 1 	 1.958791e-12 	 6.112515e-12
1 	 270 	 1 	 1 	 2.245014e-12 	 6.551667e-12
1 	 271 	 1 	 1 	 2.717931e-12 	 7.169167e-12
1 	 272 	 1 	 1 	 3.190847e-12 	 7.786666e-12
1 	 273 	 1 	 1 	 3.663763e-12 	 8.404165e-12
1 	 274 	 1 	 1 	 4.136680e-12 	 9.021664e-12
1 	 275 	 1 	 1 	 4.647332e-12 	 9.668051e-12
1 	 276 	 1 	 1 	 5.591949e-12 	 1.064663e-11
1 	 277 	 1 	 1 	 6.536566e-12 	 1.162522e-11
1 	 278 	 1 	 1 	 7.481182e-12 	 1.260380e-11
1 	 279 	 1 	 1 	 8.425799e-12 	 1.358238e-11
1 	 280 	 1 	 1 	 9.370415e-12 	 1.456097e-11
1 	 281 	 1 	 1 	 1.125848e-11 	 1.610747e-11
1 	 282 	 1 	 1 	 1.318585e-11 	 1.767764e-11
1 	 283 	 1 	 1 	 1.511322e-11 	 1.924781e-11
1 	 284 	 1 	 1 	 1.704060e-11 	 2.081798e-11
1 	 285 	 1 	 1 	 1.896797e-11 	 2.238815e-11
1 	 286 	 1 	 1 	 2.269519e-11 	 2.478648e-11
1 	 287 	 1 	 1 	 2.676524e-11 	 2.734255e-11
1 	 288 	 1 	 1 	 3.083529e-11 	 2.989862e-11
1 	 289 	 1 	 1 	 3.490534e-11 	 3.245469e-11
1 	 290 	 1 	 1 	 3.897539e-11 	 3.501076e-11
1 	 291 	 1 	 1 	 4.664347e-11 	 3.878186e-11
1 	 292 	 1 	 1 	 5.571078e-11 	 4.302546e-11
1 	 293 	 1 	 1 	 6.477809e-11 	 4.726906e-11
1 	 294 	 1 	 1 	 7.384540e-11 	 5.151267e-11
1 	 295 	 1 	 1 	 8.291270e-11 	 5.575627e-11
1 	 296 	 1 	 1 	 9.969101e-11 	 6.180641e-11
1 	 297 	 1 	 1 	 1.216100e-10 	 6.906092e-11
1 	 298 	 1 	 1 	 1.435289e-10 	 7.631543e-11
1 	 299 	 1 	 1 	 1.654479e-10 	 8.356994e-11
1 	 300 	 1 	 1 	 1.873669e-10 	 9.082444e-11
1 	 301 	 1 	 1 	 2.274560e-10 	 1.008186e-10
1 	 302 	 1 	 1 	 2.872296e-10 	 1.137807e-10
1 	 303 	 1 	 1 	 3.470032e-10 	 1.267428e-10
1 	 304 	 1 	 1 	 4.067768e-10 	 1.397049e-10
1 	 305 	 1 	 1 	 4.665504e-10 	 1.526670e-10
1 	 306 	 1 	 1 	 5.738012e-10 	 1.698238e-10
1 	 307 	 1 	 1 	 7.654563e-10 	 1.944377e-10
1 	 308 	 1 	 1 	 9.571113e-10 	 2.190517e-10
1 	 309 	 1 	 1 	 1.148766e-09 	 2.436656e-10
1 	 310 	 1 	 1 	 1.340421e-09 	 2.682795e-10
1 	 311 	 1 	 1 	 1.655925e-09 	 2.987867e-10
1 	 312 	 1 	 1 	 2.363617e-09 	 3.479556e-10
1 	 313 	 1 	 1 	 3.071309e-09 	 3.971245e-10
1 	 314 	 1 	 1 	 3.779001e-09 	 4.462934e-10
1 	 315 	 1 	 1 	 4.486692e-09 	 4.954623e-10
1 	 316 	 1 	 1 	 4.604787e-09 	 5.487001e-10
1 	 317 	 1 	 1 	 3.991699e-10 	 6.317769e-10
1 	 318 	 1 	 1 	 -3.806447e-09 	 7.148537e-10
1 	 319 	 1 	 1 	 -8.012065e-09 	 7.979306e-10
1 	 320 	 1 	 1 	 -1.221768e-08 	 8.810073e-10
1 	 321 	 1 	 1 	 -1.642330e-08 	 9.640841e-10
1 	 322 	 1 	 1 	 -1.221768e-08 	 8.810073e-10
1 	 323 	 1 	 1 	 -8.012065e-09 	 7.979306e-10
1 	 324 	 1 	 1 	 -3.806447e-09 	 7.148537e-10
1 	 325 	 1 	 1 	 3.991699e-10 	 6.317769e-10
1 	 326 	 1 	 1 	 4.604787e-09 	 5.487001e-10
1 	 327 	 1 	 1 	 4.486692e-09 	 4.954623e-10
1 	 328 	 1 	 1 	 3.779001e-09 	 4.462934e-10
1 	 329 	 1 	 1 	 3.071309e-09 	 3.971245e-10
1 	 330 	 1 	 1 	 2.363617e-09 	 3.479556e-10
1 	 331 	 1 	 1 	 1.655925e-09 	 2.987867e-10
1 	 332 	 1 	 1 	 1.340421e-09 	 2.682795e-10
1 	 333 	 1 	 1 	 1.148766e-09 	 2.436656e-10
1 	 334 	 1 	 1 	 9.571113e-10 	 2.190517e-10
1 	 335 	 1 	 1 	 7.654563e-10 	 1.944377e-10
1 	 336 	 1 	 1 	 5.738012e-10 	 1.698238e-10
1 	 337 	 1 	 1 	 4.665504e-10 	 1.526670e-10
1 	 338 	 1 	 1 	 4.067768e-10 	 1.397049e-10
1 	 339 	 1 	 1 	 3.470032e-10 	 1.267428e-10
1 	 340 	 1 	 1 	 2.872296e-10 	 1.137807e-10
1 	 341 	 1 	 1 	 2.274560e-10 	 1.008186e-10
1 	 342 	 1 	 1 	 1.873669e-10 	 9.082444e-11
1 	 343 	 1 	 1 	 1.654479e-10 	 8.356994e-11
1 	 344 	 1 	 1 	 1.435289e-10 	 7.631543e-11
1 	 345 	 1 	 1 	 1.216100e-10 	 6.906092e-11
1 	 346 	 1 	 1 	 9.969101e-11 	 6.180641e-11
1 	 347 	 1 	 1 	 8.291270e-11 	 5.575627e-11
1 	 348 	 1 	 1 	 7.384540e-11 	 5.151267e-11
1 	 349 	 1 	 1 	 6.477809e-11 	 4.726906e-11
1 	 350 	 1 	 1 	 5.571078e-11 	 4.302546e-11
1 	 351 	 1 	 1 	 4.664347e-11 	 3.878186e-11
1 	 352 	 1 	 1 	 3.897539e-11 	 3.501076e-11
1 	 353 	 1 	 1 	 3.490534e-11 	 3.245469e-11
1 	 354 	 1 	 1 	 3.083529e-11 	 2.989862e-11
1 	 355 	 1 	 1 	 2.676524e-11 	 2.734255e-11
1 	 356 	 1 	 1 	 2.269519e-11 	 2.478648e-11
1 	 357 	 1 	 1 	 1.896797e-11 	 2.238815e-11
1 	 358 	 1 	 1 	 1.704060e-11 	 2.081798e-11
1 	 359 	 1 	 1 	 1.511322e-11 	 1.924781e-11
1 	 360 	 1 	 1 	 1.318585e-11 	 1.767764e-11
1 	 361 	 1 	 1 	 1.125848e-11 	 1.610747e-11
1 	 362 	 1 	 1 	 9.370415e-12 	 1.456097e-11
1 	 363 	 1 	 1 	 8.425799e-12 	 1.358238e-11
1 	 364 	 1 	 1 	 7.481182e-12 	 1.260380e-11
1 	 365 	 1 	 1 	 6.536566e-12 	 1.162522e-11
1 	 366 	 1 	 1 	 5.591949e-12 	 1.064663e-11
1 	 367 	 1 	 1 	 4.647332e-12 	 9.668051e-12
1 	 368 	 1 	 1 	 4.136680e-12 	 9.021664e-12
1 	 369 	 1 	 1 	 3.663763e-12 	 8.404165e-12
1 	 370 	 1 	 1 	 3.190847e-12 	 7.786666e-12
1 	 371 	 1 	 1 	 2.717931e-12 	 7.169167e-12
1 	 372 	 1 	 1 	 2.245014e-12 	 6.551667e-12
1 	 373 	 1 	 1 	 1.958791e-12 	 6.112515e-12
1 	 374 	 1 	 1 	 1.719242e-12 	 5.717951e-12
1 	 375 	 1 	 1 	 1.479692e-12 	 5.323386e-12
1 	 376 	 1 	 1 	 1.240143e-12 	 4.928821e-12
1 	 377 	 1 	 1 	 1.000593e-12 	 4.534256e-12
1 	 378 	 1 	 1 	 8.411516e-13 	 4.234113e-12
1 	 379 	 1 	 1 	 7.194084e-13 	 3.978405e-12
1 	 380 	 1 	 1 	 5.976651e-13 	 3.722697e-12
1 	 381 	 1 	 1 	 4.759219e-13 	 3.466988e-12
1 	 382 	 1 	 1 	 3.541786e-13 	 3.211280e-12
1 	 383 	 1 	 1 	 2.661948e-13 	 3.004404e-12
1 	 384 	 1 	 1 	 2.047364e-13 	 2.835896e-12
1 	 385 	 1 	 1 	 1.432779e-13 	 2.667388e-12
1 	 386 	 1 	 1 	 8.181940e-14 	 2.498880e-12
1 	 387 	 1 	 1 	 2.036092e-14 	 2.330372e-12
1 	 388 	 1 	 1 	 -2.739447e-14 	 2.186179e-12
1 	 389 	 1 	 1 	 -5.770958e-14 	 2.072934e-12
1 	 390 	 1 	 1 	 -8.802469e-14 	 1.959689e-12
1 	 391 	 1 	 1 	 -1.183398e-13 	 1.846444e-12
1 	 392 	 1 	 1 	 -1.486549e-13 	 1.733198e-12
1 	 393 	 1 	 1 	 -1.737863e-13 	 1.631286e-12
1 	 394 	 1 	 1 	 -1.879023e-13 	 1.553455e-12
1 	 395 	 1 	 1 	 -2.020183e-13 	 1.475624e-12
1 	 396 	 1 	 1 	 -2.161343e-13 	 1.397793e-12
1 	 397 	 1 	 1 	 -2.302502e-13 	 1.319962e-12
1 	 398 	 1 	 1 	 -2.426733e-13 	 1.246734e-12
1 	 399 	 1 	 1 	 -2.483247e-13 	 1.191915e-12
1 	 400 	 1 	 1 	 -2.539761e-13 	 1.137096e-12
1 	 401 	 1 	 1 	 -2.596275e-13 	 1.082277e-12
1 	 402 	 1 	 1 	 -2.652789e-13 	 1.027458e-12
1 	 403 	 1 	 1 	 -2.705760e-13 	 9.738552e-13
1 	 404 	 1 	 1 	 -2.717993e-13 	 9.342455e-13
1 	 405 	 1 	 1 	 -2.730226e-13 	 8.946357e-13
1 	 406 	 1 	 1 	 -2.742459e-13 	 8.550259e-13
1 	 407 	 1 	 1 	 -2.754692e-13 	 8.154161e-13
1 	 408 	 1 	 1 	 -2.766925e-13 	 7.758063e-13
1 	 409 	 1 	 1 	 -2.757056e-13 	 7.460422e-13
1 	 410 	 1 	 1 	 -2.746268e-13 	 7.166885e-13
1 	 411 	 1 	 1 	 -2.735479e-13 	 6.873347e-13
1 	 412 	 1 	 1 	 -2.724690e-13 	 6.579809e-13
1 	 413 	 1 	 1 	 -2.713901e-13 	 6.286271e-13
1 	 414 	 1 	 1 	 -2.693286e-13 	 6.052156e-13
1 	 415 	 1 	 1 	 -2.670799e-13 	 5.829359e-13
1 	 416 	 1 	 1 	 -2.648313e-13 	 5.606562e-13
1 	 417 	 1 	 1 	 -2.625826e-13 	 5.383766e-13
1 	 418 	 1 	 1 	 -2.603340e-13 	 5.160969e-13
1 	 419 	 1 	 1 	 -2.576835e-13 	 4.974167e-13
1 	 420 	 1 	 1 	 -2.548768e-13 	 4.801362e-13
1 	 421 	 1 	 1 	 -2.520701e-13 	 4.628558e-13
1 	 422 	 1 	 1 	 -2.492633e-13 	 4.455753e-13
1 	 423 	 1 	 1 	 -2.464566e-13 	 4.282948e-13
1 	 424 	 1 	 1 	 -2.435165e-13 	 4.131870e-13
1 	 425 	 1 	 1 	 -2.404874e-13 	 3.995277e-13
1 	 426 	 1 	 1 	 -2.374582e-13 	 3.858684e-13
1 	 427 	 1 	 1 	 -2.344291e-13 	 3.722090e-13
1 	 428 	 1 	 1 	 -2.314000e-13 	 3.585497e-13
1 	 429 	 1 	 1 	 -2.283538e-13 	 3.461798e-13
1 	 430 	 1 	 1 	 -2.252892e-13 	 3.352069e-13
1 	 431 	 1 	 1 	 -2.222246e-13 	 3.242340e-13
1 	 432 	 1 	 1 	 -2.191599e-13 	 3.132611e-13
1 	 433 	 1 	 1 	 -2.160953e-13 	 3.022882e-13
1 	 434 	 1 	 1 	 -2.130556e-13 	 2.920489e-13
1 	 435 	 1 	 1 	 -2.100602e-13 	 2.831136e-13
1 	 436 	 1 	 1 	 -2.070648e-13 	 2.741783e-13
1 	 437 	 1 	 1 	 -2.040694e-13 	 2.652430e-13
1 	 438 	 1 	 1 	 -2.010740e-13 	 2.563078e-13
1 	 439 	 1 	 1 	 -1.981091e-13 	 2.477508e-13
1 	 440 	 1 	 1 	 -1.952410e-13 	 2.403919e-13
1 	 441 	 1 	 1 	 -1.923729e-13 	 2.330330e-13
1 	 442 	 1 	 1 	 -1.895048e-13 	 2.256741e-13
1 	 443 	 1 	 1 	 -1.866367e-13 	 2.183152e-13
1 	 444 	 1 	 1 	 -1.837876e-13 	 2.111051e-13
1 	 445 	 1 	 1 	 -1.810774e-13 	 2.049868e-13
1 	 446 	 1 	 1 	 -1.783673e-13 	 1.988685e-13
1 	 447 	 1 	 1 	 -1.756571e-13 	 1.927502e-13
1 	 448 	 1 	 1 	 -1.729469e-13 	 1.866319e-13
1 	 449 	 1 	 1 	 -1.702368e-13 	 1.805135e-13
1 	 450 	 1 	 1 	 -1.676985e-13 	 1.753859e-13
1 	 451 	 1 	 1 	 -1.651603e-13 	 1.702583e-13
1 	 452 	 1 	 1 	 -1.626220e-13 	 1.651306e-13
1 	 453 	 1 	 1 	 -1.600838e-13 	 1.600030e-13
1 	 454 	 1 	 1 	 -1.575456e-13 	 1.548754e-13
1 	 455 	 1 	 1 	 -1.551618e-13 	 1.504526e-13
1 	 456 	 1 	 1 	 -1.527992e-13 	 1.461259e-13
1 	 457 	 1 	 1 	 -1.504365e-13 	 1.417992e-13
1 	 458 	 1 	 1 	 -1.480738e-13 	 1.374726e-13
1 	 459 	 1 	 1 	 -1.457112e-13 	 1.331459e-13
1 	 460 	 1 	 1 	 -1.434798e-13 	 1.293165e-13
1 	 461 	 1 	 1 	 -1.412899e-13 	 1.256442e-13
1 	 462 	 1 	 1 	 -1.391000e-13 	 1.219720e-13
1 	 463 	 1 	 1 	 -1.369102e-13 	 1.182997e-13
1 	 464 	 1 	 1 	 -1.347203e-13 	 1.146274e-13
1 	 465 	 1 	 1 	 -1.326366e-13 	 1.113004e-13
1 	 466 	 1 	 1 	 -1.306127e-13 	 1.081676e-13
1 	 467 	 1 	 1 	 -1.285888e-13 	 1.050348e-13
1 	 468 	 1 	 1 	 -1.265650e-13 	 1.019020e-13
1 	 469 	 1 	 1 	 -1.245411e-13 	 9.876916e-14
1 	 470 	 1 	 1 	 -1.225988e-13 	 9.586947e-14
1 	 471 	 1 	 1 	 -1.207318e-13 	 9.318497e-14
1 	 472 	 1 	 1 	 -1.188648e-13 	 9.050048e-14
1 	 473 	 1 	 1 	 -1.169978e-13 	 8.781598e-14
1 	 474 	 1 	 1 	 -1.151308e-13 	 8.513149e-14
1 	 475 	 1 	 1 	 -1.133225e-13 	 8.259706e-14
1 	 476 	 1 	 1 	 -1.116021e-13 	 8.028775e-14
1 	 477 	 1 	 1 	 -1.098817e-13 	 7.797844e-14
1 	 478 	 1 	 1 	 -1.081613e-13 	 7.566913e-14
1 	 479 	 1 	 1 	 -1.064409e-13 	 7.335982e-14
1 	 480 	 1 	 1 	 -1.047585e-13 	 7.113900e-14
1 	 481 	 1 	 1 	 -1.031740e-13 	 6.914572e-14
1 	 482 	 1 	 1 	 -1.015894e-13 	 6.715245e-14
1 	 483 	 1 	 1 	 -1.000048e-13 	 6.515917e-14
1 	 484 	 1 	 1 	 -9.842026e-14 	 6.316589e-14
1 	 485 	 1 	 1 	 -9.685572e-14 	 6.121547e-14
1 	 486 	 1 	 1 	 -9.539630e-14 	 5.949001e-14
1 	 487 	 1 	 1 	 -9.393688e-14 	 5.776455e-14
1 	 488 	 1 	 1 	 -9.247745e-14 	 5.603910e-14
1 	 489 	 1 	 1 	 -9.101803e-14 	 5.431364e-14
1 	 490 	 1 	 1 	 -8.956320e-14 	 5.259731e-14
1 	 491 	 1 	 1 	 -8.821863e-14 	 5.110009e-14
1 	 492 	 1 	 1 	 -8.687406e-14 	 4.960287e-14
1 	 493 	 1 	 1 	 -8.552948e-14 	 4.810565e-14
1 	 494 	 1 	 1 	 -8.418491e-14 	 4.660843e-14
1 	 495 	 1 	 1 	 -8.284033e-14 	 4.511121e-14
1 	 496 	 1 	 1 	 -8.159250e-14 	 4.379388e-14
1 	 497 	 1 	 1 	 -8.035309e-14 	 4.249219e-14
1 	 498 	 1 	 1 	 -7.911367e-14 	 4.119050e-14
1 	 499 	 1 	 1 	 -7.787425e-14 	 3.988882e-14
1 	 500 	 1 	 1 	 -7.663484e-14 	 3.858713e-14
1 	 501 	 1 	 1 	 -7.547236e-14 	 3.742011e-14
1 	 502 	 1 	 1 	 -7.432912e-14 	 3.628676e-14
1 	 503 	 1 	 1 	 -7.318588e-14 	 3.515341e-14
1 	 504 	 1 	 1 	 -7.204263e-14 	 3.402006e-14
1 	 505 	 1 	 1 	 -7.089940e-14 	 3.288671e-14
1 	 506 	 1 	 1 	 -6.981596e-14 	 3.185236e-14
1 	 507 	 1 	 1 	 -6.876066e-14 	 3.086459e-14
1 	 508 	 1 	 1 	 -6.770538e-14 	 2.987682e-14
1 	 509 	 1 	 1 	 -6.665008e-14 	 2.888905e-14
1 	 510 	 1 	 1 	 -6.559479e-14 	 2.790128e-14
1 	 511 	 1 	 1 	 -6.458457e-14 	 2.698431e-14
1 	 512 	 1 	 1 	 -6.360976e-14 	 2.612296e-14
1 	 513 	 1 	 1 	 -6.263494e-14 	 2.526162e-14
1 	 514 	 1 	 1 	 -6.166012e-14 	 2.440027e-14
1 	 515 	 1 	 1 	 -6.068531e-14 	 2.353893e-14
1 	 516 	 1 	 1 	 -5.974293e-14 	 2.272606e-14
1 	 517 	 1 	 1 	 -5.884184e-14 	 2.197491e-14
1 	 518 	 1 	 1 	 -5.794075e-14 	 2.122375e-14
1 	 519 	 1 	 1 	 -5.703966e-14 	 2.047259e-14
1 	 520 	 1 	 1 	 -5.613857e-14 	 1.972143e-14
1 	 521 	 1 	 1 	 -5.525913e-14 	 1.900111e-14
1 	 522 	 1 	 1 	 -5.442568e-14 	 1.834630e-14
1 	 523 	 1 	 1 	 -5.359224e-14 	 1.769149e-14
1 	 524 	 1 	 1 	 -5.275879e-14 	 1.703668e-14
1 	 525 	 1 	 1 	 -5.192535e-14 	 1.638187e-14
1 	 526 	 1 	 1 	 -5.110433e-14 	 1.574395e-14
1 	 527 	 1 	 1 	 -5.033307e-14 	 1.517362e-14
1 	 528 	 1 	 1 	 -4.956180e-14 	 1.460328e-14
1 	 529 	 1 	 1 	 -4.879053e-14 	 1.403295e-14
1 	 530 	 1 	 1 	 -4.801926e-14 	 1.346261e-14
1 	 531 	 1 	 1 	 -4.725257e-14 	 1.289822e-14
1 	 532 	 1 	 1 	 -4.653856e-14 	 1.240211e-14
1 	 533 	 1 	 1 	 -4.582455e-14 	 1.190601e-14
1 	 534 	 1 	 1 	 -4.511054e-14 	 1.140991e-14
1 	 535 	 1 	 1 	 -4.439652e-14 	 1.091381e-14
1 	 536 	 1 	 1 	 -4.368252e-14 	 1.041770e-14
1 	 537 	 1 	 1 	 -4.301922e-14 	 9.984331e-15
1 	 538 	 1 	 1 	 -4.235803e-14 	 9.553572e-15
1 	 539 	 1 	 1 	 -4.169685e-14 	 9.122813e-15
1 	 540 	 1 	 1 	 -4.103567e-14 	 8.692055e-15
1 	 541 	 1 	 1 	 -4.037449e-14 	 8.261297e-15
1 	 542 	 1 	 1 	 -3.975432e-14 	 7.878917e-15
1 	 543 	 1 	 1 	 -3.914196e-14 	 7.505752e-15
1 	 544 	 1 	 1 	 -3.852961e-14 	 7.132587e-15
1 	 545 	 1 	 1 	 -3.791725e-14 	 6.759422e-15
1 	 546 	 1 	 1 	 -3.730489e-14 	 6.386257e-15
1 	 547 	 1 	 1 	 -3.672509e-14 	 6.049670e-15
1 	 548 	 1 	 1 	 -3.615793e-14 	 5.727309e-15
1 	 549 	 1 	 1 	 -3.559078e-14 	 5.404947e-15
1 	 550 	 1 	 1 	 -3.502362e-14 	 5.082586e-15
1 	 551 	 1 	 1 	 -3.445647e-14 	 4.760224e-15
1 	 552 	 1 	 1 	 -3.391446e-14 	 4.464761e-15
1 	 553 	 1 	 1 	 -3.338921e-14 	 4.187231e-15
1 	 554 	 1 	 1 	 -3.286396e-14 	 3.909700e-15
1 	 555 	 1 	 1 	 -3.233872e-14 	 3.632170e-15
1 	 556 	 1 	 1 	 -3.181347e-14 	 3.354639e-15
1 	 557 	 1 	 1 	 -3.130689e-14 	 3.096097e-15
1 	 558 	 1 	 1 	 -3.082054e-14 	 2.858125e-15
1 	 559 	 1 	 1 	 -3.033418e-14 	 2.620154e-15
1 	 560 	 1 	 1 	 -2.984784e-14 	 2.382183e-15
1 	 561 	 1 	 1 	 -2.936148e-14 	 2.144211e-15
1 	 562 	 1 	 1 	 -2.888814e-14 	 1.918801e-15
1 	 563 	 1 	 1 	 -2.843792e-14 	 1.715722e-15
1 	 564 	 1 	 1 	 -2.798770e-14 	 1.512644e-15
1 	 565 	 1 	 1 	 -2.753749e-14 	 1.309565e-15
1 	 566 	 1 	 1 	 -2.708727e-14 	 1.106486e-15
1 	 567 	 1 	 1 	 -2.664512e-14 	 9.107883e-16
1 	 568 	 1 	 1 	 -2.622850e-14 	 7.384629e-16
1 	 569 	 1 	 1 	 -2.581188e-14 	 5.661374e-16
1 	 570 	 1 	 1 	 -2.539526e-14 	 3.938120e-16
1 	 571 	 1 	 1 	 -2.497864e-14 	 2.214865e-16
1 	 572 	 1 	 1 	 -2.456577e-14 	 5.241007e-17
1 	 573 	 1 	 1 	 -2.418040e-14 	 -9.284060e-17
1 	 574 	 1 	 1 	 -2.379503e-14 	 -2.380913e-16
1 	 575 	 1 	 1 	 -2.340966e-14 	 -3.833419e-16
1 	 576 	 1 	 1 	 -2.302429e-14 	 -5.285926e-16
1 	 577 	 1 	 1 	 -2.263892e-14 	 -6.738433e-16
1 	 578 	 1 	 1 	 -2.228263e-14 	 -7.952919e-16
1 	 579 	 1 	 1 	 -2.192634e-14 	 -9.167405e-16
1 	 580 	 1 	 1 	 -2.157004e-14 	 -1.038189e-15
1 	 581 	 1 	 1 	 -2.121375e-14 	 -1.159638e-15
1 	 582 	 1 	 1 	 -2.085746e-14 	 -1.281086e-15
1 	 583 	 1 	 1 	 -2.052498e-14 	 -1.384153e-15
1 	 584 	 1 	 1 	 -2.019575e-14 	 -1.484713e-15
1 	 585 	 1 	 1 	 -1.986651e-14 	 -1.585273e-15
1 	 586 	 1 	 1 	 -1.953728e-14 	 -1.685833e-15
1 	 587 	 1 	 1 	 -1.920804e-14 	 -1.786394e-15
1 	 588 	 1 	 1 	 -1.889795e-14 	 -1.873051e-15
1 	 589 	 1 	 1 	 -1.859389e-14 	 -1.955317e-15
1 	 590 	 1 	 1 	 -1.828984e-14 	 -2.037583e-15
1 	 591 	 1 	 1 	 -1.798578e-14 	 -2.119849e-15
1 	 592 	 1 	 1 	 -1.768173e-14 	 -2.202115e-15
1 	 593 	 1 	 1 	 -1.739267e-14 	 -2.274152e-15
1 	 594 	 1 	 1 	 -1.711204e-14 	 -2.340435e-15
1 	 595 	 1 	 1 	 -1.683141e-14 	 -2.406717e-15
1 	 596 	 1 	 1 	 -1.655078e-14 	 -2.473000e-15
1 	 597 	 1 	 1 	 -1.627015e-14 	 -2.539282e-15
1 	 598 	 1 	 1 	 -1.600085e-14 	 -2.598322e-15
1 	 599 	 1 	 1 	 -1.574202e-14 	 -2.650678e-15
1 	 600 	 1 	 1 	 -1.548318e-14 	 -2.703033e-15
1 	 601 	 1 	 1 	 -1.522434e-14 	 -2.755388e-15
1 	 602 	 1 	 1 	 -1.496550e-14 	 -2.807744e-15
1 	 603 	 1 	 1 	 -1.471477e-14 	 -2.855260e-15
1 	 604 	 1 	 1 	 -1.447619e-14 	 -2.895517e-15
1 	 605 	 1 	 1 	 -1.423761e-14 	 -2.935774e-15
1 	 606 	 1 	 1 	 -1.399904e-14 	 -2.976031e-15
1 	 607 	 1 	 1 	 -1.376046e-14 	 -3.016288e-15
1 	 608 	 1 	 1 	 -1.352715e-14 	 -3.053613e-15
1 	 609 	 1 	 1 	 -1.330741e-14 	 -3.083397e-15
1 	 610 	 1 	 1 	 -1.308766e-14 	 -3.113182e-15
1 	 611 	 1 	 1 	 -1.286792e-14 	 -3.142966e-15
1 	 612 	 1 	 1 	 -1.264817e-14 	 -3.172750e-15
1 	 613 	 1 	 1 	 -1.243123e-14 	 -3.201090e-15
1 	 614 	 1 	 1 	 -1.222898e-14 	 -3.221845e-15
1 	 615 	 1 	 1 	 -1.202673e-14 	 -3.242599e-15
1 	 616 	 1 	 1 	 -1.182448e-14 	 -3.263354e-15
1 	 617 	 1 	 1 	 -1.162223e-14 	 -3.284108e-15
1 	 618 	 1 	 1 	 -1.142063e-14 	 -3.304553e-15
1 	 619 	 1 	 1 	 -1.123463e-14 	 -3.317556e-15
1 	 620 	 1 	 1 	 -1.104863e-14 	 -3.330560e-15
1 	 621 	 1 	 1 	 -1.086263e-14 	 -3.343564e-15
1 	 622 	 1 	 1 	 -1.067663e-14 	 -3.356567e-15
1 	 623 	 1 	 1 	 -1.049063e-14 	 -3.369571e-15
1 	 624 	 1 	 1 	 -1.031850e-14 	 -3.376485e-15
1 	 625 	 1 	 1 	 -1.014758e-14 	 -3.382869e-15
1 	 626 	 1 	 1 	 -9.976664e-15 	 -3.389254e-15
1 	 627 	 1 	 1 	 -9.805744e-15 	 -3.395638e-15
1 	 628 	 1 	 1 	 -9.634824e-15 	 -3.402023e-15
1 	 629 	 1 	 1 	 -9.475099e-15 	 -3.403912e-15
1 	 630 	 1 	 1 	 -9.318171e-15 	 -3.404678e-15
1 	 631 	 1 	 1 	 -9.161243e-15 	 -3.405443e-15
1 	 632 	 1 	 1 	 -9.004316e-15 	 -3.406208e-15
1 	 633 	 1 	 1 	 -8.847388e-15 	 -3.406974e-15
1 	 634 	 1 	 1 	 -8.699283e-15 	 -3.404517e-15
1 	 635 	 1 	 1 	 -8.555331e-15 	 -3.400544e-15
1 	 636 	 1 	 1 	 -8.411379e-15 	 -3.396571e-15
1 	 637 	 1 	 1 	 -8.267426e-15 	 -3.392598e-15
1 	 638 	 1 	 1 	 -8.123474e-15 	 -3.388625e-15
1 	 639 	 1 	 1 	 -7.986255e-15 	 -3.382432e-15
1 	 640 	 1 	 1 	 -7.854328e-15 	 -3.374494e-15
1 	 641 	 1 	 1 	 -7.722401e-15 	 -3.366556e-15
1 	 1 	 1 	 2 	 5.987921e-16 	 2.335325e-17
1 	 2 	 1 	 2 	 6.103237e-16 	 1.972150e-17
1 	 3 	 1 	 2 	 6.218553e-16 	 1.608975e-17
1 	 4 	 1 	 2 	 6.338973e-16 	 1.200926e-17
1 	 5 	 1 	 2 	 6.465892e-16 	 7.357646e-18
1 	 6 	 1 	 2 	 6.592811e-16 	 2.706035e-18
1 	 7 	 1 	 2 	 6.719729e-16 	 -1.945575e-18
1 	 8 	 1 	 2 	 6.846647e-16 	 -6.597185e-18
1 	 9 	 1 	 2 	 6.977541e-16 	 -1.163151e-17
1 	 10 	 1 	 2 	 7.116881e-16 	 -1.747909e-17
1 	 11 	 1 	 2 	 7.256222e-16 	 -2.332668e-17
1 	 12 	 1 	 2 	 7.395562e-16 	 -2.917427e-17
1 	 13 	 1 	 2 	 7.534903e-16 	 -3.502185e-17
1 	 14 	 1 	 2 	 7.676893e-16 	 -4.114901e-17
1 	 15 	 1 	 2 	 7.829481e-16 	 -4.839443e-17
1 	 16 	 1 	 2 	 7.982069e-16 	 -5.563986e-17
1 	 17 	 1 	 2 	 8.134657e-16 	 -6.288528e-17
1 	 18 	 1 	 2 	 8.287245e-16 	 -7.013071e-17
1 	 19 	 1 	 2 	 8.440958e-16 	 -7.750653e-17
1 	 20 	 1 	 2 	 8.607614e-16 	 -8.638182e-17
1 	 21 	 1 	 2 	 8.774271e-16 	 -9.525712e-17
1 	 22 	 1 	 2 	 8.940927e-16 	 -1.041324e-16
1 	 23 	 1 	 2 	 9.107583e-16 	 -1.130077e-16
1 	 24 	 1 	 2 	 9.274240e-16 	 -1.218830e-16
1 	 25 	 1 	 2 	 9.455169e-16 	 -1.325782e-16
1 	 26 	 1 	 2 	 9.636695e-16 	 -1.433491e-16
1 	 27 	 1 	 2 	 9.818219e-16 	 -1.541201e-16
1 	 28 	 1 	 2 	 9.999745e-16 	 -1.648910e-16
1 	 29 	 1 	 2 	 1.018127e-15 	 -1.756620e-16
1 	 30 	 1 	 2 	 1.037593e-15 	 -1.882804e-16
1 	 31 	 1 	 2 	 1.057310e-15 	 -2.012506e-16
1 	 32 	 1 	 2 	 1.077026e-15 	 -2.142208e-16
1 	 33 	 1 	 2 	 1.096743e-15 	 -2.271911e-16
1 	 34 	 1 	 2 	 1.116460e-15 	 -2.401613e-16
1 	 35 	 1 	 2 	 1.137354e-15 	 -2.549649e-16
1 	 36 	 1 	 2 	 1.158707e-15 	 -2.704814e-16
1 	 37 	 1 	 2 	 1.180060e-15 	 -2.859978e-16
1 	 38 	 1 	 2 	 1.201413e-15 	 -3.015143e-16
1 	 39 	 1 	 2 	 1.222765e-15 	 -3.170309e-16
1 	 40 	 1 	 2 	 1.245138e-15 	 -3.343121e-16
1 	 41 	 1 	 2 	 1.268190e-15 	 -3.527698e-16
1 	 42 	 1 	 2 	 1.291243e-15 	 -3.712276e-16
1 	 43 	 1 	 2 	 1.314295e-15 	 -3.896853e-16
1 	 44 	 1 	 2 	 1.337347e-15 	 -4.081431e-16
1 	 45 	 1 	 2 	 1.361241e-15 	 -4.282279e-16
1 	 46 	 1 	 2 	 1.386045e-15 	 -4.500753e-16
1 	 47 	 1 	 2 	 1.410850e-15 	 -4.719227e-16
1 	 48 	 1 	 2 	 1.435654e-15 	 -4.937701e-16
1 	 49 	 1 	 2 	 1.460459e-15 	 -5.156175e-16
1 	 50 	 1 	 2 	 1.485907e-15 	 -5.388685e-16
1 	 51 	 1 	 2 	 1.512500e-15 	 -5.646147e-16
1 	 52 	 1 	 2 	 1.539093e-15 	 -5.903609e-16
1 	 53 	 1 	 2 	 1.565686e-15 	 -6.161071e-16
1 	 54 	 1 	 2 	 1.592279e-15 	 -6.418534e-16
1 	 55 	 1 	 2 	 1.619304e-15 	 -6.686735e-16
1 	 56 	 1 	 2 	 1.647700e-15 	 -6.988946e-16
1 	 57 	 1 	 2 	 1.676096e-15 	 -7.291157e-16
1 	 58 	 1 	 2 	 1.704492e-15 	 -7.593368e-16
1 	 59 	 1 	 2 	 1.732888e-15 	 -7.895579e-16
1 	 60 	 1 	 2 	 1.761498e-15 	 -8.203940e-16
1 	 61 	 1 	 2 	 1.791684e-15 	 -8.557404e-16
1 	 62 	 1 	 2 	 1.821869e-15 	 -8.910868e-16
1 	 63 	 1 	 2 	 1.852054e-15 	 -9.264333e-16
1 	 64 	 1 	 2 	 1.882240e-15 	 -9.617798e-16
1 	 65 	 1 	 2 	 1.912425e-15 	 -9.971261e-16
1 	 66 	 1 	 2 	 1.944350e-15 	 -1.038331e-15
1 	 67 	 1 	 2 	 1.976275e-15 	 -1.079536e-15
1 	 68 	 1 	 2 	 2.008201e-15 	 -1.120741e-15
1 	 69 	 1 	 2 	 2.040126e-15 	 -1.161947e-15
1 	 70 	 1 	 2 	 2.072051e-15 	 -1.203152e-15
1 	 71 	 1 	 2 	 2.105424e-15 	 -1.250237e-15
1 	 72 	 1 	 2 	 2.138993e-15 	 -1.298124e-15
1 	 73 	 1 	 2 	 2.172563e-15 	 -1.346012e-15
1 	 74 	 1 	 2 	 2.206133e-15 	 -1.393899e-15
1 	 75 	 1 	 2 	 2.239702e-15 	 -1.441786e-15
1 	 76 	 1 	 2 	 2.274407e-15 	 -1.495452e-15
1 	 77 	 1 	 2 	 2.309470e-15 	 -1.550943e-15
1 	 78 	 1 	 2 	 2.344533e-15 	 -1.606434e-15
1 	 79 	 1 	 2 	 2.379595e-15 	 -1.661925e-15
1 	 80 	 1 	 2 	 2.414658e-15 	 -1.717416e-15
1 	 81 	 1 	 2 	 2.450536e-15 	 -1.778431e-15
1 	 82 	 1 	 2 	 2.486873e-15 	 -1.842553e-15
1 	 83 	 1 	 2 	 2.523209e-15 	 -1.906675e-15
1 	 84 	 1 	 2 	 2.559546e-15 	 -1.970797e-15
1 	 85 	 1 	 2 	 2.595882e-15 	 -2.034919e-15
1 	 86 	 1 	 2 	 2.632725e-15 	 -2.104121e-15
1 	 87 	 1 	 2 	 2.670034e-15 	 -2.178012e-15
1 	 88 	 1 	 2 	 2.707344e-15 	 -2.251904e-15
1 	 89 	 1 	 2 	 2.744654e-15 	 -2.325795e-15
1 	 90 	 1 	 2 	 2.781963e-15 	 -2.399687e-15
1 	 91 	 1 	 2 	 2.819505e-15 	 -2.477988e-15
1 	 92 	 1 	 2 	 2.857395e-15 	 -2.562904e-15
1 	 93 	 1 	 2 	 2.895285e-15 	 -2.647821e-15
1 	 94 	 1 	 2 	 2.933175e-15 	 -2.732737e-15
1 	 95 	 1 	 2 	 2.971064e-15 	 -2.817653e-15
1 	 96 	 1 	 2 	 3.008978e-15 	 -2.906042e-15
1 	 97 	 1 	 2 	 3.046952e-15 	 -3.003359e-15
1 	 98 	 1 	 2 	 3.084927e-15 	 -3.100676e-15
1 	 99 	 1 	 2 	 3.122901e-15 	 -3.197994e-15
1 	 100 	 1 	 2 	 3.160876e-15 	 -3.295311e-15
1 	 101 	 1 	 2 	 3.198768e-15 	 -3.394852e-15
1 	 102 	 1 	 2 	 3.236223e-15 	 -3.506071e-15
1 	 103 	 1 	 2 	 3.273678e-15 	 -3.617290e-15
1 	 104 	 1 	 2 	 3.311134e-15 	 -3.728509e-15
1 	 105 	 1 	 2 	 3.348589e-15 	 -3.839727e-15
1 	 106 	 1 	 2 	 3.385995e-15 	 -3.951567e-15
1 	 107 	 1 	 2 	 3.422222e-15 	 -4.078317e-15
1 	 108 	 1 	 2 	 3.458449e-15 	 -4.205067e-15
1 	 109 	 1 	 2 	 3.494676e-15 	 -4.331816e-15
1 	 110 	 1 	 2 	 3.530903e-15 	 -4.458566e-15
1 	 111 	 1 	 2 	 3.567130e-15 	 -4.585315e-15
1 	 112 	 1 	 2 	 3.601492e-15 	 -4.727981e-15
1 	 113 	 1 	 2 	 3.635692e-15 	 -4.872031e-15
1 	 114 	 1 	 2 	 3.669891e-15 	 -5.016080e-15
1 	 115 	 1 	 2 	 3.704090e-15 	 -5.160130e-15
1 	 116 	 1 	 2 	 3.738290e-15 	 -5.304180e-15
1 	 117 	 1 	 2 	 3.770183e-15 	 -5.463615e-15
1 	 118 	 1 	 2 	 3.801499e-15 	 -5.626897e-15
1 	 119 	 1 	 2 	 3.832816e-15 	 -5.790179e-15
1 	 120 	 1 	 2 	 3.864132e-15 	 -5.953461e-15
1 	 121 	 1 	 2 	 3.895448e-15 	 -6.116743e-15
1 	 122 	 1 	 2 	 3.924221e-15 	 -6.294562e-15
1 	 123 	 1 	 2 	 3.951797e-15 	 -6.479221e-15
1 	 124 	 1 	 2 	 3.979373e-15 	 -6.663881e-15
1 	 125 	 1 	 2 	 4.006950e-15 	 -6.848540e-15
1 	 126 	 1 	 2 	 4.034526e-15 	 -7.033199e-15
1 	 127 	 1 	 2 	 4.059574e-15 	 -7.231202e-15
1 	 128 	 1 	 2 	 4.082635e-15 	 -7.439691e-15
1 	 129 	 1 	 2 	 4.105697e-15 	 -7.648180e-15
1 	 130 	 1 	 2 	 4.128758e-15 	 -7.856668e-15
1 	 131 	 1 	 2 	 4.151819e-15 	 -8.065156e-15
1 	 132 	 1 	 2 	 4.172635e-15 	 -8.285418e-15
1 	 133 	 1 	 2 	 4.190595e-15 	 -8.520664e-15
1 	 134 	 1 	 2 	 4.208555e-15 	 -8.755909e-15
1 	 135 	 1 	 2 	 4.226514e-15 	 -8.991155e-15
1 	 136 	 1 	 2 	 4.244474e-15 	 -9.226400e-15
1 	 137 	 1 	 2 	 4.260712e-15 	 -9.471389e-15
1 	 138 	 1 	 2 	 4.273294e-15 	 -9.737082e-15
1 	 139 	 1 	 2 	 4.285874e-15 	 -1.000277e-14
1 	 140 	 1 	 2 	 4.298455e-15 	 -1.026847e-14
1 	 141 	 1 	 2 	 4.311037e-15 	 -1.053416e-14
1 	 142 	 1 	 2 	 4.322570e-15 	 -1.080692e-14
1 	 143 	 1 	 2 	 4.329911e-15 	 -1.110797e-14
1 	 144 	 1 	 2 	 4.337252e-15 	 -1.140902e-14
1 	 145 	 1 	 2 	 4.344593e-15 	 -1.171006e-14
1 	 146 	 1 	 2 	 4.351934e-15 	 -1.201111e-14
1 	 147 	 1 	 2 	 4.358902e-15 	 -1.231553e-14
1 	 148 	 1 	 2 	 4.361584e-15 	 -1.265876e-14
1 	 149 	 1 	 2 	 4.364267e-15 	 -1.300199e-14
1 	 150 	 1 	 2 	 4.366950e-15 	 -1.334521e-14
1 	 151 	 1 	 2 	 4.369632e-15 	 -1.368844e-14
1 	 152 	 1 	 2 	 4.372315e-15 	 -1.403167e-14
1 	 153 	 1 	 2 	 4.371361e-15 	 -1.442476e-14
1 	 154 	 1 	 2 	 4.370256e-15 	 -1.481993e-14
1 	 155 	 1 	 2 	 4.369151e-15 	 -1.521509e-14
1 	 156 	 1 	 2 	 4.368046e-15 	 -1.561026e-14
1 	 157 	 1 	 2 	 4.366941e-15 	 -1.600543e-14
1 	 158 	 1 	 2 	 4.363196e-15 	 -1.645607e-14
1 	 159 	 1 	 2 	 4.358948e-15 	 -1.691729e-14
1 	 160 	 1 	 2 	 4.354701e-15 	 -1.737850e-14
1 	 161 	 1 	 2 	 4.350453e-15 	 -1.783972e-14
1 	 162 	 1 	 2 	 4.346205e-15 	 -1.830093e-14
1 	 163 	 1 	 2 	 4.339164e-15 	 -1.882433e-14
1 	 164 	 1 	 2 	 4.331037e-15 	 -1.937190e-14
1 	 165 	 1 	 2 	 4.322909e-15 	 -1.991948e-14
1 	 166 	 1 	 2 	 4.314782e-15 	 -2.046706e-14
1 	 167 	 1 	 2 	 4.306654e-15 	 -2.101464e-14
1 	 168 	 1 	 2 	 4.293602e-15 	 -2.163132e-14
1 	 169 	 1 	 2 	 4.277265e-15 	 -2.229407e-14
1 	 170 	 1 	 2 	 4.260928e-15 	 -2.295682e-14
1 	 171 	 1 	 2 	 4.244591e-15 	 -2.361958e-14
1 	 172 	 1 	 2 	 4.228255e-15 	 -2.428233e-14
1 	 173 	 1 	 2 	 4.202332e-15 	 -2.501949e-14
1 	 174 	 1 	 2 	 4.166025e-15 	 -2.583725e-14
1 	 175 	 1 	 2 	 4.129718e-15 	 -2.665502e-14
1 	 176 	 1 	 2 	 4.093411e-15 	 -2.747279e-14
1 	 177 	 1 	 2 	 4.057104e-15 	 -2.829056e-14
1 	 178 	 1 	 2 	 4.004455e-15 	 -2.918329e-14
1 	 179 	 1 	 2 	 3.922755e-15 	 -3.020929e-14
1 	 180 	 1 	 2 	 3.841054e-15 	 -3.123530e-14
1 	 181 	 1 	 2 	 3.759353e-15 	 -3.226130e-14
1 	 182 	 1 	 2 	 3.677653e-15 	 -3.328731e-14
1 	 183 	 1 	 2 	 3.573385e-15 	 -3.437958e-14
1 	 184 	 1 	 2 	 3.397654e-15 	 -3.568169e-14
1 	 185 	 1 	 2 	 3.221923e-15 	 -3.698381e-14
1 	 186 	 1 	 2 	 3.046192e-15 	 -3.828592e-14
1 	 187 	 1 	 2 	 2.870461e-15 	 -3.958804e-14
1 	 188 	 1 	 2 	 2.673160e-15 	 -4.093303e-14
1 	 189 	 1 	 2 	 2.317669e-15 	 -4.259240e-14
1 	 190 	 1 	 2 	 1.962178e-15 	 -4.425177e-14
1 	 191 	 1 	 2 	 1.606688e-15 	 -4.591114e-14
1 	 192 	 1 	 2 	 1.251197e-15 	 -4.757052e-14
1 	 193 	 1 	 2 	 8.957061e-16 	 -4.922989e-14
1 	 194 	 1 	 2 	 2.185619e-16 	 -5.133429e-14
1 	 195 	 1 	 2 	 -4.585824e-16 	 -5.343870e-14
1 	 196 	 1 	 2 	 -1.135727e-15 	 -5.554310e-14
1 	 197 	 1 	 2 	 -1.812871e-15 	 -5.764750e-14
1 	 198 	 1 	 2 	 -2.490015e-15 	 -5.975191e-14
1 	 199 	 1 	 2 	 -3.646110e-15 	 -6.231707e-14
1 	 200 	 1 	 2 	 -4.867516e-15 	 -6.494506e-14
1 	 201 	 1 	 2 	 -6.088922e-15 	 -6.757305e-14
1 	 202 	 1 	 2 	 -7.310328e-15 	 -7.020104e-14
1 	 203 	 1 	 2 	 -8.531733e-15 	 -7.282902e-14
1 	 204 	 1 	 2 	 -1.041936e-14 	 -7.588429e-14
1 	 205 	 1 	 2 	 -1.251737e-14 	 -7.907448e-14
1 	 206 	 1 	 2 	 -1.461538e-14 	 -8.226468e-14
1 	 207 	 1 	 2 	 -1.671339e-14 	 -8.545487e-14
1 	 208 	 1 	 2 	 -1.881141e-14 	 -8.864506e-14
1 	 209 	 1 	 2 	 -2.177260e-14 	 -9.216028e-14
1 	 210 	 1 	 2 	 -2.521932e-14 	 -9.585832e-14
1 	 211 	 1 	 2 	 -2.866605e-14 	 -9.955636e-14
1 	 212 	 1 	 2 	 -3.211278e-14 	 -1.032544e-13
1 	 213 	 1 	 2 	 -3.555951e-14 	 -1.069524e-13
1 	 214 	 1 	 2 	 -4.003803e-14 	 -1.107941e-13
1 	 215 	 1 	 2 	 -4.546899e-14 	 -1.147684e-13
1 	 216 	 1 	 2 	 -5.089994e-14 	 -1.187427e-13
1 	 217 	 1 	 2 	 -5.633090e-14 	 -1.227170e-13
1 	 218 	 1 	 2 	 -6.176185e-14 	 -1.266913e-13
1 	 219 	 1 	 2 	 -6.830773e-14 	 -1.305627e-13
1 	 220 	 1 	 2 	 -7.652599e-14 	 -1.342798e-13
1 	 221 	 1 	 2 	 -8.474426e-14 	 -1.379968e-13
1 	 222 	 1 	 2 	 -9.296252e-14 	 -1.417139e-13
1 	 223 	 1 	 2 	 -1.011808e-13 	 -1.454309e-13
1 	 224 	 1 	 2 	 -1.104414e-13 	 -1.487938e-13
1 	 225 	 1 	 2 	 -1.223825e-13 	 -1.512459e-13
1 	 226 	 1 	 2 	 -1.343236e-13 	 -1.536980e-13
1 	 227 	 1 	 2 	 -1.462646e-13 	 -1.561502e-13
1 	 228 	 1 	 2 	 -1.582057e-13 	 -1.586023e-13
1 	 229 	 1 	 2 	 -1.708972e-13 	 -1.605794e-13
1 	 230 	 1 	 2 	 -1.875285e-13 	 -1.600629e-13
1 	 231 	 1 	 2 	 -2.041598e-13 	 -1.595465e-13
1 	 232 	 1 	 2 	 -2.207911e-13 	 -1.590300e-13
1 	 233 	 1 	 2 	 -2.374224e-13 	 -1.585135e-13
1 	 234 	 1 	 2 	 -2.542736e-13 	 -1.577717e-13
1 	 235 	 1 	 2 	 -2.764018e-13 	 -1.516211e-13
1 	 236 	 1 	 2 	 -2.985301e-13 	 -1.454705e-13
1 	 237 	 1 	 2 	 -3.206583e-13 	 -1.393198e-13
1 	 238 	 1 	 2 	 -3.427866e-13 	 -1.331692e-13
1 	 239 	 1 	 2 	 -3.649148e-13 	 -1.270186e-13
1 	 240 	 1 	 2 	 -3.924187e-13 	 -1.120688e-13
1 	 241 	 1 	 2 	 -4.203899e-13 	 -9.635381e-14
1 	 242 	 1 	 2 	 -4.483612e-13 	 -8.063885e-14
1 	 243 	 1 	 2 	 -4.763325e-13 	 -6.492389e-14
1 	 244 	 1 	 2 	 -5.043037e-13 	 -4.920892e-14
1 	 245 	 1 	 2 	 -5.365467e-13 	 -2.139992e-14
1 	 246 	 1 	 2 	 -5.698575e-13 	 9.432606e-15
1 	 247 	 1 	 2 	 -6.031684e-13 	 4.026513e-14
1 	 248 	 1 	 2 	 -6.364792e-13 	 7.109765e-14
1 	 249 	 1 	 2 	 -6.697901e-13 	 1.019302e-13
1 	 250 	 1 	 2 	 -7.055373e-13 	 1.482933e-13
1 	 251 	 1 	 2 	 -7.424310e-13 	 2.019649e-13
1 	 252 	 1 	 2 	 -7.793247e-13 	 2.556366e-13
1 	 253 	 1 	 2 	 -8.162183e-13 	 3.093082e-13
1 	 254 	 1 	 2 	 -8.531121e-13 	 3.629799e-13
1 	 255 	 1 	 2 	 -8.901552e-13 	 4.356461e-13
1 	 256 	 1 	 2 	 -9.273159e-13 	 5.232368e-13
1 	 257 	 1 	 2 	 -9.644767e-13 	 6.108275e-13
1 	 258 	 1 	 2 	 -1.001637e-12 	 6.984181e-13
1 	 259 	 1 	 2 	 -1.038798e-12 	 7.860088e-13
1 	 260 	 1 	 2 	 -1.073825e-12 	 8.962399e-13
1 	 261 	 1 	 2 	 -1.106135e-12 	 1.035286e-12
1 	 262 	 1 	 2 	 -1.138446e-12 	 1.174332e-12
1 	 263 	 1 	 2 	 -1.170757e-12 	 1.313379e-12
1 	 264 	 1 	 2 	 -1.203068e-12 	 1.452425e-12
1 	 265 	 1 	 2 	 -1.231266e-12 	 1.618200e-12
1 	 266 	 1 	 2 	 -1.250724e-12 	 1.840774e-12
1 	 267 	 1 	 2 	 -1.270183e-12 	 2.063348e-12
1 	 268 	 1 	 2 	 -1.289641e-12 	 2.285923e-12
1 	 269 	 1 	 2 	 -1.309100e-12 	 2.508497e-12
1 	 270 	 1 	 2 	 -1.322612e-12 	 2.761090e-12
1 	 271 	 1 	 2 	 -1.312336e-12 	 3.133763e-12
1 	 272 	 1 	 2 	 -1.302061e-12 	 3.506436e-12
1 	 273 	 1 	 2 	 -1.291785e-12 	 3.879108e-12
1 	 274 	 1 	 2 	 -1.281510e-12 	 4.251781e-12
1 	 275 	 1 	 2 	 -1.264803e-12 	 4.648275e-12
1 	 276 	 1 	 2 	 -1.174139e-12 	 5.318725e-12
1 	 277 	 1 	 2 	 -1.083475e-12 	 5.989174e-12
1 	 278 	 1 	 2 	 -9.928116e-13 	 6.659623e-12
1 	 279 	 1 	 2 	 -9.021478e-13 	 7.330072e-12
1 	 280 	 1 	 2 	 -8.114839e-13 	 8.000521e-12
1 	 281 	 1 	 2 	 -4.783549e-13 	 9.276452e-12
1 	 282 	 1 	 2 	 -1.351232e-13 	 1.057761e-11
1 	 283 	 1 	 2 	 2.081085e-13 	 1.187877e-11
1 	 284 	 1 	 2 	 5.513402e-13 	 1.317993e-11
1 	 285 	 1 	 2 	 8.945719e-13 	 1.448109e-11
1 	 286 	 1 	 2 	 1.938213e-12 	 1.693779e-11
1 	 287 	 1 	 2 	 3.115266e-12 	 1.961459e-11
1 	 288 	 1 	 2 	 4.292320e-12 	 2.229140e-11
1 	 289 	 1 	 2 	 5.469372e-12 	 2.496820e-11
1 	 290 	 1 	 2 	 6.646425e-12 	 2.764500e-11
1 	 291 	 1 	 2 	 9.810487e-12 	 3.249953e-11
1 	 292 	 1 	 2 	 1.374727e-11 	 3.820096e-11
1 	 293 	 1 	 2 	 1.768406e-11 	 4.390238e-11
1 	 294 	 1 	 2 	 2.162085e-11 	 4.960380e-11
1 	 295 	 1 	 2 	 2.555763e-11 	 5.530522e-11
1 	 296 	 1 	 2 	 3.503431e-11 	 6.500886e-11
1 	 297 	 1 	 2 	 4.820424e-11 	 7.738064e-11
1 	 298 	 1 	 2 	 6.137418e-11 	 8.975243e-11
1 	 299 	 1 	 2 	 7.454411e-11 	 1.021242e-10
1 	 300 	 1 	 2 	 8.771404e-11 	 1.144960e-10
1 	 301 	 1 	 2 	 1.164392e-10 	 1.339979e-10
1 	 302 	 1 	 2 	 1.620158e-10 	 1.612240e-10
1 	 303 	 1 	 2 	 2.075925e-10 	 1.884502e-10
1 	 304 	 1 	 2 	 2.531692e-10 	 2.156764e-10
1 	 305 	 1 	 2 	 2.987458e-10 	 2.429025e-10
1 	 306 	 1 	 2 	 3.891735e-10 	 2.822502e-10
1 	 307 	 1 	 2 	 5.593365e-10 	 3.431473e-10
1 	 308 	 1 	 2 	 7.294995e-10 	 4.040443e-10
1 	 309 	 1 	 2 	 8.996625e-10 	 4.649414e-10
1 	 310 	 1 	 2 	 1.069825e-09 	 5.258384e-10
1 	 311 	 1 	 2 	 1.362131e-09 	 6.047147e-10
1 	 312 	 1 	 2 	 2.041221e-09 	 7.405249e-10
1 	 313 	 1 	 2 	 2.720310e-09 	 8.763351e-10
1 	 314 	 1 	 2 	 3.399400e-09 	 1.012145e-09
1 	 315 	 1 	 2 	 4.078490e-09 	 1.147956e-09
1 	 316 	 1 	 2 	 4.168411e-09 	 1.296684e-09
1 	 317 	 1 	 2 	 -6.223337e-11 	 1.540147e-09
1 	 318 	 1 	 2 	 -4.292878e-09 	 1.783609e-09
1 	 319 	 1 	 2 	 -8.523523e-09 	 2.027072e-09
1 	 320 	 1 	 2 	 -1.275417e-08 	 2.270534e-09
1 	 321 	 1 	 2 	 -1.698481e-08 	 2.513997e-09
1 	 322 	 1 	 2 	 -1.275417e-08 	 2.270534e-09
1 	 323 	 1 	 2 	 -8.523523e-09 	 2.027072e-09
1 	 324 	 1 	 2 	 -4.292878e-09 	 1.783609e-09
1 	 325 	 1 	 2 	 -6.223337e-11 	 1.540147e-09
1 	 326 	 1 	 2 	 4.168411e-09 	 1.296684e-09
1 	 327 	 1 	 2 	 4.078490e-09 	 1.147956e-09
1 	 328 	 1 	 2 	 3.399400e-09 	 1.012145e-09
1 	 329 	 1 	 2 	 2.720310e-09 	 8.763351e-10
1 	 330 	 1 	 2 	 2.041221e-09 	 7.405249e-10
1 	 331 	 1 	 2 	 1.362131e-09 	 6.047147e-10
1 	 332 	 1 	 2 	 1.069825e-09 	 5.258384e-10
1 	 333 	 1 	 2 	 8.996625e-10 	 4.649414e-10
1 	 334 	 1 	 2 	 7.294995e-10 	 4.040443e-10
1 	 335 	 1 	 2 	 5.593365e-10 	 3.431473e-10
1 	 336 	 1 	 2 	 3.891735e-10 	 2.822502e-10
1 	 337 	 1 	 2 	 2.987458e-10 	 2.429025e-10
1 	 338 	 1 	 2 	 2.531692e-10 	 2.156764e-10
1 	 339 	 1 	 2 	 2.075925e-10 	 1.884502e-10
1 	 340 	 1 	 2 	 1.620158e-10 	 1.612240e-10
1 	 341 	 1 	 2 	 1.164392e-10 	 1.339979e-10
1 	 342 	 1 	 2 	 8.771404e-11 	 1.144960e-10
1 	 343 	 1 	 2 	 7.454411e-11 	 1.021242e-10
1 	 344 	 1 	 2 	 6.137418e-11 	 8.975243e-11
1 	 345 	 1 	 2 	 4.820424e-11 	 7.738064e-11
1 	 346 	 1 	 2 	 3.503431e-11 	 6.500886e-11
1 	 347 	 1 	 2 	 2.555763e-11 	 5.530522e-11
1 	 348 	 1 	 2 	 2.162085e-11 	 4.960380e-11
1 	 349 	 1 	 2 	 1.768406e-11 	 4.390238e-11
1 	 350 	 1 	 2 	 1.374727e-11 	 3.820096e-11
1 	 351 	 1 	 2 	 9.810487e-12 	 3.249953e-11
1 	 352 	 1 	 2 	 6.646425e-12 	 2.764500e-11
1 	 353 	 1 	 2 	 5.469372e-12 	 2.496820e-11
1 	 354 	 1 	 2 	 4.292320e-12 	 2.229140e-11
1 	 355 	 1 	 2 	 3.115266e-12 	 1.961459e-11
1 	 356 	 1 	 2 	 1.938213e-12 	 1.693779e-11
1 	 357 	 1 	 2 	 8.945719e-13 	 1.448109e-11
1 	 358 	 1 	 2 	 5.513402e-13 	 1.317993e-11
1 	 359 	 1 	 2 	 2.081085e-13 	 1.187877e-11
1 	 360 	 1 	 2 	 -1.351232e-13 	 1.057761e-11
1 	 361 	 1 	 2 	 -4.783549e-13 	 9.276452e-12
1 	 362 	 1 	 2 	 -8.114839e-13 	 8.000521e-12
1 	 363 	 1 	 2 	 -9.021478e-13 	 7.330072e-12
1 	 364 	 1 	 2 	 -9.928116e-13 	 6.659623e-12
1 	 365 	 1 	 2 	 -1.083475e-12 	 5.989174e-12
1 	 366 	 1 	 2 	 -1.174139e-12 	 5.318725e-12
1 	 367 	 1 	 2 	 -1.264803e-12 	 4.648275e-12
1 	 368 	 1 	 2 	 -1.281510e-12 	 4.251781e-12
1 	 369 	 1 	 2 	 -1.291785e-12 	 3.879108e-12
1 	 370 	 1 	 2 	 -1.302061e-12 	 3.506436e-12
1 	 371 	 1 	 2 	 -1.312336e-12 	 3.133763e-12
1 	 372 	 1 	 2 	 -1.322612e-12 	 2.761090e-12
1 	 373 	 1 	 2 	 -1.309100e-12 	 2.508497e-12
1 	 374 	 1 	 2 	 -1.289641e-12 	 2.285923e-12
1 	 375 	 1 	 2 	 -1.270183e-12 	 2.063348e-12
1 	 376 	 1 	 2 	 -1.250724e-12 	 1.840774e-12
1 	 377 	 1 	 2 	 -1.231266e-12 	 1.618200e-12
1 	 378 	 1 	 2 	 -1.203068e-12 	 1.452425e-12
1 	 379 	 1 	 2 	 -1.170757e-12 	 1.313379e-12
1 	 380 	 1 	 2 	 -1.138446e-12 	 1.174332e-12
1 	 381 	 1 	 2 	 -1.106135e-12 	 1.035286e-12
1 	 382 	 1 	 2 	 -1.073825e-12 	 8.962399e-13
1 	 383 	 1 	 2 	 -1.038798e-12 	 7.860088e-13
1 	 384 	 1 	 2 	 -1.001637e-12 	 6.984182e-13
1 	 385 	 1 	 2 	 -9.644765e-13 	 6.108275e-13
1 	 386 	 1 	 2 	 -9.273159e-13 	 5.232368e-13
1 	 387 	 1 	 2 	 -8.901552e-13 	 4.356462e-13
1 	 388 	 1 	 2 	 -8.531121e-13 	 3.629799e-13
1 	 389 	 1 	 2 	 -8.162183e-13 	 3.093082e-13
1 	 390 	 1 	 2 	 -7.793247e-13 	 2.556366e-13
1 	 391 	 1 	 2 	 -7.424310e-13 	 2.019650e-13
1 	 392 	 1 	 2 	 -7.055372e-13 	 1.482933e-13
1 	 393 	 1 	 2 	 -6.697901e-13 	 1.019302e-13
1 	 394 	 1 	 2 	 -6.364792e-13 	 7.109766e-14
1 	 395 	 1 	 2 	 -6.031684e-13 	 4.026514e-14
1 	 396 	 1 	 2 	 -5.698575e-13 	 9.432620e-15
1 	 397 	 1 	 2 	 -5.365467e-13 	 -2.139990e-14
1 	 398 	 1 	 2 	 -5.043037e-13 	 -4.920891e-14
1 	 399 	 1 	 2 	 -4.763325e-13 	 -6.492388e-14
1 	 400 	 1 	 2 	 -4.483612e-13 	 -8.063884e-14
1 	 401 	 1 	 2 	 -4.203899e-13 	 -9.635380e-14
1 	 402 	 1 	 2 	 -3.924187e-13 	 -1.120688e-13
1 	 403 	 1 	 2 	 -3.649148e-13 	 -1.270186e-13
1 	 404 	 1 	 2 	 -3.427866e-13 	 -1.331692e-13
1 	 405 	 1 	 2 	 -3.206583e-13 	 -1.393198e-13
1 	 406 	 1 	 2 	 -2.985301e-13 	 -1.454705e-13
1 	 407 	 1 	 2 	 -2.764018e-13 	 -1.516211e-13
1 	 408 	 1 	 2 	 -2.542736e-13 	 -1.577717e-13
1 	 409 	 1 	 2 	 -2.374224e-13 	 -1.585135e-13
1 	 410 	 1 	 2 	 -2.207911e-13 	 -1.590300e-13
1 	 411 	 1 	 2 	 -2.041598e-13 	 -1.595465e-13
1 	 412 	 1 	 2 	 -1.875285e-13 	 -1.600630e-13
1 	 413 	 1 	 2 	 -1.708972e-13 	 -1.605794e-13
1 	 414 	 1 	 2 	 -1.582057e-13 	 -1.586023e-13
1 	 415 	 1 	 2 	 -1.462646e-13 	 -1.561502e-13
1 	 416 	 1 	 2 	 -1.343236e-13 	 -1.536981e-13
1 	 417 	 1 	 2 	 -1.223825e-13 	 -1.512459e-13
1 	 418 	 1 	 2 	 -1.104414e-13 	 -1.487938e-13
1 	 419 	 1 	 2 	 -1.011808e-13 	 -1.454310e-13
1 	 420 	 1 	 2 	 -9.296252e-14 	 -1.417139e-13
1 	 421 	 1 	 2 	 -8.474426e-14 	 -1.379969e-13
1 	 422 	 1 	 2 	 -7.652599e-14 	 -1.342798e-13
1 	 423 	 1 	 2 	 -6.830773e-14 	 -1.305628e-13
1 	 424 	 1 	 2 	 -6.176185e-14 	 -1.266914e-13
1 	 425 	 1 	 2 	 -5.633089e-14 	 -1.227171e-13
1 	 426 	 1 	 2 	 -5.089994e-14 	 -1.187428e-13
1 	 427 	 1 	 2 	 -4.546899e-14 	 -1.147685e-13
1 	 428 	 1 	 2 	 -4.003803e-14 	 -1.107942e-13
1 	 429 	 1 	 2 	 -3.555951e-14 	 -1.069525e-13
1 	 430 	 1 	 2 	 -3.211278e-14 	 -1.032544e-13
1 	 431 	 1 	 2 	 -2.866605e-14 	 -9.955638e-14
1 	 432 	 1 	 2 	 -2.521932e-14 	 -9.585833e-14
1 	 433 	 1 	 2 	 -2.177259e-14 	 -9.216029e-14
1 	 434 	 1 	 2 	 -1.881140e-14 	 -8.864507e-14
1 	 435 	 1 	 2 	 -1.671339e-14 	 -8.545488e-14
1 	 436 	 1 	 2 	 -1.461538e-14 	 -8.226469e-14
1 	 437 	 1 	 2 	 -1.251737e-14 	 -7.907449e-14
1 	 438 	 1 	 2 	 -1.041935e-14 	 -7.588430e-14
1 	 439 	 1 	 2 	 -8.531729e-15 	 -7.282903e-14
1 	 440 	 1 	 2 	 -7.310323e-15 	 -7.020104e-14
1 	 441 	 1 	 2 	 -6.088917e-15 	 -6.757306e-14
1 	 442 	 1 	 2 	 -4.867511e-15 	 -6.494507e-14
1 	 443 	 1 	 2 	 -3.646105e-15 	 -6.231707e-14
1 	 444 	 1 	 2 	 -2.490011e-15 	 -5.975191e-14
1 	 445 	 1 	 2 	 -1.812867e-15 	 -5.764750e-14
1 	 446 	 1 	 2 	 -1.135723e-15 	 -5.554310e-14
1 	 447 	 1 	 2 	 -4.585798e-16 	 -5.343870e-14
1 	 448 	 1 	 2 	 2.185638e-16 	 -5.133429e-14
1 	 449 	 1 	 2 	 8.957075e-16 	 -4.922989e-14
1 	 450 	 1 	 2 	 1.251197e-15 	 -4.757052e-14
1 	 451 	 1 	 2 	 1.606687e-15 	 -4.591114e-14
1 	 452 	 1 	 2 	 1.962177e-15 	 -4.425177e-14
1 	 453 	 1 	 2 	 2.317667e-15 	 -4.259240e-14
1 	 454 	 1 	 2 	 2.673157e-15 	 -4.093303e-14
1 	 455 	 1 	 2 	 2.870459e-15 	 -3.958804e-14
1 	 456 	 1 	 2 	 3.046189e-15 	 -3.828592e-14
1 	 457 	 1 	 2 	 3.221919e-15 	 -3.698381e-14
1 	 458 	 1 	 2 	 3.397649e-15 	 -3.568169e-14
1 	 459 	 1 	 2 	 3.573379e-15 	 -3.437958e-14
1 	 460 	 1 	 2 	 3.677646e-15 	 -3.328731e-14
1 	 461 	 1 	 2 	 3.759346e-15 	 -3.226130e-14
1 	 462 	 1 	 2 	 3.841046e-15 	 -3.123530e-14
1 	 463 	 1 	 2 	 3.922746e-15 	 -3.020929e-14
1 	 464 	 1 	 2 	 4.004445e-15 	 -2.918329e-14
1 	 465 	 1 	 2 	 4.057093e-15 	 -2.829056e-14
1 	 466 	 1 	 2 	 4.093399e-15 	 -2.747279e-14
1 	 467 	 1 	 2 	 4.129705e-15 	 -2.665502e-14
1 	 468 	 1 	 2 	 4.166012e-15 	 -2.583726e-14
1 	 469 	 1 	 2 	 4.202318e-15 	 -2.501949e-14
1 	 470 	 1 	 2 	 4.228240e-15 	 -2.428233e-14
1 	 471 	 1 	 2 	 4.244576e-15 	 -2.361958e-14
1 	 472 	 1 	 2 	 4.260913e-15 	 -2.295683e-14
1 	 473 	 1 	 2 	 4.277249e-15 	 -2.229407e-14
1 	 474 	 1 	 2 	 4.293586e-15 	 -2.163132e-14
1 	 475 	 1 	 2 	 4.306639e-15 	 -2.101464e-14
1 	 476 	 1 	 2 	 4.314767e-15 	 -2.046706e-14
1 	 477 	 1 	 2 	 4.322894e-15 	 -1.991948e-14
1 	 478 	 1 	 2 	 4.331023e-15 	 -1.937190e-14
1 	 479 	 1 	 2 	 4.339150e-15 	 -1.882432e-14
1 	 480 	 1 	 2 	 4.346192e-15 	 -1.830093e-14
1 	 481 	 1 	 2 	 4.350440e-15 	 -1.783971e-14
1 	 482 	 1 	 2 	 4.354689e-15 	 -1.737850e-14
1 	 483 	 1 	 2 	 4.358938e-15 	 -1.691728e-14
1 	 484 	 1 	 2 	 4.363187e-15 	 -1.645607e-14
1 	 485 	 1 	 2 	 4.366933e-15 	 -1.600542e-14
1 	 486 	 1 	 2 	 4.368039e-15 	 -1.561025e-14
1 	 487 	 1 	 2 	 4.369145e-15 	 -1.521509e-14
1 	 488 	 1 	 2 	 4.370252e-15 	 -1.481992e-14
1 	 489 	 1 	 2 	 4.371359e-15 	 -1.442475e-14
1 	 490 	 1 	 2 	 4.372314e-15 	 -1.403166e-14
1 	 491 	 1 	 2 	 4.369633e-15 	 -1.368843e-14
1 	 492 	 1 	 2 	 4.366952e-15 	 -1.334521e-14
1 	 493 	 1 	 2 	 4.364272e-15 	 -1.300198e-14
1 	 494 	 1 	 2 	 4.361591e-15 	 -1.265875e-14
1 	 495 	 1 	 2 	 4.358910e-15 	 -1.231552e-14
1 	 496 	 1 	 2 	 4.351943e-15 	 -1.201110e-14
1 	 497 	 1 	 2 	 4.344604e-15 	 -1.171005e-14
1 	 498 	 1 	 2 	 4.337264e-15 	 -1.140901e-14
1 	 499 	 1 	 2 	 4.329924e-15 	 -1.110796e-14
1 	 500 	 1 	 2 	 4.322585e-15 	 -1.080691e-14
1 	 501 	 1 	 2 	 4.311053e-15 	 -1.053415e-14
1 	 502 	 1 	 2 	 4.298472e-15 	 -1.026846e-14
1 	 503 	 1 	 2 	 4.285891e-15 	 -1.000277e-14
1 	 504 	 1 	 2 	 4.273311e-15 	 -9.737075e-15
1 	 505 	 1 	 2 	 4.260730e-15 	 -9.471384e-15
1 	 506 	 1 	 2 	 4.244492e-15 	 -9.226395e-15
1 	 507 	 1 	 2 	 4.226532e-15 	 -8.991151e-15
1 	 508 	 1 	 2 	 4.208572e-15 	 -8.755906e-15
1 	 509 	 1 	 2 	 4.190612e-15 	 -8.520661e-15
1 	 510 	 1 	 2 	 4.172652e-15 	 -8.285416e-15
1 	 511 	 1 	 2 	 4.151835e-15 	 -8.065155e-15
1 	 512 	 1 	 2 	 4.128773e-15 	 -7.856668e-15
1 	 513 	 1 	 2 	 4.105711e-15 	 -7.648181e-15
1 	 514 	 1 	 2 	 4.082649e-15 	 -7.439693e-15
1 	 515 	 1 	 2 	 4.059587e-15 	 -7.231205e-15
1 	 516 	 1 	 2 	 4.034538e-15 	 -7.033202e-15
1 	 517 	 1 	 2 	 4.006960e-15 	 -6.848544e-15
1 	 518 	 1 	 2 	 3.979382e-15 	 -6.663885e-15
1 	 519 	 1 	 2 	 3.951804e-15 	 -6.479226e-15
1 	 520 	 1 	 2 	 3.924227e-15 	 -6.294568e-15
1 	 521 	 1 	 2 	 3.895452e-15 	 -6.116750e-15
1 	 522 	 1 	 2 	 3.864134e-15 	 -5.953468e-15
1 	 523 	 1 	 2 	 3.832816e-15 	 -5.790186e-15
1 	 524 	 1 	 2 	 3.801498e-15 	 -5.626904e-15
1 	 525 	 1 	 2 	 3.770180e-15 	 -5.463623e-15
1 	 526 	 1 	 2 	 3.738286e-15 	 -5.304187e-15
1 	 527 	 1 	 2 	 3.704085e-15 	 -5.160137e-15
1 	 528 	 1 	 2 	 3.669883e-15 	 -5.016088e-15
1 	 529 	 1 	 2 	 3.635682e-15 	 -4.872038e-15
1 	 530 	 1 	 2 	 3.601481e-15 	 -4.727988e-15
1 	 531 	 1 	 2 	 3.567118e-15 	 -4.585323e-15
1 	 532 	 1 	 2 	 3.530890e-15 	 -4.458572e-15
1 	 533 	 1 	 2 	 3.494662e-15 	 -4.331822e-15
1 	 534 	 1 	 2 	 3.458434e-15 	 -4.205072e-15
1 	 535 	 1 	 2 	 3.422206e-15 	 -4.078322e-15
1 	 536 	 1 	 2 	 3.385978e-15 	 -3.951572e-15
1 	 537 	 1 	 2 	 3.348571e-15 	 -3.839731e-15
1 	 538 	 1 	 2 	 3.311115e-15 	 -3.728512e-15
1 	 539 	 1 	 2 	 3.273660e-15 	 -3.617292e-15
1 	 540 	 1 	 2 	 3.236204e-15 	 -3.506073e-15
1 	 541 	 1 	 2 	 3.198748e-15 	 -3.394853e-15
1 	 542 	 1 	 2 	 3.160857e-15 	 -3.295311e-15
1 	 543 	 1 	 2 	 3.122883e-15 	 -3.197993e-15
1 	 544 	 1 	 2 	 3.084908e-15 	 -3.100675e-15
1 	 545 	 1 	 2 	 3.046934e-15 	 -3.003357e-15
1 	 546 	 1 	 2 	 3.008960e-15 	 -2.906039e-15
1 	 547 	 1 	 2 	 2.971047e-15 	 -2.817649e-15
1 	 548 	 1 	 2 	 2.933158e-15 	 -2.732732e-15
1 	 549 	 1 	 2 	 2.895269e-15 	 -2.647815e-15
1 	 550 	 1 	 2 	 2.857380e-15 	 -2.562898e-15
1 	 551 	 1 	 2 	 2.819491e-15 	 -2.477981e-15
1 	 552 	 1 	 2 	 2.781950e-15 	 -2.399679e-15
1 	 553 	 1 	 2 	 2.744642e-15 	 -2.325787e-15
1 	 554 	 1 	 2 	 2.707334e-15 	 -2.251895e-15
1 	 555 	 1 	 2 	 2.670025e-15 	 -2.178003e-15
1 	 556 	 1 	 2 	 2.632716e-15 	 -2.104111e-15
1 	 557 	 1 	 2 	 2.595875e-15 	 -2.034909e-15
1 	 558 	 1 	 2 	 2.559540e-15 	 -1.970787e-15
1 	 559 	 1 	 2 	 2.523205e-15 	 -1.906665e-15
1 	 560 	 1 	 2 	 2.486870e-15 	 -1.842543e-15
1 	 561 	 1 	 2 	 2.450535e-15 	 -1.778421e-15
1 	 562 	 1 	 2 	 2.414658e-15 	 -1.717406e-15
1 	 563 	 1 	 2 	 2.379596e-15 	 -1.661915e-15
1 	 564 	 1 	 2 	 2.344534e-15 	 -1.606425e-15
1 	 565 	 1 	 2 	 2.309472e-15 	 -1.550934e-15
1 	 566 	 1 	 2 	 2.274411e-15 	 -1.495443e-15
1 	 567 	 1 	 2 	 2.239707e-15 	 -1.441777e-15
1 	 568 	 1 	 2 	 2.206138e-15 	 -1.393890e-15
1 	 569 	 1 	 2 	 2.172569e-15 	 -1.346003e-15
1 	 570 	 1 	 2 	 2.139000e-15 	 -1.298116e-15
1 	 571 	 1 	 2 	 2.105431e-15 	 -1.250229e-15
1 	 572 	 1 	 2 	 2.072059e-15 	 -1.203144e-15
1 	 573 	 1 	 2 	 2.040134e-15 	 -1.161939e-15
1 	 574 	 1 	 2 	 2.008209e-15 	 -1.120734e-15
1 	 575 	 1 	 2 	 1.976285e-15 	 -1.079530e-15
1 	 576 	 1 	 2 	 1.944360e-15 	 -1.038325e-15
1 	 577 	 1 	 2 	 1.912435e-15 	 -9.971201e-16
1 	 578 	 1 	 2 	 1.882250e-15 	 -9.617739e-16
1 	 579 	 1 	 2 	 1.852064e-15 	 -9.264279e-16
1 	 580 	 1 	 2 	 1.821879e-15 	 -8.910817e-16
1 	 581 	 1 	 2 	 1.791694e-15 	 -8.557355e-16
1 	 582 	 1 	 2 	 1.761509e-15 	 -8.203894e-16
1 	 583 	 1 	 2 	 1.732898e-15 	 -7.895535e-16
1 	 584 	 1 	 2 	 1.704502e-15 	 -7.593325e-16
1 	 585 	 1 	 2 	 1.676106e-15 	 -7.291116e-16
1 	 586 	 1 	 2 	 1.647710e-15 	 -6.988907e-16
1 	 587 	 1 	 2 	 1.619314e-15 	 -6.686698e-16
1 	 588 	 1 	 2 	 1.592288e-15 	 -6.418497e-16
1 	 589 	 1 	 2 	 1.565695e-15 	 -6.161036e-16
1 	 590 	 1 	 2 	 1.539102e-15 	 -5.903575e-16
1 	 591 	 1 	 2 	 1.512509e-15 	 -5.646113e-16
1 	 592 	 1 	 2 	 1.485916e-15 	 -5.388652e-16
1 	 593 	 1 	 2 	 1.460467e-15 	 -5.156143e-16
1 	 594 	 1 	 2 	 1.435662e-15 	 -4.937669e-16
1 	 595 	 1 	 2 	 1.410858e-15 	 -4.719195e-16
1 	 596 	 1 	 2 	 1.386053e-15 	 -4.500721e-16
1 	 597 	 1 	 2 	 1.361248e-15 	 -4.282247e-16
1 	 598 	 1 	 2 	 1.337355e-15 	 -4.081400e-16
1 	 599 	 1 	 2 	 1.314302e-15 	 -3.896823e-16
1 	 600 	 1 	 2 	 1.291249e-15 	 -3.712246e-16
1 	 601 	 1 	 2 	 1.268196e-15 	 -3.527669e-16
1 	 602 	 1 	 2 	 1.245144e-15 	 -3.343092e-16
1 	 603 	 1 	 2 	 1.222771e-15 	 -3.170280e-16
1 	 604 	 1 	 2 	 1.201418e-15 	 -3.015117e-16
1 	 605 	 1 	 2 	 1.180065e-15 	 -2.859954e-16
1 	 606 	 1 	 2 	 1.158712e-15 	 -2.704791e-16
1 	 607 	 1 	 2 	 1.137359e-15 	 -2.549628e-16
1 	 608 	 1 	 2 	 1.116464e-15 	 -2.401595e-16
1 	 609 	 1 	 2 	 1.096747e-15 	 -2.271895e-16
1 	 610 	 1 	 2 	 1.077030e-15 	 -2.142195e-16
1 	 611 	 1 	 2 	 1.057313e-15 	 -2.012496e-16
1 	 612 	 1 	 2 	 1.037596e-15 	 -1.882796e-16
1 	 613 	 1 	 2 	 1.018129e-15 	 -1.756615e-16
1 	 614 	 1 	 2 	 9.999760e-16 	 -1.648908e-16
1 	 615 	 1 	 2 	 9.818230e-16 	 -1.541200e-16
1 	 616 	 1 	 2 	 9.636700e-16 	 -1.433492e-16
1 	 617 	 1 	 2 	 9.455172e-16 	 -1.325784e-16
1 	 618 	 1 	 2 	 9.274237e-16 	 -1.218835e-16
1 	 619 	 1 	 2 	 9.107577e-16 	 -1.130082e-16
1 	 620 	 1 	 2 	 8.940918e-16 	 -1.041329e-16
1 	 621 	 1 	 2 	 8.774258e-16 	 -9.525766e-17
1 	 622 	 1 	 2 	 8.607599e-16 	 -8.638239e-17
1 	 623 	 1 	 2 	 8.440939e-16 	 -7.750711e-17
1 	 624 	 1 	 2 	 8.287224e-16 	 -7.013121e-17
1 	 625 	 1 	 2 	 8.134634e-16 	 -6.288568e-17
1 	 626 	 1 	 2 	 7.982045e-16 	 -5.564015e-17
1 	 627 	 1 	 2 	 7.829455e-16 	 -4.839462e-17
1 	 628 	 1 	 2 	 7.676866e-16 	 -4.114909e-17
1 	 629 	 1 	 2 	 7.534875e-16 	 -3.502175e-17
1 	 630 	 1 	 2 	 7.395534e-16 	 -2.917395e-17
1 	 631 	 1 	 2 	 7.256193e-16 	 -2.332616e-17
1 	 632 	 1 	 2 	 7.116852e-16 	 -1.747836e-17
1 	 633 	 1 	 2 	 6.977511e-16 	 -1.163056e-17
1 	 634 	 1 	 2 	 6.846617e-16 	 -6.595995e-18
1 	 635 	 1 	 2 	 6.719699e-16 	 -1.944122e-18
1 	 636 	 1 	 2 	 6.592780e-16 	 2.707751e-18
1 	 637 	 1 	 2 	 6.465861e-16 	 7.359624e-18
1 	 638 	 1 	 2 	 6.338943e-16 	 1.201150e-17
1 	 639 	 1 	 2 	 6.218522e-16 	 1.609217e-17
1 	 640 	 1 	 2 	 6.103206e-16 	 1.972403e-17
1 	 641 	 1 	 2 	 5.987890e-16 	 2.335590e-17
1 	 1 	 1 	 3 	 -2.647396e-17 	 9.085987e-17
1 	 2 	 1 	 3 	 -2.641646e-17 	 9.290890e-17
1 	 3 	 1 	 3 	 -2.635897e-17 	 9.495793e-17
1 	 4 	 1 	 3 	 -2.624106e-17 	 9.712807e-17
1 	 5 	 1 	 3 	 -2.604625e-17 	 9.945238e-17
1 	 6 	 1 	 3 	 -2.585144e-17 	 1.017767e-16
1 	 7 	 1 	 3 	 -2.565663e-17 	 1.041010e-16
1 	 8 	 1 	 3 	 -2.546182e-17 	 1.064253e-16
1 	 9 	 1 	 3 	 -2.521221e-17 	 1.088467e-16
1 	 10 	 1 	 3 	 -2.484614e-17 	 1.114746e-16
1 	 11 	 1 	 3 	 -2.448006e-17 	 1.141025e-16
1 	 12 	 1 	 3 	 -2.411399e-17 	 1.167304e-16
1 	 13 	 1 	 3 	 -2.374792e-17 	 1.193582e-16
1 	 14 	 1 	 3 	 -2.333947e-17 	 1.220527e-16
1 	 15 	 1 	 3 	 -2.276151e-17 	 1.250136e-16
1 	 16 	 1 	 3 	 -2.218355e-17 	 1.279745e-16
1 	 17 	 1 	 3 	 -2.160559e-17 	 1.309354e-16
1 	 18 	 1 	 3 	 -2.102763e-17 	 1.338963e-16
1 	 19 	 1 	 3 	 -2.042883e-17 	 1.368862e-16
1 	 20 	 1 	 3 	 -1.959032e-17 	 1.402105e-16
1 	 21 	 1 	 3 	 -1.875181e-17 	 1.435348e-16
1 	 22 	 1 	 3 	 -1.791330e-17 	 1.468592e-16
1 	 23 	 1 	 3 	 -1.707479e-17 	 1.501835e-16
1 	 24 	 1 	 3 	 -1.623628e-17 	 1.535078e-16
1 	 25 	 1 	 3 	 -1.509205e-17 	 1.572111e-16
1 	 26 	 1 	 3 	 -1.393508e-17 	 1.609303e-16
1 	 27 	 1 	 3 	 -1.277811e-17 	 1.646494e-16
1 	 28 	 1 	 3 	 -1.162113e-17 	 1.683685e-16
1 	 29 	 1 	 3 	 -1.046416e-17 	 1.720877e-16
1 	 30 	 1 	 3 	 -8.982262e-18 	 1.761657e-16
1 	 31 	 1 	 3 	 -7.438470e-18 	 1.803120e-16
1 	 32 	 1 	 3 	 -5.894678e-18 	 1.844583e-16
1 	 33 	 1 	 3 	 -4.350887e-18 	 1.886047e-16
1 	 34 	 1 	 3 	 -2.807095e-18 	 1.927510e-16
1 	 35 	 1 	 3 	 -9.270151e-19 	 1.972288e-16
1 	 36 	 1 	 3 	 1.083843e-18 	 2.018354e-16
1 	 37 	 1 	 3 	 3.094702e-18 	 2.064421e-16
1 	 38 	 1 	 3 	 5.105560e-18 	 2.110487e-16
1 	 39 	 1 	 3 	 7.116418e-18 	 2.156554e-16
1 	 40 	 1 	 3 	 9.463843e-18 	 2.205581e-16
1 	 41 	 1 	 3 	 1.203564e-17 	 2.256582e-16
1 	 42 	 1 	 3 	 1.460745e-17 	 2.307584e-16
1 	 43 	 1 	 3 	 1.717925e-17 	 2.358585e-16
1 	 44 	 1 	 3 	 1.975105e-17 	 2.409586e-16
1 	 45 	 1 	 3 	 2.264461e-17 	 2.463111e-16
1 	 46 	 1 	 3 	 2.588675e-17 	 2.519370e-16
1 	 47 	 1 	 3 	 2.912889e-17 	 2.575629e-16
1 	 48 	 1 	 3 	 3.237103e-17 	 2.631888e-16
1 	 49 	 1 	 3 	 3.561318e-17 	 2.688146e-16
1 	 50 	 1 	 3 	 3.914230e-17 	 2.746406e-16
1 	 51 	 1 	 3 	 4.318162e-17 	 2.808223e-16
1 	 52 	 1 	 3 	 4.722093e-17 	 2.870040e-16
1 	 53 	 1 	 3 	 5.126025e-17 	 2.931857e-16
1 	 54 	 1 	 3 	 5.529957e-17 	 2.993674e-16
1 	 55 	 1 	 3 	 5.956536e-17 	 3.056890e-16
1 	 56 	 1 	 3 	 6.454831e-17 	 3.124534e-16
1 	 57 	 1 	 3 	 6.953127e-17 	 3.192178e-16
1 	 58 	 1 	 3 	 7.451422e-17 	 3.259822e-16
1 	 59 	 1 	 3 	 7.949717e-17 	 3.327465e-16
1 	 60 	 1 	 3 	 8.461364e-17 	 3.395836e-16
1 	 61 	 1 	 3 	 9.070922e-17 	 3.469530e-16
1 	 62 	 1 	 3 	 9.680479e-17 	 3.543224e-16
1 	 63 	 1 	 3 	 1.029004e-16 	 3.616918e-16
1 	 64 	 1 	 3 	 1.089960e-16 	 3.690613e-16
1 	 65 	 1 	 3 	 1.150915e-16 	 3.764307e-16
1 	 66 	 1 	 3 	 1.224950e-16 	 3.844211e-16
1 	 67 	 1 	 3 	 1.298985e-16 	 3.924114e-16
1 	 68 	 1 	 3 	 1.373020e-16 	 4.004018e-16
1 	 69 	 1 	 3 	 1.447055e-16 	 4.083922e-16
1 	 70 	 1 	 3 	 1.521089e-16 	 4.163826e-16
1 	 71 	 1 	 3 	 1.608619e-16 	 4.249249e-16
1 	 72 	 1 	 3 	 1.697989e-16 	 4.335425e-16
1 	 73 	 1 	 3 	 1.787359e-16 	 4.421601e-16
1 	 74 	 1 	 3 	 1.876729e-16 	 4.507777e-16
1 	 75 	 1 	 3 	 1.966099e-16 	 4.593953e-16
1 	 76 	 1 	 3 	 2.069095e-16 	 4.684840e-16
1 	 77 	 1 	 3 	 2.176394e-16 	 4.777214e-16
1 	 78 	 1 	 3 	 2.283692e-16 	 4.869589e-16
1 	 79 	 1 	 3 	 2.390991e-16 	 4.961963e-16
1 	 80 	 1 	 3 	 2.498290e-16 	 5.054337e-16
1 	 81 	 1 	 3 	 2.618961e-16 	 5.150521e-16
1 	 82 	 1 	 3 	 2.747155e-16 	 5.248849e-16
1 	 83 	 1 	 3 	 2.875349e-16 	 5.347177e-16
1 	 84 	 1 	 3 	 3.003542e-16 	 5.445504e-16
1 	 85 	 1 	 3 	 3.131736e-16 	 5.543831e-16
1 	 86 	 1 	 3 	 3.272561e-16 	 5.645019e-16
1 	 87 	 1 	 3 	 3.425044e-16 	 5.748846e-16
1 	 88 	 1 	 3 	 3.577528e-16 	 5.852674e-16
1 	 89 	 1 	 3 	 3.730012e-16 	 5.956501e-16
1 	 90 	 1 	 3 	 3.882496e-16 	 6.060329e-16
1 	 91 	 1 	 3 	 4.046257e-16 	 6.166064e-16
1 	 92 	 1 	 3 	 4.226933e-16 	 6.274661e-16
1 	 93 	 1 	 3 	 4.407610e-16 	 6.383258e-16
1 	 94 	 1 	 3 	 4.588286e-16 	 6.491854e-16
1 	 95 	 1 	 3 	 4.768963e-16 	 6.600451e-16
1 	 96 	 1 	 3 	 4.958784e-16 	 6.710067e-16
1 	 97 	 1 	 3 	 5.172121e-16 	 6.822306e-16
1 	 98 	 1 	 3 	 5.385459e-16 	 6.934544e-16
1 	 99 	 1 	 3 	 5.598796e-16 	 7.046783e-16
1 	 100 	 1 	 3 	 5.812134e-16 	 7.159021e-16
1 	 101 	 1 	 3 	 6.031504e-16 	 7.271579e-16
1 	 102 	 1 	 3 	 6.282546e-16 	 7.385817e-16
1 	 103 	 1 	 3 	 6.533589e-16 	 7.500054e-16
1 	 104 	 1 	 3 	 6.784632e-16 	 7.614291e-16
1 	 105 	 1 	 3 	 7.035674e-16 	 7.728529e-16
1 	 106 	 1 	 3 	 7.288451e-16 	 7.842756e-16
1 	 107 	 1 	 3 	 7.582838e-16 	 7.956751e-16
1 	 108 	 1 	 3 	 7.877225e-16 	 8.070746e-16
1 	 109 	 1 	 3 	 8.171612e-16 	 8.184741e-16
1 	 110 	 1 	 3 	 8.465998e-16 	 8.298735e-16
1 	 111 	 1 	 3 	 8.760385e-16 	 8.412730e-16
1 	 112 	 1 	 3 	 9.100442e-16 	 8.523774e-16
1 	 113 	 1 	 3 	 9.444468e-16 	 8.634561e-16
1 	 114 	 1 	 3 	 9.788496e-16 	 8.745348e-16
1 	 115 	 1 	 3 	 1.013252e-15 	 8.856135e-16
1 	 116 	 1 	 3 	 1.047655e-15 	 8.966922e-16
1 	 117 	 1 	 3 	 1.086585e-15 	 9.072016e-16
1 	 118 	 1 	 3 	 1.126647e-15 	 9.175689e-16
1 	 119 	 1 	 3 	 1.166709e-15 	 9.279360e-16
1 	 120 	 1 	 3 	 1.206771e-15 	 9.383032e-16
1 	 121 	 1 	 3 	 1.246833e-15 	 9.486703e-16
1 	 122 	 1 	 3 	 1.291249e-15 	 9.582122e-16
1 	 123 	 1 	 3 	 1.337714e-15 	 9.673655e-16
1 	 124 	 1 	 3 	 1.384179e-15 	 9.765189e-16
1 	 125 	 1 	 3 	 1.430644e-15 	 9.856723e-16
1 	 126 	 1 	 3 	 1.477109e-15 	 9.948257e-16
1 	 127 	 1 	 3 	 1.527591e-15 	 1.002959e-15
1 	 128 	 1 	 3 	 1.581229e-15 	 1.010290e-15
1 	 129 	 1 	 3 	 1.634867e-15 	 1.017621e-15
1 	 130 	 1 	 3 	 1.688505e-15 	 1.024951e-15
1 	 131 	 1 	 3 	 1.742143e-15 	 1.032282e-15
1 	 132 	 1 	 3 	 1.799285e-15 	 1.038505e-15
1 	 133 	 1 	 3 	 1.860885e-15 	 1.043316e-15
1 	 134 	 1 	 3 	 1.922485e-15 	 1.048127e-15
1 	 135 	 1 	 3 	 1.984086e-15 	 1.052939e-15
1 	 136 	 1 	 3 	 2.045686e-15 	 1.057750e-15
1 	 137 	 1 	 3 	 2.110089e-15 	 1.061512e-15
1 	 138 	 1 	 3 	 2.180448e-15 	 1.063044e-15
1 	 139 	 1 	 3 	 2.250807e-15 	 1.064576e-15
1 	 140 	 1 	 3 	 2.321166e-15 	 1.066108e-15
1 	 141 	 1 	 3 	 2.391524e-15 	 1.067640e-15
1 	 142 	 1 	 3 	 2.463793e-15 	 1.068367e-15
1 	 143 	 1 	 3 	 2.543702e-15 	 1.065874e-15
1 	 144 	 1 	 3 	 2.623610e-15 	 1.063380e-15
1 	 145 	 1 	 3 	 2.703519e-15 	 1.060887e-15
1 	 146 	 1 	 3 	 2.783427e-15 	 1.058394e-15
1 	 147 	 1 	 3 	 2.864166e-15 	 1.055532e-15
1 	 148 	 1 	 3 	 2.954460e-15 	 1.048434e-15
1 	 149 	 1 	 3 	 3.044753e-15 	 1.041336e-15
1 	 150 	 1 	 3 	 3.135046e-15 	 1.034238e-15
1 	 151 	 1 	 3 	 3.225339e-15 	 1.027140e-15
1 	 152 	 1 	 3 	 3.315633e-15 	 1.020043e-15
1 	 153 	 1 	 3 	 3.416911e-15 	 1.008319e-15
1 	 154 	 1 	 3 	 3.518646e-15 	 9.964029e-16
1 	 155 	 1 	 3 	 3.620381e-15 	 9.844866e-16
1 	 156 	 1 	 3 	 3.722117e-15 	 9.725704e-16
1 	 157 	 1 	 3 	 3.823852e-15 	 9.606542e-16
1 	 158 	 1 	 3 	 3.936564e-15 	 9.450023e-16
1 	 159 	 1 	 3 	 4.051366e-15 	 9.286387e-16
1 	 160 	 1 	 3 	 4.166168e-15 	 9.122753e-16
1 	 161 	 1 	 3 	 4.280970e-15 	 8.959118e-16
1 	 162 	 1 	 3 	 4.395772e-15 	 8.795484e-16
1 	 163 	 1 	 3 	 4.522022e-15 	 8.608307e-16
1 	 164 	 1 	 3 	 4.652723e-15 	 8.411975e-16
1 	 165 	 1 	 3 	 4.783424e-15 	 8.215644e-16
1 	 166 	 1 	 3 	 4.914125e-15 	 8.019312e-16
1 	 167 	 1 	 3 	 5.044826e-15 	 7.822981e-16
1 	 168 	 1 	 3 	 5.188161e-15 	 7.619162e-16
1 	 169 	 1 	 3 	 5.339918e-15 	 7.410352e-16
1 	 170 	 1 	 3 	 5.491676e-15 	 7.201542e-16
1 	 171 	 1 	 3 	 5.643434e-15 	 6.992732e-16
1 	 172 	 1 	 3 	 5.795192e-15 	 6.783922e-16
1 	 173 	 1 	 3 	 5.961457e-15 	 6.580623e-16
1 	 174 	 1 	 3 	 6.143440e-15 	 6.383294e-16
1 	 175 	 1 	 3 	 6.325422e-15 	 6.185964e-16
1 	 176 	 1 	 3 	 6.507405e-15 	 5.988635e-16
1 	 177 	 1 	 3 	 6.689387e-15 	 5.791306e-16
1 	 178 	 1 	 3 	 6.887830e-15 	 5.602983e-16
1 	 179 	 1 	 3 	 7.115536e-15 	 5.430669e-16
1 	 180 	 1 	 3 	 7.343242e-15 	 5.258355e-16
1 	 181 	 1 	 3 	 7.570948e-15 	 5.086041e-16
1 	 182 	 1 	 3 	 7.798654e-15 	 4.913727e-16
1 	 183 	 1 	 3 	 8.043270e-15 	 4.740461e-16
1 	 184 	 1 	 3 	 8.341433e-15 	 4.564178e-16
1 	 185 	 1 	 3 	 8.639596e-15 	 4.387895e-16
1 	 186 	 1 	 3 	 8.937760e-15 	 4.211612e-16
1 	 187 	 1 	 3 	 9.235923e-15 	 4.035329e-16
1 	 188 	 1 	 3 	 9.546952e-15 	 3.842535e-16
1 	 189 	 1 	 3 	 9.952331e-15 	 3.528660e-16
1 	 190 	 1 	 3 	 1.035771e-14 	 3.214785e-16
1 	 191 	 1 	 3 	 1.076309e-14 	 2.900910e-16
1 	 192 	 1 	 3 	 1.116847e-14 	 2.587036e-16
1 	 193 	 1 	 3 	 1.157385e-14 	 2.273161e-16
1 	 194 	 1 	 3 	 1.213643e-14 	 1.478812e-16
1 	 195 	 1 	 3 	 1.269902e-14 	 6.844636e-17
1 	 196 	 1 	 3 	 1.326161e-14 	 -1.098849e-17
1 	 197 	 1 	 3 	 1.382420e-14 	 -9.042334e-17
1 	 198 	 1 	 3 	 1.438679e-14 	 -1.698582e-16
1 	 199 	 1 	 3 	 1.514075e-14 	 -3.544410e-16
1 	 200 	 1 	 3 	 1.592081e-14 	 -5.533622e-16
1 	 201 	 1 	 3 	 1.670087e-14 	 -7.522834e-16
1 	 202 	 1 	 3 	 1.748092e-14 	 -9.512046e-16
1 	 203 	 1 	 3 	 1.826098e-14 	 -1.150126e-15
1 	 204 	 1 	 3 	 1.925051e-14 	 -1.539907e-15
1 	 205 	 1 	 3 	 2.030619e-14 	 -1.989959e-15
1 	 206 	 1 	 3 	 2.136188e-14 	 -2.440012e-15
1 	 207 	 1 	 3 	 2.241756e-14 	 -2.890065e-15
1 	 208 	 1 	 3 	 2.347324e-14 	 -3.340118e-15
1 	 209 	 1 	 3 	 2.472204e-14 	 -4.091834e-15
1 	 210 	 1 	 3 	 2.607948e-14 	 -5.013235e-15
1 	 211 	 1 	 3 	 2.743692e-14 	 -5.934637e-15
1 	 212 	 1 	 3 	 2.879435e-14 	 -6.856038e-15
1 	 213 	 1 	 3 	 3.015179e-14 	 -7.777440e-15
1 	 214 	 1 	 3 	 3.163253e-14 	 -9.119004e-15
1 	 215 	 1 	 3 	 3.322710e-14 	 -1.084841e-14
1 	 216 	 1 	 3 	 3.482167e-14 	 -1.257782e-14
1 	 217 	 1 	 3 	 3.641624e-14 	 -1.430723e-14
1 	 218 	 1 	 3 	 3.801081e-14 	 -1.603664e-14
1 	 219 	 1 	 3 	 3.959705e-14 	 -1.827568e-14
1 	 220 	 1 	 3 	 4.117081e-14 	 -2.127919e-14
1 	 221 	 1 	 3 	 4.274457e-14 	 -2.428270e-14
1 	 222 	 1 	 3 	 4.431833e-14 	 -2.728620e-14
1 	 223 	 1 	 3 	 4.589208e-14 	 -3.028971e-14
1 	 224 	 1 	 3 	 4.728843e-14 	 -3.380763e-14
1 	 225 	 1 	 3 	 4.822858e-14 	 -3.864830e-14
1 	 226 	 1 	 3 	 4.916873e-14 	 -4.348898e-14
1 	 227 	 1 	 3 	 5.010888e-14 	 -4.832965e-14
1 	 228 	 1 	 3 	 5.104903e-14 	 -5.317033e-14
1 	 229 	 1 	 3 	 5.169667e-14 	 -5.838961e-14
1 	 230 	 1 	 3 	 5.080866e-14 	 -6.559659e-14
1 	 231 	 1 	 3 	 4.992065e-14 	 -7.280357e-14
1 	 232 	 1 	 3 	 4.903264e-14 	 -8.001054e-14
1 	 233 	 1 	 3 	 4.814463e-14 	 -8.721752e-14
1 	 234 	 1 	 3 	 4.710141e-14 	 -9.452646e-14
1 	 235 	 1 	 3 	 4.233326e-14 	 -1.042825e-13
1 	 236 	 1 	 3 	 3.756510e-14 	 -1.140385e-13
1 	 237 	 1 	 3 	 3.279695e-14 	 -1.237945e-13
1 	 238 	 1 	 3 	 2.802879e-14 	 -1.335506e-13
1 	 239 	 1 	 3 	 2.326064e-14 	 -1.433066e-13
1 	 240 	 1 	 3 	 1.201120e-14 	 -1.546976e-13
1 	 241 	 1 	 3 	 1.981721e-16 	 -1.662307e-13
1 	 242 	 1 	 3 	 -1.161486e-14 	 -1.777639e-13
1 	 243 	 1 	 3 	 -2.342789e-14 	 -1.892970e-13
1 	 244 	 1 	 3 	 -3.524091e-14 	 -2.008301e-13
1 	 245 	 1 	 3 	 -5.617594e-14 	 -2.115811e-13
1 	 246 	 1 	 3 	 -7.939146e-14 	 -2.221365e-13
1 	 247 	 1 	 3 	 -1.026070e-13 	 -2.326918e-13
1 	 248 	 1 	 3 	 -1.258225e-13 	 -2.432472e-13
1 	 249 	 1 	 3 	 -1.490380e-13 	 -2.538026e-13
1 	 250 	 1 	 3 	 -1.835413e-13 	 -2.594224e-13
1 	 251 	 1 	 3 	 -2.233564e-13 	 -2.627196e-13
1 	 252 	 1 	 3 	 -2.631715e-13 	 -2.660168e-13
1 	 253 	 1 	 3 	 -3.029867e-13 	 -2.693141e-13
1 	 254 	 1 	 3 	 -3.428018e-13 	 -2.726113e-13
1 	 255 	 1 	 3 	 -3.946705e-13 	 -2.651920e-13
1 	 256 	 1 	 3 	 -4.560098e-13 	 -2.493525e-13
1 	 257 	 1 	 3 	 -5.173491e-13 	 -2.335131e-13
1 	 258 	 1 	 3 	 -5.786884e-13 	 -2.176736e-13
1 	 259 	 1 	 3 	 -6.400277e-13 	 -2.018342e-13
1 	 260 	 1 	 3 	 -7.119727e-13 	 -1.687359e-13
1 	 261 	 1 	 3 	 -7.974156e-13 	 -1.136719e-13
1 	 262 	 1 	 3 	 -8.828586e-13 	 -5.860783e-14
1 	 263 	 1 	 3 	 -9.683015e-13 	 -3.543777e-15
1 	 264 	 1 	 3 	 -1.053744e-12 	 5.152027e-14
1 	 265 	 1 	 3 	 -1.146093e-12 	 1.294036e-13
1 	 266 	 1 	 3 	 -1.253117e-12 	 2.557780e-13
1 	 267 	 1 	 3 	 -1.360141e-12 	 3.821525e-13
1 	 268 	 1 	 3 	 -1.467165e-12 	 5.085269e-13
1 	 269 	 1 	 3 	 -1.574190e-12 	 6.349013e-13
1 	 270 	 1 	 3 	 -1.683488e-12 	 7.860696e-13
1 	 271 	 1 	 3 	 -1.801883e-12 	 1.036414e-12
1 	 272 	 1 	 3 	 -1.920278e-12 	 1.286758e-12
1 	 273 	 1 	 3 	 -2.038672e-12 	 1.537102e-12
1 	 274 	 1 	 3 	 -2.157067e-12 	 1.787446e-12
1 	 275 	 1 	 3 	 -2.274669e-12 	 2.055709e-12
1 	 276 	 1 	 3 	 -2.383149e-12 	 2.530040e-12
1 	 277 	 1 	 3 	 -2.491630e-12 	 3.004371e-12
1 	 278 	 1 	 3 	 -2.600110e-12 	 3.478703e-12
1 	 279 	 1 	 3 	 -2.708591e-12 	 3.953034e-12
1 	 280 	 1 	 3 	 -2.817071e-12 	 4.427366e-12
1 	 281 	 1 	 3 	 -2.865019e-12 	 5.340533e-12
1 	 282 	 1 	 3 	 -2.910444e-12 	 6.271986e-12
1 	 283 	 1 	 3 	 -2.955869e-12 	 7.203438e-12
1 	 284 	 1 	 3 	 -3.001294e-12 	 8.134890e-12
1 	 285 	 1 	 3 	 -3.046719e-12 	 9.066343e-12
1 	 286 	 1 	 3 	 -2.860582e-12 	 1.090341e-11
1 	 287 	 1 	 3 	 -2.630338e-12 	 1.291297e-11
1 	 288 	 1 	 3 	 -2.400095e-12 	 1.492253e-11
1 	 289 	 1 	 3 	 -2.169851e-12 	 1.693209e-11
1 	 290 	 1 	 3 	 -1.939607e-12 	 1.894165e-11
1 	 291 	 1 	 3 	 -7.976288e-13 	 2.295865e-11
1 	 292 	 1 	 3 	 6.989129e-13 	 2.775631e-11
1 	 293 	 1 	 3 	 2.195455e-12 	 3.255397e-11
1 	 294 	 1 	 3 	 3.691996e-12 	 3.735164e-11
1 	 295 	 1 	 3 	 5.188538e-12 	 4.214930e-11
1 	 296 	 1 	 3 	 1.011648e-11 	 5.139630e-11
1 	 297 	 1 	 3 	 1.733202e-11 	 6.360953e-11
1 	 298 	 1 	 3 	 2.454756e-11 	 7.582275e-11
1 	 299 	 1 	 3 	 3.176310e-11 	 8.803598e-11
1 	 300 	 1 	 3 	 3.897864e-11 	 1.002492e-10
1 	 301 	 1 	 3 	 5.827687e-11 	 1.218657e-10
1 	 302 	 1 	 3 	 9.066469e-11 	 1.536691e-10
1 	 303 	 1 	 3 	 1.230525e-10 	 1.854726e-10
1 	 304 	 1 	 3 	 1.554403e-10 	 2.172760e-10
1 	 305 	 1 	 3 	 1.878281e-10 	 2.490794e-10
1 	 306 	 1 	 3 	 2.605024e-10 	 2.991277e-10
1 	 307 	 1 	 3 	 4.047969e-10 	 3.816115e-10
1 	 308 	 1 	 3 	 5.490915e-10 	 4.640953e-10
1 	 309 	 1 	 3 	 6.933861e-10 	 5.465790e-10
1 	 310 	 1 	 3 	 8.376806e-10 	 6.290628e-10
1 	 311 	 1 	 3 	 1.100159e-09 	 7.410293e-10
1 	 312 	 1 	 3 	 1.736887e-09 	 9.463581e-10
1 	 313 	 1 	 3 	 2.373615e-09 	 1.151687e-09
1 	 314 	 1 	 3 	 3.010343e-09 	 1.357016e-09
1 	 315 	 1 	 3 	 3.647071e-09 	 1.562344e-09
1 	 316 	 1 	 3 	 3.694480e-09 	 1.790233e-09
1 	 317 	 1 	 3 	 -5.797817e-10 	 2.183564e-09
1 	 318 	 1 	 3 	 -4.854043e-09 	 2.576894e-09
1 	 319 	 1 	 3 	 -9.128305e-09 	 2.970224e-09
1 	 320 	 1 	 3 	 -1.340257e-08 	 3.363555e-09
1 	 321 	 1 	 3 	 -1.767683e-08 	 3.756885e-09
1 	 322 	 1 	 3 	 -1.340257e-08 	 3.363555e-09
1 	 323 	 1 	 3 	 -9.128305e-09 	 2.970224e-09
1 	 324 	 1 	 3 	 -4.854043e-09 	 2.576894e-09
1 	 325 	 1 	 3 	 -5.797817e-10 	 2.183564e-09
1 	 326 	 1 	 3 	 3.694480e-09 	 1.790233e-09
1 	 327 	 1 	 3 	 3.647071e-09 	 1.562344e-09
1 	 328 	 1 	 3 	 3.010343e-09 	 1.357016e-09
1 	 329 	 1 	 3 	 2.373615e-09 	 1.151687e-09
1 	 330 	 1 	 3 	 1.736887e-09 	 9.463581e-10
1 	 331 	 1 	 3 	 1.100159e-09 	 7.410293e-10
1 	 332 	 1 	 3 	 8.376806e-10 	 6.290628e-10
1 	 333 	 1 	 3 	 6.933861e-10 	 5.465790e-10
1 	 334 	 1 	 3 	 5.490915e-10 	 4.640953e-10
1 	 335 	 1 	 3 	 4.047969e-10 	 3.816115e-10
1 	 336 	 1 	 3 	 2.605024e-10 	 2.991277e-10
1 	 337 	 1 	 3 	 1.878281e-10 	 2.490794e-10
1 	 338 	 1 	 3 	 1.554403e-10 	 2.172760e-10
1 	 339 	 1 	 3 	 1.230525e-10 	 1.854726e-10
1 	 340 	 1 	 3 	 9.066469e-11 	 1.536691e-10
1 	 341 	 1 	 3 	 5.827687e-11 	 1.218657e-10
1 	 342 	 1 	 3 	 3.897864e-11 	 1.002492e-10
1 	 343 	 1 	 3 	 3.176310e-11 	 8.803598e-11
1 	 344 	 1 	 3 	 2.454756e-11 	 7.582275e-11
1 	 345 	 1 	 3 	 1.733202e-11 	 6.360953e-11
1 	 346 	 1 	 3 	 1.011648e-11 	 5.139630e-11
1 	 347 	 1 	 3 	 5.188538e-12 	 4.214930e-11
1 	 348 	 1 	 3 	 3.691996e-12 	 3.735164e-11
1 	 349 	 1 	 3 	 2.195455e-12 	 3.255397e-11
1 	 350 	 1 	 3 	 6.989129e-13 	 2.775631e-11
1 	 351 	 1 	 3 	 -7.976288e-13 	 2.295865e-11
1 	 352 	 1 	 3 	 -1.939607e-12 	 1.894165e-11
1 	 353 	 1 	 3 	 -2.169851e-12 	 1.693209e-11
1 	 354 	 1 	 3 	 -2.400095e-12 	 1.492253e-11
1 	 355 	 1 	 3 	 -2.630338e-12 	 1.291297e-11
1 	 356 	 1 	 3 	 -2.860582e-12 	 1.090341e-11
1 	 357 	 1 	 3 	 -3.046719e-12 	 9.066343e-12
1 	 358 	 1 	 3 	 -3.001294e-12 	 8.134890e-12
1 	 359 	 1 	 3 	 -2.955869e-12 	 7.203438e-12
1 	 360 	 1 	 3 	 -2.910444e-12 	 6.271986e-12
1 	 361 	 1 	 3 	 -2.865019e-12 	 5.340533e-12
1 	 362 	 1 	 3 	 -2.817071e-12 	 4.427365e-12
1 	 363 	 1 	 3 	 -2.708591e-12 	 3.953034e-12
1 	 364 	 1 	 3 	 -2.600110e-12 	 3.478703e-12
1 	 365 	 1 	 3 	 -2.491630e-12 	 3.004371e-12
1 	 366 	 1 	 3 	 -2.383149e-12 	 2.530040e-12
1 	 367 	 1 	 3 	 -2.274669e-12 	 2.055709e-12
1 	 368 	 1 	 3 	 -2.157067e-12 	 1.787446e-12
1 	 369 	 1 	 3 	 -2.038672e-12 	 1.537102e-12
1 	 370 	 1 	 3 	 -1.920278e-12 	 1.286758e-12
1 	 371 	 1 	 3 	 -1.801883e-12 	 1.036414e-12
1 	 372 	 1 	 3 	 -1.683488e-12 	 7.860696e-13
1 	 373 	 1 	 3 	 -1.574190e-12 	 6.349013e-13
1 	 374 	 1 	 3 	 -1.467165e-12 	 5.085269e-13
1 	 375 	 1 	 3 	 -1.360141e-12 	 3.821525e-13
1 	 376 	 1 	 3 	 -1.253117e-12 	 2.557780e-13
1 	 377 	 1 	 3 	 -1.146093e-12 	 1.294036e-13
1 	 378 	 1 	 3 	 -1.053744e-12 	 5.152026e-14
1 	 379 	 1 	 3 	 -9.683015e-13 	 -3.543788e-15
1 	 380 	 1 	 3 	 -8.828586e-13 	 -5.860784e-14
1 	 381 	 1 	 3 	 -7.974156e-13 	 -1.136719e-13
1 	 382 	 1 	 3 	 -7.119726e-13 	 -1.687359e-13
1 	 383 	 1 	 3 	 -6.400277e-13 	 -2.018342e-13
1 	 384 	 1 	 3 	 -5.786884e-13 	 -2.176737e-13
1 	 385 	 1 	 3 	 -5.173491e-13 	 -2.335131e-13
1 	 386 	 1 	 3 	 -4.560098e-13 	 -2.493525e-13
1 	 387 	 1 	 3 	 -3.946705e-13 	 -2.651920e-13
1 	 388 	 1 	 3 	 -3.428018e-13 	 -2.726113e-13
1 	 389 	 1 	 3 	 -3.029867e-13 	 -2.693141e-13
1 	 390 	 1 	 3 	 -2.631715e-13 	 -2.660168e-13
1 	 391 	 1 	 3 	 -2.233564e-13 	 -2.627196e-13
1 	 392 	 1 	 3 	 -1.835413e-13 	 -2.594224e-13
1 	 393 	 1 	 3 	 -1.490380e-13 	 -2.538025e-13
1 	 394 	 1 	 3 	 -1.258225e-13 	 -2.432472e-13
1 	 395 	 1 	 3 	 -1.026070e-13 	 -2.326918e-13
1 	 396 	 1 	 3 	 -7.939146e-14 	 -2.221364e-13
1 	 397 	 1 	 3 	 -5.617594e-14 	 -2.115811e-13
1 	 398 	 1 	 3 	 -3.524092e-14 	 -2.008301e-13
1 	 399 	 1 	 3 	 -2.342789e-14 	 -1.892970e-13
1 	 400 	 1 	 3 	 -1.161486e-14 	 -1.777639e-13
1 	 401 	 1 	 3 	 1.981692e-16 	 -1.662307e-13
1 	 402 	 1 	 3 	 1.201120e-14 	 -1.546976e-13
1 	 403 	 1 	 3 	 2.326064e-14 	 -1.433066e-13
1 	 404 	 1 	 3 	 2.802880e-14 	 -1.335506e-13
1 	 405 	 1 	 3 	 3.279695e-14 	 -1.237945e-13
1 	 406 	 1 	 3 	 3.756510e-14 	 -1.140385e-13
1 	 407 	 1 	 3 	 4.233326e-14 	 -1.042825e-13
1 	 408 	 1 	 3 	 4.710142e-14 	 -9.452646e-14
1 	 409 	 1 	 3 	 4.814463e-14 	 -8.721752e-14
1 	 410 	 1 	 3 	 4.903264e-14 	 -8.001054e-14
1 	 411 	 1 	 3 	 4.992065e-14 	 -7.280357e-14
1 	 412 	 1 	 3 	 5.080866e-14 	 -6.559659e-14
1 	 413 	 1 	 3 	 5.169667e-14 	 -5.838961e-14
1 	 414 	 1 	 3 	 5.104903e-14 	 -5.317032e-14
1 	 415 	 1 	 3 	 5.010888e-14 	 -4.832965e-14
1 	 416 	 1 	 3 	 4.916873e-14 	 -4.348898e-14
1 	 417 	 1 	 3 	 4.822858e-14 	 -3.864830e-14
1 	 418 	 1 	 3 	 4.728843e-14 	 -3.380763e-14
1 	 419 	 1 	 3 	 4.589209e-14 	 -3.028971e-14
1 	 420 	 1 	 3 	 4.431833e-14 	 -2.728620e-14
1 	 421 	 1 	 3 	 4.274457e-14 	 -2.428269e-14
1 	 422 	 1 	 3 	 4.117081e-14 	 -2.127919e-14
1 	 423 	 1 	 3 	 3.959705e-14 	 -1.827568e-14
1 	 424 	 1 	 3 	 3.801081e-14 	 -1.603663e-14
1 	 425 	 1 	 3 	 3.641624e-14 	 -1.430723e-14
1 	 426 	 1 	 3 	 3.482167e-14 	 -1.257782e-14
1 	 427 	 1 	 3 	 3.322710e-14 	 -1.084841e-14
1 	 428 	 1 	 3 	 3.163253e-14 	 -9.119004e-15
1 	 429 	 1 	 3 	 3.015179e-14 	 -7.777440e-15
1 	 430 	 1 	 3 	 2.879435e-14 	 -6.856038e-15
1 	 431 	 1 	 3 	 2.743692e-14 	 -5.934636e-15
1 	 432 	 1 	 3 	 2.607948e-14 	 -5.013235e-15
1 	 433 	 1 	 3 	 2.472205e-14 	 -4.091833e-15
1 	 434 	 1 	 3 	 2.347324e-14 	 -3.340117e-15
1 	 435 	 1 	 3 	 2.241756e-14 	 -2.890064e-15
1 	 436 	 1 	 3 	 2.136188e-14 	 -2.440011e-15
1 	 437 	 1 	 3 	 2.030620e-14 	 -1.989958e-15
1 	 438 	 1 	 3 	 1.925051e-14 	 -1.539905e-15
1 	 439 	 1 	 3 	 1.826098e-14 	 -1.150124e-15
1 	 440 	 1 	 3 	 1.748092e-14 	 -9.512030e-16
1 	 441 	 1 	 3 	 1.670087e-14 	 -7.522823e-16
1 	 442 	 1 	 3 	 1.592081e-14 	 -5.533615e-16
1 	 443 	 1 	 3 	 1.514075e-14 	 -3.544408e-16
1 	 444 	 1 	 3 	 1.438679e-14 	 -1.698584e-16
1 	 445 	 1 	 3 	 1.382420e-14 	 -9.042357e-17
1 	 446 	 1 	 3 	 1.326161e-14 	 -1.098873e-17
1 	 447 	 1 	 3 	 1.269903e-14 	 6.844611e-17
1 	 448 	 1 	 3 	 1.213644e-14 	 1.478810e-16
1 	 449 	 1 	 3 	 1.157385e-14 	 2.273158e-16
1 	 450 	 1 	 3 	 1.116847e-14 	 2.587035e-16
1 	 451 	 1 	 3 	 1.076309e-14 	 2.900912e-16
1 	 452 	 1 	 3 	 1.035771e-14 	 3.214790e-16
1 	 453 	 1 	 3 	 9.952331e-15 	 3.528667e-16
1 	 454 	 1 	 3 	 9.546952e-15 	 3.842544e-16
1 	 455 	 1 	 3 	 9.235924e-15 	 4.035337e-16
1 	 456 	 1 	 3 	 8.937760e-15 	 4.211617e-16
1 	 457 	 1 	 3 	 8.639596e-15 	 4.387898e-16
1 	 458 	 1 	 3 	 8.341433e-15 	 4.564179e-16
1 	 459 	 1 	 3 	 8.043270e-15 	 4.740459e-16
1 	 460 	 1 	 3 	 7.798654e-15 	 4.913725e-16
1 	 461 	 1 	 3 	 7.570948e-15 	 5.086038e-16
1 	 462 	 1 	 3 	 7.343242e-15 	 5.258351e-16
1 	 463 	 1 	 3 	 7.115537e-15 	 5.430665e-16
1 	 464 	 1 	 3 	 6.887831e-15 	 5.602978e-16
1 	 465 	 1 	 3 	 6.689388e-15 	 5.791302e-16
1 	 466 	 1 	 3 	 6.507405e-15 	 5.988632e-16
1 	 467 	 1 	 3 	 6.325423e-15 	 6.185962e-16
1 	 468 	 1 	 3 	 6.143440e-15 	 6.383292e-16
1 	 469 	 1 	 3 	 5.961458e-15 	 6.580622e-16
1 	 470 	 1 	 3 	 5.795192e-15 	 6.783921e-16
1 	 471 	 1 	 3 	 5.643434e-15 	 6.992730e-16
1 	 472 	 1 	 3 	 5.491676e-15 	 7.201539e-16
1 	 473 	 1 	 3 	 5.339918e-15 	 7.410348e-16
1 	 474 	 1 	 3 	 5.188160e-15 	 7.619157e-16
1 	 475 	 1 	 3 	 5.044825e-15 	 7.822975e-16
1 	 476 	 1 	 3 	 4.914124e-15 	 8.019306e-16
1 	 477 	 1 	 3 	 4.783423e-15 	 8.215637e-16
1 	 478 	 1 	 3 	 4.652722e-15 	 8.411968e-16
1 	 479 	 1 	 3 	 4.522021e-15 	 8.608299e-16
1 	 480 	 1 	 3 	 4.395772e-15 	 8.795476e-16
1 	 481 	 1 	 3 	 4.280970e-15 	 8.959111e-16
1 	 482 	 1 	 3 	 4.166168e-15 	 9.122747e-16
1 	 483 	 1 	 3 	 4.051366e-15 	 9.286382e-16
1 	 484 	 1 	 3 	 3.936564e-15 	 9.450017e-16
1 	 485 	 1 	 3 	 3.823852e-15 	 9.606537e-16
1 	 486 	 1 	 3 	 3.722116e-15 	 9.725699e-16
1 	 487 	 1 	 3 	 3.620381e-15 	 9.844861e-16
1 	 488 	 1 	 3 	 3.518645e-15 	 9.964022e-16
1 	 489 	 1 	 3 	 3.416910e-15 	 1.008318e-15
1 	 490 	 1 	 3 	 3.315632e-15 	 1.020042e-15
1 	 491 	 1 	 3 	 3.225339e-15 	 1.027140e-15
1 	 492 	 1 	 3 	 3.135046e-15 	 1.034237e-15
1 	 493 	 1 	 3 	 3.044752e-15 	 1.041335e-15
1 	 494 	 1 	 3 	 2.954459e-15 	 1.048433e-15
1 	 495 	 1 	 3 	 2.864166e-15 	 1.055531e-15
1 	 496 	 1 	 3 	 2.783427e-15 	 1.058393e-15
1 	 497 	 1 	 3 	 2.703518e-15 	 1.060886e-15
1 	 498 	 1 	 3 	 2.623610e-15 	 1.063379e-15
1 	 499 	 1 	 3 	 2.543701e-15 	 1.065873e-15
1 	 500 	 1 	 3 	 2.463793e-15 	 1.068366e-15
1 	 501 	 1 	 3 	 2.391524e-15 	 1.067639e-15
1 	 502 	 1 	 3 	 2.321165e-15 	 1.066107e-15
1 	 503 	 1 	 3 	 2.250806e-15 	 1.064575e-15
1 	 504 	 1 	 3 	 2.180447e-15 	 1.063043e-15
1 	 505 	 1 	 3 	 2.110088e-15 	 1.061511e-15
1 	 506 	 1 	 3 	 2.045685e-15 	 1.057749e-15
1 	 507 	 1 	 3 	 1.984085e-15 	 1.052938e-15
1 	 508 	 1 	 3 	 1.922485e-15 	 1.048126e-15
1 	 509 	 1 	 3 	 1.860884e-15 	 1.043315e-15
1 	 510 	 1 	 3 	 1.799284e-15 	 1.038504e-15
1 	 511 	 1 	 3 	 1.742143e-15 	 1.032281e-15
1 	 512 	 1 	 3 	 1.688504e-15 	 1.024950e-15
1 	 513 	 1 	 3 	 1.634866e-15 	 1.017619e-15
1 	 514 	 1 	 3 	 1.581228e-15 	 1.010288e-15
1 	 515 	 1 	 3 	 1.527590e-15 	 1.002957e-15
1 	 516 	 1 	 3 	 1.477108e-15 	 9.948245e-16
1 	 517 	 1 	 3 	 1.430643e-15 	 9.856712e-16
1 	 518 	 1 	 3 	 1.384179e-15 	 9.765178e-16
1 	 519 	 1 	 3 	 1.337714e-15 	 9.673645e-16
1 	 520 	 1 	 3 	 1.291249e-15 	 9.582111e-16
1 	 521 	 1 	 3 	 1.246833e-15 	 9.486693e-16
1 	 522 	 1 	 3 	 1.206771e-15 	 9.383021e-16
1 	 523 	 1 	 3 	 1.166709e-15 	 9.279350e-16
1 	 524 	 1 	 3 	 1.126647e-15 	 9.175678e-16
1 	 525 	 1 	 3 	 1.086584e-15 	 9.072006e-16
1 	 526 	 1 	 3 	 1.047654e-15 	 8.966911e-16
1 	 527 	 1 	 3 	 1.013252e-15 	 8.856123e-16
1 	 528 	 1 	 3 	 9.788488e-16 	 8.745336e-16
1 	 529 	 1 	 3 	 9.444462e-16 	 8.634548e-16
1 	 530 	 1 	 3 	 9.100435e-16 	 8.523760e-16
1 	 531 	 1 	 3 	 8.760379e-16 	 8.412716e-16
1 	 532 	 1 	 3 	 8.465993e-16 	 8.298722e-16
1 	 533 	 1 	 3 	 8.171606e-16 	 8.184727e-16
1 	 534 	 1 	 3 	 7.877220e-16 	 8.070733e-16
1 	 535 	 1 	 3 	 7.582834e-16 	 7.956738e-16
1 	 536 	 1 	 3 	 7.288447e-16 	 7.842744e-16
1 	 537 	 1 	 3 	 7.035671e-16 	 7.728516e-16
1 	 538 	 1 	 3 	 6.784629e-16 	 7.614279e-16
1 	 539 	 1 	 3 	 6.533585e-16 	 7.500042e-16
1 	 540 	 1 	 3 	 6.282543e-16 	 7.385805e-16
1 	 541 	 1 	 3 	 6.031500e-16 	 7.271568e-16
1 	 542 	 1 	 3 	 5.812130e-16 	 7.159010e-16
1 	 543 	 1 	 3 	 5.598792e-16 	 7.046771e-16
1 	 544 	 1 	 3 	 5.385455e-16 	 6.934533e-16
1 	 545 	 1 	 3 	 5.172118e-16 	 6.822295e-16
1 	 546 	 1 	 3 	 4.958780e-16 	 6.710056e-16
1 	 547 	 1 	 3 	 4.768959e-16 	 6.600440e-16
1 	 548 	 1 	 3 	 4.588282e-16 	 6.491843e-16
1 	 549 	 1 	 3 	 4.407606e-16 	 6.383246e-16
1 	 550 	 1 	 3 	 4.226929e-16 	 6.274649e-16
1 	 551 	 1 	 3 	 4.046253e-16 	 6.166052e-16
1 	 552 	 1 	 3 	 3.882493e-16 	 6.060316e-16
1 	 553 	 1 	 3 	 3.730009e-16 	 5.956489e-16
1 	 554 	 1 	 3 	 3.577525e-16 	 5.852661e-16
1 	 555 	 1 	 3 	 3.425042e-16 	 5.748834e-16
1 	 556 	 1 	 3 	 3.272558e-16 	 5.645006e-16
1 	 557 	 1 	 3 	 3.131734e-16 	 5.543818e-16
1 	 558 	 1 	 3 	 3.003540e-16 	 5.445491e-16
1 	 559 	 1 	 3 	 2.875347e-16 	 5.347164e-16
1 	 560 	 1 	 3 	 2.747153e-16 	 5.248837e-16
1 	 561 	 1 	 3 	 2.618959e-16 	 5.150509e-16
1 	 562 	 1 	 3 	 2.498288e-16 	 5.054325e-16
1 	 563 	 1 	 3 	 2.390989e-16 	 4.961950e-16
1 	 564 	 1 	 3 	 2.283690e-16 	 4.869576e-16
1 	 565 	 1 	 3 	 2.176391e-16 	 4.777202e-16
1 	 566 	 1 	 3 	 2.069092e-16 	 4.684828e-16
1 	 567 	 1 	 3 	 1.966096e-16 	 4.593940e-16
1 	 568 	 1 	 3 	 1.876726e-16 	 4.507764e-16
1 	 569 	 1 	 3 	 1.787356e-16 	 4.421588e-16
1 	 570 	 1 	 3 	 1.697986e-16 	 4.335412e-16
1 	 571 	 1 	 3 	 1.608616e-16 	 4.249236e-16
1 	 572 	 1 	 3 	 1.521086e-16 	 4.163813e-16
1 	 573 	 1 	 3 	 1.447051e-16 	 4.083908e-16
1 	 574 	 1 	 3 	 1.373016e-16 	 4.004005e-16
1 	 575 	 1 	 3 	 1.298982e-16 	 3.924101e-16
1 	 576 	 1 	 3 	 1.224946e-16 	 3.844197e-16
1 	 577 	 1 	 3 	 1.150912e-16 	 3.764293e-16
1 	 578 	 1 	 3 	 1.089956e-16 	 3.690599e-16
1 	 579 	 1 	 3 	 1.029000e-16 	 3.616904e-16
1 	 580 	 1 	 3 	 9.680439e-17 	 3.543210e-16
1 	 581 	 1 	 3 	 9.070880e-17 	 3.469516e-16
1 	 582 	 1 	 3 	 8.461320e-17 	 3.395822e-16
1 	 583 	 1 	 3 	 7.949672e-17 	 3.327452e-16
1 	 584 	 1 	 3 	 7.451374e-17 	 3.259808e-16
1 	 585 	 1 	 3 	 6.953076e-17 	 3.192164e-16
1 	 586 	 1 	 3 	 6.454778e-17 	 3.124520e-16
1 	 587 	 1 	 3 	 5.956480e-17 	 3.056876e-16
1 	 588 	 1 	 3 	 5.529898e-17 	 2.993661e-16
1 	 589 	 1 	 3 	 5.125963e-17 	 2.931844e-16
1 	 590 	 1 	 3 	 4.722029e-17 	 2.870027e-16
1 	 591 	 1 	 3 	 4.318094e-17 	 2.808210e-16
1 	 592 	 1 	 3 	 3.914159e-17 	 2.746392e-16
1 	 593 	 1 	 3 	 3.561244e-17 	 2.688133e-16
1 	 594 	 1 	 3 	 3.237027e-17 	 2.631874e-16
1 	 595 	 1 	 3 	 2.912810e-17 	 2.575616e-16
1 	 596 	 1 	 3 	 2.588593e-17 	 2.519357e-16
1 	 597 	 1 	 3 	 2.264376e-17 	 2.463098e-16
1 	 598 	 1 	 3 	 1.975016e-17 	 2.409574e-16
1 	 599 	 1 	 3 	 1.717834e-17 	 2.358573e-16
1 	 600 	 1 	 3 	 1.460651e-17 	 2.307572e-16
1 	 601 	 1 	 3 	 1.203469e-17 	 2.256571e-16
1 	 602 	 1 	 3 	 9.462861e-18 	 2.205570e-16
1 	 603 	 1 	 3 	 7.115417e-18 	 2.156542e-16
1 	 604 	 1 	 3 	 5.104544e-18 	 2.110476e-16
1 	 605 	 1 	 3 	 3.093672e-18 	 2.064411e-16
1 	 606 	 1 	 3 	 1.082800e-18 	 2.018345e-16
1 	 607 	 1 	 3 	 -9.280722e-19 	 1.972278e-16
1 	 608 	 1 	 3 	 -2.808161e-18 	 1.927501e-16
1 	 609 	 1 	 3 	 -4.351949e-18 	 1.886039e-16
1 	 610 	 1 	 3 	 -5.895738e-18 	 1.844576e-16
1 	 611 	 1 	 3 	 -7.439527e-18 	 1.803113e-16
1 	 612 	 1 	 3 	 -8.983315e-18 	 1.761650e-16
1 	 613 	 1 	 3 	 -1.046521e-17 	 1.720871e-16
1 	 614 	 1 	 3 	 -1.162215e-17 	 1.683680e-16
1 	 615 	 1 	 3 	 -1.277909e-17 	 1.646489e-16
1 	 616 	 1 	 3 	 -1.393603e-17 	 1.609298e-16
1 	 617 	 1 	 3 	 -1.509297e-17 	 1.572108e-16
1 	 618 	 1 	 3 	 -1.623717e-17 	 1.535075e-16
1 	 619 	 1 	 3 	 -1.707561e-17 	 1.501832e-16
1 	 620 	 1 	 3 	 -1.791405e-17 	 1.468589e-16
1 	 621 	 1 	 3 	 -1.875249e-17 	 1.435347e-16
1 	 622 	 1 	 3 	 -1.959093e-17 	 1.402104e-16
1 	 623 	 1 	 3 	 -2.042938e-17 	 1.368861e-16
1 	 624 	 1 	 3 	 -2.102809e-17 	 1.338962e-16
1 	 625 	 1 	 3 	 -2.160596e-17 	 1.309353e-16
1 	 626 	 1 	 3 	 -2.218382e-17 	 1.279744e-16
1 	 627 	 1 	 3 	 -2.276169e-17 	 1.250135e-16
1 	 628 	 1 	 3 	 -2.333956e-17 	 1.220526e-16
1 	 629 	 1 	 3 	 -2.374793e-17 	 1.193581e-16
1 	 630 	 1 	 3 	 -2.411393e-17 	 1.167301e-16
1 	 631 	 1 	 3 	 -2.447993e-17 	 1.141022e-16
1 	 632 	 1 	 3 	 -2.484593e-17 	 1.114743e-16
1 	 633 	 1 	 3 	 -2.521193e-17 	 1.088463e-16
1 	 634 	 1 	 3 	 -2.546152e-17 	 1.064248e-16
1 	 635 	 1 	 3 	 -2.565633e-17 	 1.041004e-16
1 	 636 	 1 	 3 	 -2.585113e-17 	 1.017761e-16
1 	 637 	 1 	 3 	 -2.604594e-17 	 9.945170e-17
1 	 638 	 1 	 3 	 -2.624075e-17 	 9.712732e-17
1 	 639 	 1 	 3 	 -2.635869e-17 	 9.495717e-17
1 	 640 	 1 	 3 	 -2.641624e-17 	 9.290819e-17
1 	 641 	 1 	 3 	 -2.647378e-17 	 9.085920e-17
1 	 1 	 2 	 1 	 7.144153e-20 	 9.548862e-20
1 	 2 	 2 	 1 	 7.231610e-20 	 9.620702e-20
1 	 3 	 2 	 1 	 7.319067e-20 	 9.692541e-20
1 	 4 	 2 	 1 	 7.406523e-20 	 9.764381e-20
1 	 5 	 2 	 1 	 7.493980e-20 	 9.836221e-20
1 	 6 	 2 	 1 	 7.581437e-20 	 9.908060e-20
1 	 7 	 2 	 1 	 7.662365e-20 	 9.988497e-20
1 	 8 	 2 	 1 	 7.742402e-20 	 1.007011e-19
1 	 9 	 2 	 1 	 7.822440e-20 	 1.015172e-19
1 	 10 	 2 	 1 	 7.902477e-20 	 1.023333e-19
1 	 11 	 2 	 1 	 7.982515e-20 	 1.031494e-19
1 	 12 	 2 	 1 	 8.063330e-20 	 1.038510e-19
1 	 13 	 2 	 1 	 8.144391e-20 	 1.045165e-19
1 	 14 	 2 	 1 	 8.225452e-20 	 1.051820e-19
1 	 15 	 2 	 1 	 8.306513e-20 	 1.058475e-19
1 	 16 	 2 	 1 	 8.387574e-20 	 1.065130e-19
1 	 17 	 2 	 1 	 8.465181e-20 	 1.070992e-19
1 	 18 	 2 	 1 	 8.540846e-20 	 1.076409e-19
1 	 19 	 2 	 1 	 8.616511e-20 	 1.081825e-19
1 	 20 	 2 	 1 	 8.692176e-20 	 1.087242e-19
1 	 21 	 2 	 1 	 8.767840e-20 	 1.092658e-19
1 	 22 	 2 	 1 	 8.840146e-20 	 1.098833e-19
1 	 23 	 2 	 1 	 8.909349e-20 	 1.105707e-19
1 	 24 	 2 	 1 	 8.978552e-20 	 1.112582e-19
1 	 25 	 2 	 1 	 9.047756e-20 	 1.119457e-19
1 	 26 	 2 	 1 	 9.116960e-20 	 1.126332e-19
1 	 27 	 2 	 1 	 9.187896e-20 	 1.133659e-19
1 	 28 	 2 	 1 	 9.261431e-20 	 1.141664e-19
1 	 29 	 2 	 1 	 9.334967e-20 	 1.149670e-19
1 	 30 	 2 	 1 	 9.408503e-20 	 1.157675e-19
1 	 31 	 2 	 1 	 9.482039e-20 	 1.165681e-19
1 	 32 	 2 	 1 	 9.557092e-20 	 1.173422e-19
1 	 33 	 2 	 1 	 9.636052e-20 	 1.180485e-19
1 	 34 	 2 	 1 	 9.715011e-20 	 1.187548e-19
1 	 35 	 2 	 1 	 9.793971e-20 	 1.194610e-19
1 	 36 	 2 	 1 	 9.872931e-20 	 1.201673e-19
1 	 37 	 2 	 1 	 9.951236e-20 	 1.208581e-19
1 	 38 	 2 	 1 	 1.002611e-19 	 1.214678e-19
1 	 39 	 2 	 1 	 1.010098e-19 	 1.220775e-19
1 	 40 	 2 	 1 	 1.017586e-19 	 1.226872e-19
1 	 41 	 2 	 1 	 1.025073e-19 	 1.232969e-19
1 	 42 	 2 	 1 	 1.032552e-19 	 1.239088e-19
1 	 43 	 2 	 1 	 1.039832e-19 	 1.245732e-19
1 	 44 	 2 	 1 	 1.047113e-19 	 1.252377e-19
1 	 45 	 2 	 1 	 1.054394e-19 	 1.259021e-19
1 	 46 	 2 	 1 	 1.061674e-19 	 1.265665e-19
1 	 47 	 2 	 1 	 1.068955e-19 	 1.272309e-19
1 	 48 	 2 	 1 	 1.076770e-19 	 1.279285e-19
1 	 49 	 2 	 1 	 1.084631e-19 	 1.286290e-19
1 	 50 	 2 	 1 	 1.092492e-19 	 1.293295e-19
1 	 51 	 2 	 1 	 1.100353e-19 	 1.300300e-19
1 	 52 	 2 	 1 	 1.108215e-19 	 1.307305e-19
1 	 53 	 2 	 1 	 1.116021e-19 	 1.313522e-19
1 	 54 	 2 	 1 	 1.123814e-19 	 1.319541e-19
1 	 55 	 2 	 1 	 1.131607e-19 	 1.325560e-19
1 	 56 	 2 	 1 	 1.139400e-19 	 1.331579e-19
1 	 57 	 2 	 1 	 1.147193e-19 	 1.337598e-19
1 	 58 	 2 	 1 	 1.154951e-19 	 1.343518e-19
1 	 59 	 2 	 1 	 1.162691e-19 	 1.349392e-19
1 	 60 	 2 	 1 	 1.170432e-19 	 1.355266e-19
1 	 61 	 2 	 1 	 1.178172e-19 	 1.361140e-19
1 	 62 	 2 	 1 	 1.185913e-19 	 1.367014e-19
1 	 63 	 2 	 1 	 1.194079e-19 	 1.373471e-19
1 	 64 	 2 	 1 	 1.202580e-19 	 1.380387e-19
1 	 65 	 2 	 1 	 1.211081e-19 	 1.387302e-19
1 	 66 	 2 	 1 	 1.219582e-19 	 1.394218e-19
1 	 67 	 2 	 1 	 1.228083e-19 	 1.401133e-19
1 	 68 	 2 	 1 	 1.237018e-19 	 1.408082e-19
1 	 69 	 2 	 1 	 1.246506e-19 	 1.415073e-19
1 	 70 	 2 	 1 	 1.255994e-19 	 1.422064e-19
1 	 71 	 2 	 1 	 1.265482e-19 	 1.429054e-19
1 	 72 	 2 	 1 	 1.274971e-19 	 1.436045e-19
1 	 73 	 2 	 1 	 1.284395e-19 	 1.442788e-19
1 	 74 	 2 	 1 	 1.293684e-19 	 1.449003e-19
1 	 75 	 2 	 1 	 1.302973e-19 	 1.455219e-19
1 	 76 	 2 	 1 	 1.312262e-19 	 1.461434e-19
1 	 77 	 2 	 1 	 1.321552e-19 	 1.467650e-19
1 	 78 	 2 	 1 	 1.330799e-19 	 1.474065e-19
1 	 79 	 2 	 1 	 1.339882e-19 	 1.481283e-19
1 	 80 	 2 	 1 	 1.348964e-19 	 1.488501e-19
1 	 81 	 2 	 1 	 1.358047e-19 	 1.495719e-19
1 	 82 	 2 	 1 	 1.367129e-19 	 1.502937e-19
1 	 83 	 2 	 1 	 1.376288e-19 	 1.510343e-19
1 	 84 	 2 	 1 	 1.386320e-19 	 1.519904e-19
1 	 85 	 2 	 1 	 1.396353e-19 	 1.529466e-19
1 	 86 	 2 	 1 	 1.406386e-19 	 1.539027e-19
1 	 87 	 2 	 1 	 1.416419e-19 	 1.548589e-19
1 	 88 	 2 	 1 	 1.426452e-19 	 1.558150e-19
1 	 89 	 2 	 1 	 1.437210e-19 	 1.568473e-19
1 	 90 	 2 	 1 	 1.447999e-19 	 1.578828e-19
1 	 91 	 2 	 1 	 1.458788e-19 	 1.589183e-19
1 	 92 	 2 	 1 	 1.469576e-19 	 1.599538e-19
1 	 93 	 2 	 1 	 1.480365e-19 	 1.609892e-19
1 	 94 	 2 	 1 	 1.491296e-19 	 1.619776e-19
1 	 95 	 2 	 1 	 1.502254e-19 	 1.629570e-19
1 	 96 	 2 	 1 	 1.513212e-19 	 1.639365e-19
1 	 97 	 2 	 1 	 1.524169e-19 	 1.649159e-19
1 	 98 	 2 	 1 	 1.535127e-19 	 1.658953e-19
1 	 99 	 2 	 1 	 1.546310e-19 	 1.669248e-19
1 	 100 	 2 	 1 	 1.557581e-19 	 1.679737e-19
1 	 101 	 2 	 1 	 1.568852e-19 	 1.690225e-19
1 	 102 	 2 	 1 	 1.580122e-19 	 1.700714e-19
1 	 103 	 2 	 1 	 1.591393e-19 	 1.711203e-19
1 	 104 	 2 	 1 	 1.603390e-19 	 1.722222e-19
1 	 105 	 2 	 1 	 1.615872e-19 	 1.733594e-19
1 	 106 	 2 	 1 	 1.628353e-19 	 1.744966e-19
1 	 107 	 2 	 1 	 1.640835e-19 	 1.756339e-19
1 	 108 	 2 	 1 	 1.653316e-19 	 1.767711e-19
1 	 109 	 2 	 1 	 1.666296e-19 	 1.779195e-19
1 	 110 	 2 	 1 	 1.679815e-19 	 1.790800e-19
1 	 111 	 2 	 1 	 1.693334e-19 	 1.802405e-19
1 	 112 	 2 	 1 	 1.706853e-19 	 1.814010e-19
1 	 113 	 2 	 1 	 1.720372e-19 	 1.825615e-19
1 	 114 	 2 	 1 	 1.734144e-19 	 1.837506e-19
1 	 115 	 2 	 1 	 1.748367e-19 	 1.849904e-19
1 	 116 	 2 	 1 	 1.762591e-19 	 1.862303e-19
1 	 117 	 2 	 1 	 1.776814e-19 	 1.874701e-19
1 	 118 	 2 	 1 	 1.791037e-19 	 1.887099e-19
1 	 119 	 2 	 1 	 1.805591e-19 	 1.899974e-19
1 	 120 	 2 	 1 	 1.821191e-19 	 1.914354e-19
1 	 121 	 2 	 1 	 1.836790e-19 	 1.928735e-19
1 	 122 	 2 	 1 	 1.852390e-19 	 1.943116e-19
1 	 123 	 2 	 1 	 1.867990e-19 	 1.957497e-19
1 	 124 	 2 	 1 	 1.883799e-19 	 1.972059e-19
1 	 125 	 2 	 1 	 1.901147e-19 	 1.987951e-19
1 	 126 	 2 	 1 	 1.918494e-19 	 2.003843e-19
1 	 127 	 2 	 1 	 1.935842e-19 	 2.019735e-19
1 	 128 	 2 	 1 	 1.953189e-19 	 2.035627e-19
1 	 129 	 2 	 1 	 1.970537e-19 	 2.051519e-19
1 	 130 	 2 	 1 	 1.988918e-19 	 2.068133e-19
1 	 131 	 2 	 1 	 2.007299e-19 	 2.084747e-19
1 	 132 	 2 	 1 	 2.025679e-19 	 2.101362e-19
1 	 133 	 2 	 1 	 2.044060e-19 	 2.117976e-19
1 	 134 	 2 	 1 	 2.062441e-19 	 2.134590e-19
1 	 135 	 2 	 1 	 2.081363e-19 	 2.152786e-19
1 	 136 	 2 	 1 	 2.100359e-19 	 2.171198e-19
1 	 137 	 2 	 1 	 2.119355e-19 	 2.189610e-19
1 	 138 	 2 	 1 	 2.138351e-19 	 2.208021e-19
1 	 139 	 2 	 1 	 2.157348e-19 	 2.226433e-19
1 	 140 	 2 	 1 	 2.177189e-19 	 2.245977e-19
1 	 141 	 2 	 1 	 2.197298e-19 	 2.265879e-19
1 	 142 	 2 	 1 	 2.217407e-19 	 2.285781e-19
1 	 143 	 2 	 1 	 2.237515e-19 	 2.305683e-19
1 	 144 	 2 	 1 	 2.257624e-19 	 2.325585e-19
1 	 145 	 2 	 1 	 2.279196e-19 	 2.345765e-19
1 	 146 	 2 	 1 	 2.301591e-19 	 2.366101e-19
1 	 147 	 2 	 1 	 2.323986e-19 	 2.386437e-19
1 	 148 	 2 	 1 	 2.346382e-19 	 2.406772e-19
1 	 149 	 2 	 1 	 2.368777e-19 	 2.427108e-19
1 	 150 	 2 	 1 	 2.392329e-19 	 2.447862e-19
1 	 151 	 2 	 1 	 2.416949e-19 	 2.469000e-19
1 	 152 	 2 	 1 	 2.441569e-19 	 2.490138e-19
1 	 153 	 2 	 1 	 2.466189e-19 	 2.511277e-19
1 	 154 	 2 	 1 	 2.490809e-19 	 2.532415e-19
1 	 155 	 2 	 1 	 2.516407e-19 	 2.554075e-19
1 	 156 	 2 	 1 	 2.543470e-19 	 2.576517e-19
1 	 157 	 2 	 1 	 2.570533e-19 	 2.598959e-19
1 	 158 	 2 	 1 	 2.597596e-19 	 2.621402e-19
1 	 159 	 2 	 1 	 2.624660e-19 	 2.643844e-19
1 	 160 	 2 	 1 	 2.652574e-19 	 2.666346e-19
1 	 161 	 2 	 1 	 2.682677e-19 	 2.689003e-19
1 	 162 	 2 	 1 	 2.712780e-19 	 2.711661e-19
1 	 163 	 2 	 1 	 2.742884e-19 	 2.734318e-19
1 	 164 	 2 	 1 	 2.772987e-19 	 2.756975e-19
1 	 165 	 2 	 1 	 2.803543e-19 	 2.779534e-19
1 	 166 	 2 	 1 	 2.836474e-19 	 2.801579e-19
1 	 167 	 2 	 1 	 2.869406e-19 	 2.823625e-19
1 	 168 	 2 	 1 	 2.902337e-19 	 2.845670e-19
1 	 169 	 2 	 1 	 2.935268e-19 	 2.867715e-19
1 	 170 	 2 	 1 	 2.968312e-19 	 2.889751e-19
1 	 171 	 2 	 1 	 3.004038e-19 	 2.911570e-19
1 	 172 	 2 	 1 	 3.039764e-19 	 2.933390e-19
1 	 173 	 2 	 1 	 3.075490e-19 	 2.955209e-19
1 	 174 	 2 	 1 	 3.111216e-19 	 2.977028e-19
1 	 175 	 2 	 1 	 3.146942e-19 	 2.998847e-19
1 	 176 	 2 	 1 	 3.185285e-19 	 3.020064e-19
1 	 177 	 2 	 1 	 3.223856e-19 	 3.041228e-19
1 	 178 	 2 	 1 	 3.262426e-19 	 3.062393e-19
1 	 179 	 2 	 1 	 3.300997e-19 	 3.083557e-19
1 	 180 	 2 	 1 	 3.339567e-19 	 3.104722e-19
1 	 181 	 2 	 1 	 3.380281e-19 	 3.123433e-19
1 	 182 	 2 	 1 	 3.421531e-19 	 3.141531e-19
1 	 183 	 2 	 1 	 3.462780e-19 	 3.159629e-19
1 	 184 	 2 	 1 	 3.504030e-19 	 3.177727e-19
1 	 185 	 2 	 1 	 3.545280e-19 	 3.195825e-19
1 	 186 	 2 	 1 	 3.587787e-19 	 3.211244e-19
1 	 187 	 2 	 1 	 3.630884e-19 	 3.225403e-19
1 	 188 	 2 	 1 	 3.673982e-19 	 3.239562e-19
1 	 189 	 2 	 1 	 3.717080e-19 	 3.253721e-19
1 	 190 	 2 	 1 	 3.760178e-19 	 3.267880e-19
1 	 191 	 2 	 1 	 3.803981e-19 	 3.279530e-19
1 	 192 	 2 	 1 	 3.848338e-19 	 3.289209e-19
1 	 193 	 2 	 1 	 3.892694e-19 	 3.298889e-19
1 	 194 	 2 	 1 	 3.937051e-19 	 3.308568e-19
1 	 195 	 2 	 1 	 3.981407e-19 	 3.318247e-19
1 	 196 	 2 	 1 	 4.026352e-19 	 3.324760e-19
1 	 197 	 2 	 1 	 4.072044e-19 	 3.327244e-19
1 	 198 	 2 	 1 	 4.117737e-19 	 3.329728e-19
1 	 199 	 2 	 1 	 4.163429e-19 	 3.332213e-19
1 	 200 	 2 	 1 	 4.209122e-19 	 3.334697e-19
1 	 201 	 2 	 1 	 4.254896e-19 	 3.334088e-19
1 	 202 	 2 	 1 	 4.300842e-19 	 3.326905e-19
1 	 203 	 2 	 1 	 4.346788e-19 	 3.319722e-19
1 	 204 	 2 	 1 	 4.392735e-19 	 3.312539e-19
1 	 205 	 2 	 1 	 4.438681e-19 	 3.305357e-19
1 	 206 	 2 	 1 	 4.484285e-19 	 3.296057e-19
1 	 207 	 2 	 1 	 4.528521e-19 	 3.278289e-19
1 	 208 	 2 	 1 	 4.572756e-19 	 3.260521e-19
1 	 209 	 2 	 1 	 4.616992e-19 	 3.242753e-19
1 	 210 	 2 	 1 	 4.661227e-19 	 3.224985e-19
1 	 211 	 2 	 1 	 4.705251e-19 	 3.206206e-19
1 	 212 	 2 	 1 	 4.746837e-19 	 3.175795e-19
1 	 213 	 2 	 1 	 4.788423e-19 	 3.145385e-19
1 	 214 	 2 	 1 	 4.830008e-19 	 3.114975e-19
1 	 215 	 2 	 1 	 4.871594e-19 	 3.084564e-19
1 	 216 	 2 	 1 	 4.913180e-19 	 3.054154e-19
1 	 217 	 2 	 1 	 4.949956e-19 	 3.008465e-19
1 	 218 	 2 	 1 	 4.986531e-19 	 2.962140e-19
1 	 219 	 2 	 1 	 5.023105e-19 	 2.915815e-19
1 	 220 	 2 	 1 	 5.059680e-19 	 2.869490e-19
1 	 221 	 2 	 1 	 5.096255e-19 	 2.823164e-19
1 	 222 	 2 	 1 	 5.125229e-19 	 2.760814e-19
1 	 223 	 2 	 1 	 5.152755e-19 	 2.695410e-19
1 	 224 	 2 	 1 	 5.180281e-19 	 2.630007e-19
1 	 225 	 2 	 1 	 5.207808e-19 	 2.564603e-19
1 	 226 	 2 	 1 	 5.235334e-19 	 2.499200e-19
1 	 227 	 2 	 1 	 5.252917e-19 	 2.418095e-19
1 	 228 	 2 	 1 	 5.266635e-19 	 2.330885e-19
1 	 229 	 2 	 1 	 5.280351e-19 	 2.243674e-19
1 	 230 	 2 	 1 	 5.294069e-19 	 2.156463e-19
1 	 231 	 2 	 1 	 5.307785e-19 	 2.069252e-19
1 	 232 	 2 	 1 	 5.310221e-19 	 1.967354e-19
1 	 233 	 2 	 1 	 5.305137e-19 	 1.855664e-19
1 	 234 	 2 	 1 	 5.300052e-19 	 1.743973e-19
1 	 235 	 2 	 1 	 5.294968e-19 	 1.632283e-19
1 	 236 	 2 	 1 	 5.289883e-19 	 1.520592e-19
1 	 237 	 2 	 1 	 5.272575e-19 	 1.395808e-19
1 	 238 	 2 	 1 	 5.242026e-19 	 1.256837e-19
1 	 239 	 2 	 1 	 5.211476e-19 	 1.117867e-19
1 	 240 	 2 	 1 	 5.180926e-19 	 9.788968e-20
1 	 241 	 2 	 1 	 5.150376e-19 	 8.399266e-20
1 	 242 	 2 	 1 	 5.107511e-19 	 6.901908e-20
1 	 243 	 2 	 1 	 5.042752e-19 	 5.213163e-20
1 	 244 	 2 	 1 	 4.977993e-19 	 3.524419e-20
1 	 245 	 2 	 1 	 4.913234e-19 	 1.835674e-20
1 	 246 	 2 	 1 	 4.848475e-19 	 1.469292e-21
1 	 247 	 2 	 1 	 4.773091e-19 	 -1.616994e-20
1 	 248 	 2 	 1 	 4.664059e-19 	 -3.618982e-20
1 	 249 	 2 	 1 	 4.555028e-19 	 -5.620970e-20
1 	 250 	 2 	 1 	 4.445997e-19 	 -7.622958e-20
1 	 251 	 2 	 1 	 4.336966e-19 	 -9.624946e-20
1 	 252 	 2 	 1 	 4.221295e-19 	 -1.166238e-19
1 	 253 	 2 	 1 	 4.056930e-19 	 -1.395980e-19
1 	 254 	 2 	 1 	 3.892564e-19 	 -1.625721e-19
1 	 255 	 2 	 1 	 3.728199e-19 	 -1.855462e-19
1 	 256 	 2 	 1 	 3.563834e-19 	 -2.085203e-19
1 	 257 	 2 	 1 	 3.399469e-19 	 -2.314945e-19
1 	 258 	 2 	 1 	 3.167646e-19 	 -2.569068e-19
1 	 259 	 2 	 1 	 2.935823e-19 	 -2.823191e-19
1 	 260 	 2 	 1 	 2.704001e-19 	 -3.077315e-19
1 	 261 	 2 	 1 	 2.472178e-19 	 -3.331438e-19
1 	 262 	 2 	 1 	 2.240356e-19 	 -3.585562e-19
1 	 263 	 2 	 1 	 1.939058e-19 	 -3.854484e-19
1 	 264 	 2 	 1 	 1.628287e-19 	 -4.125424e-19
1 	 265 	 2 	 1 	 1.317516e-19 	 -4.396364e-19
1 	 266 	 2 	 1 	 1.006745e-19 	 -4.667304e-19
1 	 267 	 2 	 1 	 6.959741e-20 	 -4.938244e-19
1 	 268 	 2 	 1 	 3.177553e-20 	 -5.214222e-19
1 	 269 	 2 	 1 	 -8.176281e-21 	 -5.491791e-19
1 	 270 	 2 	 1 	 -4.812810e-20 	 -5.769360e-19
1 	 271 	 2 	 1 	 -8.807991e-20 	 -6.046929e-19
1 	 272 	 2 	 1 	 -1.280317e-19 	 -6.324498e-19
1 	 273 	 2 	 1 	 -1.739879e-19 	 -6.596874e-19
1 	 274 	 2 	 1 	 -2.233217e-19 	 -6.866330e-19
1 	 275 	 2 	 1 	 -2.726554e-19 	 -7.135786e-19
1 	 276 	 2 	 1 	 -3.219890e-19 	 -7.405241e-19
1 	 277 	 2 	 1 	 -3.713227e-19 	 -7.674698e-19
1 	 278 	 2 	 1 	 -4.253322e-19 	 -7.930868e-19
1 	 279 	 2 	 1 	 -4.836578e-19 	 -8.174775e-19
1 	 280 	 2 	 1 	 -5.419834e-19 	 -8.418682e-19
1 	 281 	 2 	 1 	 -6.003091e-19 	 -8.662590e-19
1 	 282 	 2 	 1 	 -6.586347e-19 	 -8.906498e-19
1 	 283 	 2 	 1 	 -7.199404e-19 	 -9.133823e-19
1 	 284 	 2 	 1 	 -7.857165e-19 	 -9.336279e-19
1 	 285 	 2 	 1 	 -8.514926e-19 	 -9.538734e-19
1 	 286 	 2 	 1 	 -9.172687e-19 	 -9.741189e-19
1 	 287 	 2 	 1 	 -9.830449e-19 	 -9.943644e-19
1 	 288 	 2 	 1 	 -1.050146e-18 	 -1.013099e-18
1 	 289 	 2 	 1 	 -1.120656e-18 	 -1.027948e-18
1 	 290 	 2 	 1 	 -1.191165e-18 	 -1.042797e-18
1 	 291 	 2 	 1 	 -1.261674e-18 	 -1.057646e-18
1 	 292 	 2 	 1 	 -1.332184e-18 	 -1.072495e-18
1 	 293 	 2 	 1 	 -1.402806e-18 	 -1.086399e-18
1 	 294 	 2 	 1 	 -1.474016e-18 	 -1.095339e-18
1 	 295 	 2 	 1 	 -1.545226e-18 	 -1.104279e-18
1 	 296 	 2 	 1 	 -1.616437e-18 	 -1.113219e-18
1 	 297 	 2 	 1 	 -1.687647e-18 	 -1.122160e-18
1 	 298 	 2 	 1 	 -1.758681e-18 	 -1.130887e-18
1 	 299 	 2 	 1 	 -1.825489e-18 	 -1.134519e-18
1 	 300 	 2 	 1 	 -1.892296e-18 	 -1.138150e-18
1 	 301 	 2 	 1 	 -1.959104e-18 	 -1.141782e-18
1 	 302 	 2 	 1 	 -2.025912e-18 	 -1.145413e-18
1 	 303 	 2 	 1 	 -2.092719e-18 	 -1.149045e-18
1 	 304 	 2 	 1 	 -2.150202e-18 	 -1.149065e-18
1 	 305 	 2 	 1 	 -2.206873e-18 	 -1.148771e-18
1 	 306 	 2 	 1 	 -2.263545e-18 	 -1.148478e-18
1 	 307 	 2 	 1 	 -2.320216e-18 	 -1.148184e-18
1 	 308 	 2 	 1 	 -2.376888e-18 	 -1.147890e-18
1 	 309 	 2 	 1 	 -2.421139e-18 	 -1.146152e-18
1 	 310 	 2 	 1 	 -2.462285e-18 	 -1.144052e-18
1 	 311 	 2 	 1 	 -2.503432e-18 	 -1.141952e-18
1 	 312 	 2 	 1 	 -2.544578e-18 	 -1.139852e-18
1 	 313 	 2 	 1 	 -2.585724e-18 	 -1.137752e-18
1 	 314 	 2 	 1 	 -2.613581e-18 	 -1.135918e-18
1 	 315 	 2 	 1 	 -2.635184e-18 	 -1.134208e-18
1 	 316 	 2 	 1 	 -2.656788e-18 	 -1.132498e-18
1 	 317 	 2 	 1 	 -2.678391e-18 	 -1.130789e-18
1 	 318 	 2 	 1 	 -2.699994e-18 	 -1.129080e-18
1 	 319 	 2 	 1 	 -2.709481e-18 	 -1.128310e-18
1 	 320 	 2 	 1 	 -2.709446e-18 	 -1.128279e-18
1 	 321 	 2 	 1 	 -2.709412e-18 	 -1.128248e-18
1 	 322 	 2 	 1 	 -2.709378e-18 	 -1.128217e-18
1 	 323 	 2 	 1 	 -2.709344e-18 	 -1.128186e-18
1 	 324 	 2 	 1 	 -2.699782e-18 	 -1.128866e-18
1 	 325 	 2 	 1 	 -2.678095e-18 	 -1.130450e-18
1 	 326 	 2 	 1 	 -2.656409e-18 	 -1.132034e-18
1 	 327 	 2 	 1 	 -2.634722e-18 	 -1.133618e-18
1 	 328 	 2 	 1 	 -2.613035e-18 	 -1.135202e-18
1 	 329 	 2 	 1 	 -2.585123e-18 	 -1.136901e-18
1 	 330 	 2 	 1 	 -2.543983e-18 	 -1.138845e-18
1 	 331 	 2 	 1 	 -2.502842e-18 	 -1.140788e-18
1 	 332 	 2 	 1 	 -2.461702e-18 	 -1.142732e-18
1 	 333 	 2 	 1 	 -2.420561e-18 	 -1.144676e-18
1 	 334 	 2 	 1 	 -2.376342e-18 	 -1.146274e-18
1 	 335 	 2 	 1 	 -2.319806e-18 	 -1.146490e-18
1 	 336 	 2 	 1 	 -2.263270e-18 	 -1.146706e-18
1 	 337 	 2 	 1 	 -2.206735e-18 	 -1.146922e-18
1 	 338 	 2 	 1 	 -2.150199e-18 	 -1.147138e-18
1 	 339 	 2 	 1 	 -2.092856e-18 	 -1.147045e-18
1 	 340 	 2 	 1 	 -2.026230e-18 	 -1.143395e-18
1 	 341 	 2 	 1 	 -1.959604e-18 	 -1.139746e-18
1 	 342 	 2 	 1 	 -1.892977e-18 	 -1.136096e-18
1 	 343 	 2 	 1 	 -1.826351e-18 	 -1.132447e-18
1 	 344 	 2 	 1 	 -1.759725e-18 	 -1.128797e-18
1 	 345 	 2 	 1 	 -1.688858e-18 	 -1.120038e-18
1 	 346 	 2 	 1 	 -1.617813e-18 	 -1.111067e-18
1 	 347 	 2 	 1 	 -1.546769e-18 	 -1.102095e-18
1 	 348 	 2 	 1 	 -1.475725e-18 	 -1.093123e-18
1 	 349 	 2 	 1 	 -1.404681e-18 	 -1.084151e-18
1 	 350 	 2 	 1 	 -1.334158e-18 	 -1.070267e-18
1 	 351 	 2 	 1 	 -1.263736e-18 	 -1.055447e-18
1 	 352 	 2 	 1 	 -1.193313e-18 	 -1.040628e-18
1 	 353 	 2 	 1 	 -1.122890e-18 	 -1.025808e-18
1 	 354 	 2 	 1 	 -1.052468e-18 	 -1.010989e-18
1 	 355 	 2 	 1 	 -9.854319e-19 	 -9.923096e-19
1 	 356 	 2 	 1 	 -9.197136e-19 	 -9.721300e-19
1 	 357 	 2 	 1 	 -8.539952e-19 	 -9.519502e-19
1 	 358 	 2 	 1 	 -7.882768e-19 	 -9.317704e-19
1 	 359 	 2 	 1 	 -7.225584e-19 	 -9.115907e-19
1 	 360 	 2 	 1 	 -6.613033e-19 	 -8.889325e-19
1 	 361 	 2 	 1 	 -6.030237e-19 	 -8.646222e-19
1 	 362 	 2 	 1 	 -5.447441e-19 	 -8.403118e-19
1 	 363 	 2 	 1 	 -4.864645e-19 	 -8.160015e-19
1 	 364 	 2 	 1 	 -4.281848e-19 	 -7.916912e-19
1 	 365 	 2 	 1 	 -3.741672e-19 	 -7.661840e-19
1 	 366 	 2 	 1 	 -3.247665e-19 	 -7.393803e-19
1 	 367 	 2 	 1 	 -2.753659e-19 	 -7.125767e-19
1 	 368 	 2 	 1 	 -2.259653e-19 	 -6.857729e-19
1 	 369 	 2 	 1 	 -1.765647e-19 	 -6.589692e-19
1 	 370 	 2 	 1 	 -1.305249e-19 	 -6.318648e-19
1 	 371 	 2 	 1 	 -9.045988e-20 	 -6.042257e-19
1 	 372 	 2 	 1 	 -5.039488e-20 	 -5.765865e-19
1 	 373 	 2 	 1 	 -1.032989e-20 	 -5.489474e-19
1 	 374 	 2 	 1 	 2.973510e-20 	 -5.213083e-19
1 	 375 	 2 	 1 	 6.768327e-20 	 -4.938111e-19
1 	 376 	 2 	 1 	 9.892813e-20 	 -4.667635e-19
1 	 377 	 2 	 1 	 1.301730e-19 	 -4.397158e-19
1 	 378 	 2 	 1 	 1.614179e-19 	 -4.126682e-19
1 	 379 	 2 	 1 	 1.926627e-19 	 -3.856206e-19
1 	 380 	 2 	 1 	 2.229646e-19 	 -3.587806e-19
1 	 381 	 2 	 1 	 2.463509e-19 	 -3.334636e-19
1 	 382 	 2 	 1 	 2.697372e-19 	 -3.081466e-19
1 	 383 	 2 	 1 	 2.931235e-19 	 -2.828296e-19
1 	 384 	 2 	 1 	 3.165098e-19 	 -2.575125e-19
1 	 385 	 2 	 1 	 3.398961e-19 	 -2.321955e-19
1 	 386 	 2 	 1 	 3.564853e-19 	 -2.093196e-19
1 	 387 	 2 	 1 	 3.730745e-19 	 -1.864437e-19
1 	 388 	 2 	 1 	 3.896638e-19 	 -1.635678e-19
1 	 389 	 2 	 1 	 4.062530e-19 	 -1.406919e-19
1 	 390 	 2 	 1 	 4.228422e-19 	 -1.178160e-19
1 	 391 	 2 	 1 	 4.344513e-19 	 -9.747675e-20
1 	 392 	 2 	 1 	 4.453813e-19 	 -7.748341e-20
1 	 393 	 2 	 1 	 4.563113e-19 	 -5.749007e-20
1 	 394 	 2 	 1 	 4.672413e-19 	 -3.749672e-20
1 	 395 	 2 	 1 	 4.781712e-19 	 -1.750338e-20
1 	 396 	 2 	 1 	 4.856584e-19 	 1.724909e-22
1 	 397 	 2 	 1 	 4.920584e-19 	 1.711653e-20
1 	 398 	 2 	 1 	 4.984584e-19 	 3.406056e-20
1 	 399 	 2 	 1 	 5.048583e-19 	 5.100459e-20
1 	 400 	 2 	 1 	 5.112583e-19 	 6.794863e-20
1 	 401 	 2 	 1 	 5.154397e-19 	 8.300410e-20
1 	 402 	 2 	 1 	 5.183731e-19 	 9.699726e-20
1 	 403 	 2 	 1 	 5.213065e-19 	 1.109904e-19
1 	 404 	 2 	 1 	 5.242400e-19 	 1.249836e-19
1 	 405 	 2 	 1 	 5.271734e-19 	 1.389767e-19
1 	 406 	 2 	 1 	 5.287790e-19 	 1.515593e-19
1 	 407 	 2 	 1 	 5.291588e-19 	 1.628398e-19
1 	 408 	 2 	 1 	 5.295386e-19 	 1.741203e-19
1 	 409 	 2 	 1 	 5.299185e-19 	 1.854008e-19
1 	 410 	 2 	 1 	 5.302983e-19 	 1.966813e-19
1 	 411 	 2 	 1 	 5.299388e-19 	 2.069917e-19
1 	 412 	 2 	 1 	 5.284705e-19 	 2.158468e-19
1 	 413 	 2 	 1 	 5.270022e-19 	 2.247020e-19
1 	 414 	 2 	 1 	 5.255338e-19 	 2.335572e-19
1 	 415 	 2 	 1 	 5.240655e-19 	 2.424123e-19
1 	 416 	 2 	 1 	 5.222300e-19 	 2.506559e-19
1 	 417 	 2 	 1 	 5.194506e-19 	 2.573269e-19
1 	 418 	 2 	 1 	 5.166710e-19 	 2.639978e-19
1 	 419 	 2 	 1 	 5.138915e-19 	 2.706688e-19
1 	 420 	 2 	 1 	 5.111120e-19 	 2.773397e-19
1 	 421 	 2 	 1 	 5.081856e-19 	 2.836991e-19
1 	 422 	 2 	 1 	 5.044877e-19 	 2.884225e-19
1 	 423 	 2 	 1 	 5.007899e-19 	 2.931459e-19
1 	 424 	 2 	 1 	 4.970921e-19 	 2.978693e-19
1 	 425 	 2 	 1 	 4.933943e-19 	 3.025927e-19
1 	 426 	 2 	 1 	 4.896761e-19 	 3.072483e-19
1 	 427 	 2 	 1 	 4.854697e-19 	 3.102751e-19
1 	 428 	 2 	 1 	 4.812632e-19 	 3.133019e-19
1 	 429 	 2 	 1 	 4.770568e-19 	 3.163287e-19
1 	 430 	 2 	 1 	 4.728504e-19 	 3.193556e-19
1 	 431 	 2 	 1 	 4.686440e-19 	 3.223824e-19
1 	 432 	 2 	 1 	 4.642045e-19 	 3.241310e-19
1 	 433 	 2 	 1 	 4.597448e-19 	 3.257686e-19
1 	 434 	 2 	 1 	 4.552850e-19 	 3.274061e-19
1 	 435 	 2 	 1 	 4.508252e-19 	 3.290436e-19
1 	 436 	 2 	 1 	 4.463654e-19 	 3.306811e-19
1 	 437 	 2 	 1 	 4.418274e-19 	 3.314670e-19
1 	 438 	 2 	 1 	 4.372696e-19 	 3.320399e-19
1 	 439 	 2 	 1 	 4.327120e-19 	 3.326128e-19
1 	 440 	 2 	 1 	 4.281543e-19 	 3.331857e-19
1 	 441 	 2 	 1 	 4.235966e-19 	 3.337586e-19
1 	 442 	 2 	 1 	 4.190439e-19 	 3.337359e-19
1 	 443 	 2 	 1 	 4.144935e-19 	 3.334330e-19
1 	 444 	 2 	 1 	 4.099432e-19 	 3.331300e-19
1 	 445 	 2 	 1 	 4.053928e-19 	 3.328271e-19
1 	 446 	 2 	 1 	 4.008424e-19 	 3.325242e-19
1 	 447 	 2 	 1 	 3.963389e-19 	 3.318325e-19
1 	 448 	 2 	 1 	 3.918723e-19 	 3.308355e-19
1 	 449 	 2 	 1 	 3.874056e-19 	 3.298384e-19
1 	 450 	 2 	 1 	 3.829389e-19 	 3.288413e-19
1 	 451 	 2 	 1 	 3.784722e-19 	 3.278443e-19
1 	 452 	 2 	 1 	 3.740836e-19 	 3.266336e-19
1 	 453 	 2 	 1 	 3.697944e-19 	 3.251511e-19
1 	 454 	 2 	 1 	 3.655052e-19 	 3.236686e-19
1 	 455 	 2 	 1 	 3.612160e-19 	 3.221860e-19
1 	 456 	 2 	 1 	 3.569268e-19 	 3.207035e-19
1 	 457 	 2 	 1 	 3.527216e-19 	 3.191134e-19
1 	 458 	 2 	 1 	 3.486951e-19 	 3.172948e-19
1 	 459 	 2 	 1 	 3.446686e-19 	 3.154761e-19
1 	 460 	 2 	 1 	 3.406421e-19 	 3.136575e-19
1 	 461 	 2 	 1 	 3.366156e-19 	 3.118389e-19
1 	 462 	 2 	 1 	 3.326516e-19 	 3.099795e-19
1 	 463 	 2 	 1 	 3.289379e-19 	 3.079572e-19
1 	 464 	 2 	 1 	 3.252242e-19 	 3.059348e-19
1 	 465 	 2 	 1 	 3.215104e-19 	 3.039125e-19
1 	 466 	 2 	 1 	 3.177967e-19 	 3.018902e-19
1 	 467 	 2 	 1 	 3.141046e-19 	 2.998564e-19
1 	 468 	 2 	 1 	 3.106609e-19 	 2.976906e-19
1 	 469 	 2 	 1 	 3.072173e-19 	 2.955249e-19
1 	 470 	 2 	 1 	 3.037737e-19 	 2.933591e-19
1 	 471 	 2 	 1 	 3.003300e-19 	 2.911934e-19
1 	 472 	 2 	 1 	 2.968864e-19 	 2.890277e-19
1 	 473 	 2 	 1 	 2.936569e-19 	 2.868216e-19
1 	 474 	 2 	 1 	 2.904364e-19 	 2.846140e-19
1 	 475 	 2 	 1 	 2.872158e-19 	 2.824063e-19
1 	 476 	 2 	 1 	 2.839952e-19 	 2.801986e-19
1 	 477 	 2 	 1 	 2.807747e-19 	 2.779909e-19
1 	 478 	 2 	 1 	 2.777735e-19 	 2.757695e-19
1 	 479 	 2 	 1 	 2.748140e-19 	 2.735454e-19
1 	 480 	 2 	 1 	 2.718545e-19 	 2.713213e-19
1 	 481 	 2 	 1 	 2.688951e-19 	 2.690973e-19
1 	 482 	 2 	 1 	 2.659356e-19 	 2.668732e-19
1 	 483 	 2 	 1 	 2.631280e-19 	 2.646741e-19
1 	 484 	 2 	 1 	 2.603794e-19 	 2.624846e-19
1 	 485 	 2 	 1 	 2.576309e-19 	 2.602951e-19
1 	 486 	 2 	 1 	 2.548823e-19 	 2.581056e-19
1 	 487 	 2 	 1 	 2.521337e-19 	 2.559161e-19
1 	 488 	 2 	 1 	 2.495133e-19 	 2.537821e-19
1 	 489 	 2 	 1 	 2.469784e-19 	 2.516849e-19
1 	 490 	 2 	 1 	 2.444436e-19 	 2.495877e-19
1 	 491 	 2 	 1 	 2.419087e-19 	 2.474906e-19
1 	 492 	 2 	 1 	 2.393737e-19 	 2.453934e-19
1 	 493 	 2 	 1 	 2.369449e-19 	 2.433516e-19
1 	 494 	 2 	 1 	 2.346310e-19 	 2.413697e-19
1 	 495 	 2 	 1 	 2.323172e-19 	 2.393879e-19
1 	 496 	 2 	 1 	 2.300033e-19 	 2.374060e-19
1 	 497 	 2 	 1 	 2.276894e-19 	 2.354241e-19
1 	 498 	 2 	 1 	 2.254404e-19 	 2.334926e-19
1 	 499 	 2 	 1 	 2.233067e-19 	 2.316504e-19
1 	 500 	 2 	 1 	 2.211729e-19 	 2.298082e-19
1 	 501 	 2 	 1 	 2.190392e-19 	 2.279661e-19
1 	 502 	 2 	 1 	 2.169055e-19 	 2.261240e-19
1 	 503 	 2 	 1 	 2.148105e-19 	 2.243071e-19
1 	 504 	 2 	 1 	 2.128382e-19 	 2.225701e-19
1 	 505 	 2 	 1 	 2.108658e-19 	 2.208331e-19
1 	 506 	 2 	 1 	 2.088934e-19 	 2.190961e-19
1 	 507 	 2 	 1 	 2.069211e-19 	 2.173590e-19
1 	 508 	 2 	 1 	 2.049694e-19 	 2.156312e-19
1 	 509 	 2 	 1 	 2.031697e-19 	 2.139704e-19
1 	 510 	 2 	 1 	 2.013699e-19 	 2.123095e-19
1 	 511 	 2 	 1 	 1.995701e-19 	 2.106487e-19
1 	 512 	 2 	 1 	 1.977704e-19 	 2.089879e-19
1 	 513 	 2 	 1 	 1.959706e-19 	 2.073271e-19
1 	 514 	 2 	 1 	 1.943571e-19 	 2.057612e-19
1 	 515 	 2 	 1 	 1.927435e-19 	 2.041953e-19
1 	 516 	 2 	 1 	 1.911300e-19 	 2.026294e-19
1 	 517 	 2 	 1 	 1.895164e-19 	 2.010635e-19
1 	 518 	 2 	 1 	 1.879029e-19 	 1.994977e-19
1 	 519 	 2 	 1 	 1.863511e-19 	 1.980151e-19
1 	 520 	 2 	 1 	 1.848076e-19 	 1.965439e-19
1 	 521 	 2 	 1 	 1.832642e-19 	 1.950727e-19
1 	 522 	 2 	 1 	 1.817208e-19 	 1.936015e-19
1 	 523 	 2 	 1 	 1.801774e-19 	 1.921303e-19
1 	 524 	 2 	 1 	 1.786920e-19 	 1.907191e-19
1 	 525 	 2 	 1 	 1.772250e-19 	 1.893270e-19
1 	 526 	 2 	 1 	 1.757579e-19 	 1.879348e-19
1 	 527 	 2 	 1 	 1.742909e-19 	 1.865427e-19
1 	 528 	 2 	 1 	 1.728239e-19 	 1.851505e-19
1 	 529 	 2 	 1 	 1.714343e-19 	 1.837988e-19
1 	 530 	 2 	 1 	 1.700883e-19 	 1.824698e-19
1 	 531 	 2 	 1 	 1.687423e-19 	 1.811408e-19
1 	 532 	 2 	 1 	 1.673963e-19 	 1.798118e-19
1 	 533 	 2 	 1 	 1.660503e-19 	 1.784828e-19
1 	 534 	 2 	 1 	 1.647557e-19 	 1.772150e-19
1 	 535 	 2 	 1 	 1.635085e-19 	 1.760037e-19
1 	 536 	 2 	 1 	 1.622614e-19 	 1.747924e-19
1 	 537 	 2 	 1 	 1.610142e-19 	 1.735811e-19
1 	 538 	 2 	 1 	 1.597670e-19 	 1.723699e-19
1 	 539 	 2 	 1 	 1.585358e-19 	 1.711982e-19
1 	 540 	 2 	 1 	 1.573284e-19 	 1.700858e-19
1 	 541 	 2 	 1 	 1.561210e-19 	 1.689735e-19
1 	 542 	 2 	 1 	 1.549137e-19 	 1.678611e-19
1 	 543 	 2 	 1 	 1.537063e-19 	 1.667487e-19
1 	 544 	 2 	 1 	 1.525185e-19 	 1.656548e-19
1 	 545 	 2 	 1 	 1.513810e-19 	 1.646081e-19
1 	 546 	 2 	 1 	 1.502435e-19 	 1.635615e-19
1 	 547 	 2 	 1 	 1.491060e-19 	 1.625148e-19
1 	 548 	 2 	 1 	 1.479686e-19 	 1.614682e-19
1 	 549 	 2 	 1 	 1.468450e-19 	 1.604402e-19
1 	 550 	 2 	 1 	 1.457949e-19 	 1.595102e-19
1 	 551 	 2 	 1 	 1.447447e-19 	 1.585802e-19
1 	 552 	 2 	 1 	 1.436946e-19 	 1.576503e-19
1 	 553 	 2 	 1 	 1.426445e-19 	 1.567203e-19
1 	 554 	 2 	 1 	 1.415957e-19 	 1.557953e-19
1 	 555 	 2 	 1 	 1.405816e-19 	 1.549909e-19
1 	 556 	 2 	 1 	 1.395674e-19 	 1.541865e-19
1 	 557 	 2 	 1 	 1.385533e-19 	 1.533821e-19
1 	 558 	 2 	 1 	 1.375391e-19 	 1.525777e-19
1 	 559 	 2 	 1 	 1.365250e-19 	 1.517733e-19
1 	 560 	 2 	 1 	 1.355450e-19 	 1.510093e-19
1 	 561 	 2 	 1 	 1.345681e-19 	 1.502488e-19
1 	 562 	 2 	 1 	 1.335912e-19 	 1.494883e-19
1 	 563 	 2 	 1 	 1.326143e-19 	 1.487278e-19
1 	 564 	 2 	 1 	 1.316373e-19 	 1.479673e-19
1 	 565 	 2 	 1 	 1.307232e-19 	 1.471965e-19
1 	 566 	 2 	 1 	 1.298248e-19 	 1.464230e-19
1 	 567 	 2 	 1 	 1.289263e-19 	 1.456496e-19
1 	 568 	 2 	 1 	 1.280279e-19 	 1.448762e-19
1 	 569 	 2 	 1 	 1.271295e-19 	 1.441028e-19
1 	 570 	 2 	 1 	 1.262797e-19 	 1.433716e-19
1 	 571 	 2 	 1 	 1.254527e-19 	 1.426602e-19
1 	 572 	 2 	 1 	 1.246258e-19 	 1.419488e-19
1 	 573 	 2 	 1 	 1.237988e-19 	 1.412373e-19
1 	 574 	 2 	 1 	 1.229718e-19 	 1.405259e-19
1 	 575 	 2 	 1 	 1.221794e-19 	 1.398363e-19
1 	 576 	 2 	 1 	 1.214142e-19 	 1.391638e-19
1 	 577 	 2 	 1 	 1.206489e-19 	 1.384913e-19
1 	 578 	 2 	 1 	 1.198836e-19 	 1.378188e-19
1 	 579 	 2 	 1 	 1.191183e-19 	 1.371463e-19
1 	 580 	 2 	 1 	 1.184000e-19 	 1.364708e-19
1 	 581 	 2 	 1 	 1.177414e-19 	 1.357914e-19
1 	 582 	 2 	 1 	 1.170828e-19 	 1.351120e-19
1 	 583 	 2 	 1 	 1.164242e-19 	 1.344326e-19
1 	 584 	 2 	 1 	 1.157656e-19 	 1.337532e-19
1 	 585 	 2 	 1 	 1.151250e-19 	 1.330789e-19
1 	 586 	 2 	 1 	 1.145230e-19 	 1.324155e-19
1 	 587 	 2 	 1 	 1.139209e-19 	 1.317521e-19
1 	 588 	 2 	 1 	 1.133189e-19 	 1.310887e-19
1 	 589 	 2 	 1 	 1.127168e-19 	 1.304254e-19
1 	 590 	 2 	 1 	 1.121025e-19 	 1.297759e-19
1 	 591 	 2 	 1 	 1.114393e-19 	 1.291822e-19
1 	 592 	 2 	 1 	 1.107761e-19 	 1.285885e-19
1 	 593 	 2 	 1 	 1.101129e-19 	 1.279949e-19
1 	 594 	 2 	 1 	 1.094497e-19 	 1.274012e-19
1 	 595 	 2 	 1 	 1.087816e-19 	 1.268085e-19
1 	 596 	 2 	 1 	 1.080584e-19 	 1.262278e-19
1 	 597 	 2 	 1 	 1.073352e-19 	 1.256470e-19
1 	 598 	 2 	 1 	 1.066119e-19 	 1.250663e-19
1 	 599 	 2 	 1 	 1.058887e-19 	 1.244855e-19
1 	 600 	 2 	 1 	 1.051654e-19 	 1.239048e-19
1 	 601 	 2 	 1 	 1.044891e-19 	 1.233107e-19
1 	 602 	 2 	 1 	 1.038148e-19 	 1.227161e-19
1 	 603 	 2 	 1 	 1.031405e-19 	 1.221214e-19
1 	 604 	 2 	 1 	 1.024662e-19 	 1.215268e-19
1 	 605 	 2 	 1 	 1.017919e-19 	 1.209322e-19
1 	 606 	 2 	 1 	 1.011049e-19 	 1.203567e-19
1 	 607 	 2 	 1 	 1.004156e-19 	 1.197849e-19
1 	 608 	 2 	 1 	 9.972625e-20 	 1.192131e-19
1 	 609 	 2 	 1 	 9.903691e-20 	 1.186413e-19
1 	 610 	 2 	 1 	 9.834757e-20 	 1.180695e-19
1 	 611 	 2 	 1 	 9.754396e-20 	 1.174934e-19
1 	 612 	 2 	 1 	 9.669590e-20 	 1.169155e-19
1 	 613 	 2 	 1 	 9.584785e-20 	 1.163377e-19
1 	 614 	 2 	 1 	 9.499979e-20 	 1.157599e-19
1 	 615 	 2 	 1 	 9.415173e-20 	 1.151820e-19
1 	 616 	 2 	 1 	 9.325087e-20 	 1.145859e-19
1 	 617 	 2 	 1 	 9.231480e-20 	 1.139777e-19
1 	 618 	 2 	 1 	 9.137873e-20 	 1.133694e-19
1 	 619 	 2 	 1 	 9.044266e-20 	 1.127612e-19
1 	 620 	 2 	 1 	 8.950660e-20 	 1.121529e-19
1 	 621 	 2 	 1 	 8.860448e-20 	 1.115220e-19
1 	 622 	 2 	 1 	 8.773914e-20 	 1.108665e-19
1 	 623 	 2 	 1 	 8.687381e-20 	 1.102110e-19
1 	 624 	 2 	 1 	 8.600848e-20 	 1.095555e-19
1 	 625 	 2 	 1 	 8.514314e-20 	 1.089000e-19
1 	 626 	 2 	 1 	 8.427365e-20 	 1.082355e-19
1 	 627 	 2 	 1 	 8.339674e-20 	 1.075549e-19
1 	 628 	 2 	 1 	 8.251984e-20 	 1.068742e-19
1 	 629 	 2 	 1 	 8.164295e-20 	 1.061936e-19
1 	 630 	 2 	 1 	 8.076604e-20 	 1.055129e-19
1 	 631 	 2 	 1 	 7.986136e-20 	 1.048244e-19
1 	 632 	 2 	 1 	 7.886868e-20 	 1.041111e-19
1 	 633 	 2 	 1 	 7.787600e-20 	 1.033977e-19
1 	 634 	 2 	 1 	 7.688332e-20 	 1.026843e-19
1 	 635 	 2 	 1 	 7.589064e-20 	 1.019709e-19
1 	 636 	 2 	 1 	 7.490376e-20 	 1.012543e-19
1 	 637 	 2 	 1 	 7.395947e-20 	 1.005137e-19
1 	 638 	 2 	 1 	 7.301517e-20 	 9.977312e-20
1 	 639 	 2 	 1 	 7.207088e-20 	 9.903254e-20
1 	 640 	 2 	 1 	 7.112658e-20 	 9.829196e-20
1 	 641 	 2 	 1 	 7.018229e-20 	 9.755138e-20
1 	 1 	 2 	 2 	 -4.654780e-20 	 7.161704e-21
1 	 2 	 2 	 2 	 -4.630549e-20 	 7.754763e-21
1 	 3 	 2 	 2 	 -4.606317e-20 	 8.347821e-21
1 	 4 	 2 	 2 	 -4.582086e-20 	 8.940880e-21
1 	 5 	 2 	 2 	 -4.557855e-20 	 9.533938e-21
1 	 6 	 2 	 2 	 -4.533623e-20 	 1.012700e-20
1 	 7 	 2 	 2 	 -4.486719e-20 	 1.073850e-20
1 	 8 	 2 	 2 	 -4.436724e-20 	 1.135252e-20
1 	 9 	 2 	 2 	 -4.386728e-20 	 1.196654e-20
1 	 10 	 2 	 2 	 -4.336733e-20 	 1.258056e-20
1 	 11 	 2 	 2 	 -4.286737e-20 	 1.319458e-20
1 	 12 	 2 	 2 	 -4.231059e-20 	 1.375553e-20
1 	 13 	 2 	 2 	 -4.173585e-20 	 1.429972e-20
1 	 14 	 2 	 2 	 -4.116112e-20 	 1.484390e-20
1 	 15 	 2 	 2 	 -4.058639e-20 	 1.538809e-20
1 	 16 	 2 	 2 	 -4.001165e-20 	 1.593228e-20
1 	 17 	 2 	 2 	 -3.944366e-20 	 1.639151e-20
1 	 18 	 2 	 2 	 -3.887947e-20 	 1.680294e-20
1 	 19 	 2 	 2 	 -3.831527e-20 	 1.721437e-20
1 	 20 	 2 	 2 	 -3.775108e-20 	 1.762581e-20
1 	 21 	 2 	 2 	 -3.718688e-20 	 1.803724e-20
1 	 22 	 2 	 2 	 -3.663597e-20 	 1.835702e-20
1 	 23 	 2 	 2 	 -3.609732e-20 	 1.859221e-20
1 	 24 	 2 	 2 	 -3.555868e-20 	 1.882740e-20
1 	 25 	 2 	 2 	 -3.502003e-20 	 1.906258e-20
1 	 26 	 2 	 2 	 -3.448138e-20 	 1.929777e-20
1 	 27 	 2 	 2 	 -3.404022e-20 	 1.948760e-20
1 	 28 	 2 	 2 	 -3.374530e-20 	 1.960940e-20
1 	 29 	 2 	 2 	 -3.345037e-20 	 1.973120e-20
1 	 30 	 2 	 2 	 -3.315544e-20 	 1.985300e-20
1 	 31 	 2 	 2 	 -3.286052e-20 	 1.997479e-20
1 	 32 	 2 	 2 	 -3.265626e-20 	 2.009447e-20
1 	 33 	 2 	 2 	 -3.268515e-20 	 2.020867e-20
1 	 34 	 2 	 2 	 -3.271405e-20 	 2.032288e-20
1 	 35 	 2 	 2 	 -3.274295e-20 	 2.043709e-20
1 	 36 	 2 	 2 	 -3.277184e-20 	 2.055129e-20
1 	 37 	 2 	 2 	 -3.284990e-20 	 2.067368e-20
1 	 38 	 2 	 2 	 -3.318610e-20 	 2.083903e-20
1 	 39 	 2 	 2 	 -3.352231e-20 	 2.100437e-20
1 	 40 	 2 	 2 	 -3.385851e-20 	 2.116972e-20
1 	 41 	 2 	 2 	 -3.419471e-20 	 2.133506e-20
1 	 42 	 2 	 2 	 -3.454424e-20 	 2.150650e-20
1 	 43 	 2 	 2 	 -3.521366e-20 	 2.182422e-20
1 	 44 	 2 	 2 	 -3.588309e-20 	 2.214193e-20
1 	 45 	 2 	 2 	 -3.655252e-20 	 2.245965e-20
1 	 46 	 2 	 2 	 -3.722194e-20 	 2.277736e-20
1 	 47 	 2 	 2 	 -3.789137e-20 	 2.309508e-20
1 	 48 	 2 	 2 	 -3.879395e-20 	 2.355475e-20
1 	 49 	 2 	 2 	 -3.971680e-20 	 2.402676e-20
1 	 50 	 2 	 2 	 -4.063966e-20 	 2.449877e-20
1 	 51 	 2 	 2 	 -4.156251e-20 	 2.497078e-20
1 	 52 	 2 	 2 	 -4.248536e-20 	 2.544279e-20
1 	 53 	 2 	 2 	 -4.356801e-20 	 2.596256e-20
1 	 54 	 2 	 2 	 -4.469060e-20 	 2.649427e-20
1 	 55 	 2 	 2 	 -4.581319e-20 	 2.702598e-20
1 	 56 	 2 	 2 	 -4.693579e-20 	 2.755769e-20
1 	 57 	 2 	 2 	 -4.805838e-20 	 2.808940e-20
1 	 58 	 2 	 2 	 -4.921674e-20 	 2.864851e-20
1 	 59 	 2 	 2 	 -5.039193e-20 	 2.922053e-20
1 	 60 	 2 	 2 	 -5.156712e-20 	 2.979255e-20
1 	 61 	 2 	 2 	 -5.274231e-20 	 3.036457e-20
1 	 62 	 2 	 2 	 -5.391750e-20 	 3.093658e-20
1 	 63 	 2 	 2 	 -5.498963e-20 	 3.148456e-20
1 	 64 	 2 	 2 	 -5.598078e-20 	 3.201366e-20
1 	 65 	 2 	 2 	 -5.697193e-20 	 3.254276e-20
1 	 66 	 2 	 2 	 -5.796308e-20 	 3.307185e-20
1 	 67 	 2 	 2 	 -5.895423e-20 	 3.360095e-20
1 	 68 	 2 	 2 	 -5.983848e-20 	 3.409499e-20
1 	 69 	 2 	 2 	 -6.058670e-20 	 3.454441e-20
1 	 70 	 2 	 2 	 -6.133491e-20 	 3.499383e-20
1 	 71 	 2 	 2 	 -6.208312e-20 	 3.544325e-20
1 	 72 	 2 	 2 	 -6.283133e-20 	 3.589267e-20
1 	 73 	 2 	 2 	 -6.348793e-20 	 3.634829e-20
1 	 74 	 2 	 2 	 -6.394988e-20 	 3.681706e-20
1 	 75 	 2 	 2 	 -6.441182e-20 	 3.728584e-20
1 	 76 	 2 	 2 	 -6.487377e-20 	 3.775461e-20
1 	 77 	 2 	 2 	 -6.533571e-20 	 3.822339e-20
1 	 78 	 2 	 2 	 -6.573374e-20 	 3.870515e-20
1 	 79 	 2 	 2 	 -6.587608e-20 	 3.923888e-20
1 	 80 	 2 	 2 	 -6.601843e-20 	 3.977260e-20
1 	 81 	 2 	 2 	 -6.616078e-20 	 4.030632e-20
1 	 82 	 2 	 2 	 -6.630313e-20 	 4.084005e-20
1 	 83 	 2 	 2 	 -6.642840e-20 	 4.138514e-20
1 	 84 	 2 	 2 	 -6.635723e-20 	 4.206104e-20
1 	 85 	 2 	 2 	 -6.628607e-20 	 4.273693e-20
1 	 86 	 2 	 2 	 -6.621490e-20 	 4.341283e-20
1 	 87 	 2 	 2 	 -6.614373e-20 	 4.408872e-20
1 	 88 	 2 	 2 	 -6.607256e-20 	 4.476462e-20
1 	 89 	 2 	 2 	 -6.587574e-20 	 4.568941e-20
1 	 90 	 2 	 2 	 -6.567368e-20 	 4.662456e-20
1 	 91 	 2 	 2 	 -6.547163e-20 	 4.755972e-20
1 	 92 	 2 	 2 	 -6.526957e-20 	 4.849488e-20
1 	 93 	 2 	 2 	 -6.506752e-20 	 4.943003e-20
1 	 94 	 2 	 2 	 -6.478513e-20 	 5.060214e-20
1 	 95 	 2 	 2 	 -6.448745e-20 	 5.181939e-20
1 	 96 	 2 	 2 	 -6.418976e-20 	 5.303664e-20
1 	 97 	 2 	 2 	 -6.389207e-20 	 5.425388e-20
1 	 98 	 2 	 2 	 -6.359438e-20 	 5.547113e-20
1 	 99 	 2 	 2 	 -6.326520e-20 	 5.687137e-20
1 	 100 	 2 	 2 	 -6.292376e-20 	 5.834277e-20
1 	 101 	 2 	 2 	 -6.258233e-20 	 5.981417e-20
1 	 102 	 2 	 2 	 -6.224089e-20 	 6.128558e-20
1 	 103 	 2 	 2 	 -6.189946e-20 	 6.275698e-20
1 	 104 	 2 	 2 	 -6.157335e-20 	 6.434027e-20
1 	 105 	 2 	 2 	 -6.125744e-20 	 6.599815e-20
1 	 106 	 2 	 2 	 -6.094154e-20 	 6.765603e-20
1 	 107 	 2 	 2 	 -6.062563e-20 	 6.931391e-20
1 	 108 	 2 	 2 	 -6.030973e-20 	 7.097179e-20
1 	 109 	 2 	 2 	 -6.004768e-20 	 7.268659e-20
1 	 110 	 2 	 2 	 -5.984399e-20 	 7.446306e-20
1 	 111 	 2 	 2 	 -5.964030e-20 	 7.623954e-20
1 	 112 	 2 	 2 	 -5.943661e-20 	 7.801601e-20
1 	 113 	 2 	 2 	 -5.923292e-20 	 7.979248e-20
1 	 114 	 2 	 2 	 -5.907889e-20 	 8.159268e-20
1 	 115 	 2 	 2 	 -5.901313e-20 	 8.343505e-20
1 	 116 	 2 	 2 	 -5.894737e-20 	 8.527741e-20
1 	 117 	 2 	 2 	 -5.888160e-20 	 8.711977e-20
1 	 118 	 2 	 2 	 -5.881584e-20 	 8.896214e-20
1 	 119 	 2 	 2 	 -5.878592e-20 	 9.079897e-20
1 	 120 	 2 	 2 	 -5.886949e-20 	 9.261830e-20
1 	 121 	 2 	 2 	 -5.895307e-20 	 9.443762e-20
1 	 122 	 2 	 2 	 -5.903664e-20 	 9.625695e-20
1 	 123 	 2 	 2 	 -5.912021e-20 	 9.807627e-20
1 	 124 	 2 	 2 	 -5.922461e-20 	 9.988892e-20
1 	 125 	 2 	 2 	 -5.948172e-20 	 1.016526e-19
1 	 126 	 2 	 2 	 -5.973884e-20 	 1.034163e-19
1 	 127 	 2 	 2 	 -5.999595e-20 	 1.051800e-19
1 	 128 	 2 	 2 	 -6.025307e-20 	 1.069437e-19
1 	 129 	 2 	 2 	 -6.051019e-20 	 1.087074e-19
1 	 130 	 2 	 2 	 -6.099426e-20 	 1.103763e-19
1 	 131 	 2 	 2 	 -6.147833e-20 	 1.120453e-19
1 	 132 	 2 	 2 	 -6.196241e-20 	 1.137143e-19
1 	 133 	 2 	 2 	 -6.244648e-20 	 1.153833e-19
1 	 134 	 2 	 2 	 -6.293055e-20 	 1.170522e-19
1 	 135 	 2 	 2 	 -6.380267e-20 	 1.186875e-19
1 	 136 	 2 	 2 	 -6.472771e-20 	 1.203182e-19
1 	 137 	 2 	 2 	 -6.565274e-20 	 1.219489e-19
1 	 138 	 2 	 2 	 -6.657778e-20 	 1.235796e-19
1 	 139 	 2 	 2 	 -6.750281e-20 	 1.252104e-19
1 	 140 	 2 	 2 	 -6.875194e-20 	 1.269932e-19
1 	 141 	 2 	 2 	 -7.010341e-20 	 1.288241e-19
1 	 142 	 2 	 2 	 -7.145489e-20 	 1.306550e-19
1 	 143 	 2 	 2 	 -7.280636e-20 	 1.324859e-19
1 	 144 	 2 	 2 	 -7.415784e-20 	 1.343168e-19
1 	 145 	 2 	 2 	 -7.567340e-20 	 1.362014e-19
1 	 146 	 2 	 2 	 -7.728126e-20 	 1.381162e-19
1 	 147 	 2 	 2 	 -7.888912e-20 	 1.400311e-19
1 	 148 	 2 	 2 	 -8.049698e-20 	 1.419459e-19
1 	 149 	 2 	 2 	 -8.210484e-20 	 1.438607e-19
1 	 150 	 2 	 2 	 -8.398878e-20 	 1.457443e-19
1 	 151 	 2 	 2 	 -8.612756e-20 	 1.475989e-19
1 	 152 	 2 	 2 	 -8.826636e-20 	 1.494536e-19
1 	 153 	 2 	 2 	 -9.040514e-20 	 1.513083e-19
1 	 154 	 2 	 2 	 -9.254393e-20 	 1.531629e-19
1 	 155 	 2 	 2 	 -9.492838e-20 	 1.550764e-19
1 	 156 	 2 	 2 	 -9.768133e-20 	 1.570780e-19
1 	 157 	 2 	 2 	 -1.004343e-19 	 1.590796e-19
1 	 158 	 2 	 2 	 -1.031872e-19 	 1.610813e-19
1 	 159 	 2 	 2 	 -1.059402e-19 	 1.630829e-19
1 	 160 	 2 	 2 	 -1.088199e-19 	 1.650985e-19
1 	 161 	 2 	 2 	 -1.120257e-19 	 1.671499e-19
1 	 162 	 2 	 2 	 -1.152315e-19 	 1.692014e-19
1 	 163 	 2 	 2 	 -1.184373e-19 	 1.712528e-19
1 	 164 	 2 	 2 	 -1.216431e-19 	 1.733042e-19
1 	 165 	 2 	 2 	 -1.249192e-19 	 1.753563e-19
1 	 166 	 2 	 2 	 -1.285646e-19 	 1.774115e-19
1 	 167 	 2 	 2 	 -1.322099e-19 	 1.794667e-19
1 	 168 	 2 	 2 	 -1.358553e-19 	 1.815220e-19
1 	 169 	 2 	 2 	 -1.395006e-19 	 1.835772e-19
1 	 170 	 2 	 2 	 -1.431522e-19 	 1.856282e-19
1 	 171 	 2 	 2 	 -1.469544e-19 	 1.875766e-19
1 	 172 	 2 	 2 	 -1.507565e-19 	 1.895250e-19
1 	 173 	 2 	 2 	 -1.545587e-19 	 1.914735e-19
1 	 174 	 2 	 2 	 -1.583608e-19 	 1.934219e-19
1 	 175 	 2 	 2 	 -1.621630e-19 	 1.953703e-19
1 	 176 	 2 	 2 	 -1.662400e-19 	 1.971344e-19
1 	 177 	 2 	 2 	 -1.703409e-19 	 1.988823e-19
1 	 178 	 2 	 2 	 -1.744418e-19 	 2.006303e-19
1 	 179 	 2 	 2 	 -1.785426e-19 	 2.023783e-19
1 	 180 	 2 	 2 	 -1.826435e-19 	 2.041263e-19
1 	 181 	 2 	 2 	 -1.867895e-19 	 2.062968e-19
1 	 182 	 2 	 2 	 -1.909467e-19 	 2.085728e-19
1 	 183 	 2 	 2 	 -1.951039e-19 	 2.108489e-19
1 	 184 	 2 	 2 	 -1.992611e-19 	 2.131249e-19
1 	 185 	 2 	 2 	 -2.034183e-19 	 2.154010e-19
1 	 186 	 2 	 2 	 -2.071167e-19 	 2.179350e-19
1 	 187 	 2 	 2 	 -2.105991e-19 	 2.205903e-19
1 	 188 	 2 	 2 	 -2.140816e-19 	 2.232457e-19
1 	 189 	 2 	 2 	 -2.175640e-19 	 2.259010e-19
1 	 190 	 2 	 2 	 -2.210464e-19 	 2.285564e-19
1 	 191 	 2 	 2 	 -2.244737e-19 	 2.313717e-19
1 	 192 	 2 	 2 	 -2.278576e-19 	 2.343126e-19
1 	 193 	 2 	 2 	 -2.312415e-19 	 2.372536e-19
1 	 194 	 2 	 2 	 -2.346255e-19 	 2.401945e-19
1 	 195 	 2 	 2 	 -2.380094e-19 	 2.431355e-19
1 	 196 	 2 	 2 	 -2.412740e-19 	 2.465723e-19
1 	 197 	 2 	 2 	 -2.443867e-19 	 2.506403e-19
1 	 198 	 2 	 2 	 -2.474995e-19 	 2.547082e-19
1 	 199 	 2 	 2 	 -2.506123e-19 	 2.587762e-19
1 	 200 	 2 	 2 	 -2.537250e-19 	 2.628442e-19
1 	 201 	 2 	 2 	 -2.565909e-19 	 2.671640e-19
1 	 202 	 2 	 2 	 -2.589323e-19 	 2.720192e-19
1 	 203 	 2 	 2 	 -2.612737e-19 	 2.768743e-19
1 	 204 	 2 	 2 	 -2.636150e-19 	 2.817295e-19
1 	 205 	 2 	 2 	 -2.659564e-19 	 2.865846e-19
1 	 206 	 2 	 2 	 -2.681609e-19 	 2.915874e-19
1 	 207 	 2 	 2 	 -2.698178e-19 	 2.971809e-19
1 	 208 	 2 	 2 	 -2.714748e-19 	 3.027743e-19
1 	 209 	 2 	 2 	 -2.731317e-19 	 3.083678e-19
1 	 210 	 2 	 2 	 -2.747887e-19 	 3.139612e-19
1 	 211 	 2 	 2 	 -2.763592e-19 	 3.196002e-19
1 	 212 	 2 	 2 	 -2.769365e-19 	 3.257625e-19
1 	 213 	 2 	 2 	 -2.775136e-19 	 3.319249e-19
1 	 214 	 2 	 2 	 -2.780908e-19 	 3.380872e-19
1 	 215 	 2 	 2 	 -2.786680e-19 	 3.442495e-19
1 	 216 	 2 	 2 	 -2.792452e-19 	 3.504119e-19
1 	 217 	 2 	 2 	 -2.787243e-19 	 3.573753e-19
1 	 218 	 2 	 2 	 -2.781577e-19 	 3.643722e-19
1 	 219 	 2 	 2 	 -2.775911e-19 	 3.713690e-19
1 	 220 	 2 	 2 	 -2.770244e-19 	 3.783659e-19
1 	 221 	 2 	 2 	 -2.764578e-19 	 3.853627e-19
1 	 222 	 2 	 2 	 -2.737616e-19 	 3.929187e-19
1 	 223 	 2 	 2 	 -2.706597e-19 	 4.005812e-19
1 	 224 	 2 	 2 	 -2.675579e-19 	 4.082437e-19
1 	 225 	 2 	 2 	 -2.644560e-19 	 4.159063e-19
1 	 226 	 2 	 2 	 -2.613542e-19 	 4.235688e-19
1 	 227 	 2 	 2 	 -2.567327e-19 	 4.307320e-19
1 	 228 	 2 	 2 	 -2.515203e-19 	 4.377012e-19
1 	 229 	 2 	 2 	 -2.463079e-19 	 4.446703e-19
1 	 230 	 2 	 2 	 -2.410955e-19 	 4.516395e-19
1 	 231 	 2 	 2 	 -2.358831e-19 	 4.586086e-19
1 	 232 	 2 	 2 	 -2.291720e-19 	 4.657344e-19
1 	 233 	 2 	 2 	 -2.214618e-19 	 4.729647e-19
1 	 234 	 2 	 2 	 -2.137516e-19 	 4.801949e-19
1 	 235 	 2 	 2 	 -2.060414e-19 	 4.874251e-19
1 	 236 	 2 	 2 	 -1.983312e-19 	 4.946553e-19
1 	 237 	 2 	 2 	 -1.885555e-19 	 5.009855e-19
1 	 238 	 2 	 2 	 -1.765423e-19 	 5.063406e-19
1 	 239 	 2 	 2 	 -1.645290e-19 	 5.116957e-19
1 	 240 	 2 	 2 	 -1.525157e-19 	 5.170509e-19
1 	 241 	 2 	 2 	 -1.405025e-19 	 5.224060e-19
1 	 242 	 2 	 2 	 -1.274443e-19 	 5.266384e-19
1 	 243 	 2 	 2 	 -1.125287e-19 	 5.288750e-19
1 	 244 	 2 	 2 	 -9.761299e-20 	 5.311115e-19
1 	 245 	 2 	 2 	 -8.269733e-20 	 5.333480e-19
1 	 246 	 2 	 2 	 -6.778167e-20 	 5.355846e-19
1 	 247 	 2 	 2 	 -5.190556e-20 	 5.369950e-19
1 	 248 	 2 	 2 	 -3.298809e-20 	 5.357891e-19
1 	 249 	 2 	 2 	 -1.407061e-20 	 5.345834e-19
1 	 250 	 2 	 2 	 4.846871e-21 	 5.333776e-19
1 	 251 	 2 	 2 	 2.376435e-20 	 5.321718e-19
1 	 252 	 2 	 2 	 4.308699e-20 	 5.302423e-19
1 	 253 	 2 	 2 	 6.538076e-20 	 5.230052e-19
1 	 254 	 2 	 2 	 8.767454e-20 	 5.157680e-19
1 	 255 	 2 	 2 	 1.099683e-19 	 5.085310e-19
1 	 256 	 2 	 2 	 1.322621e-19 	 5.012939e-19
1 	 257 	 2 	 2 	 1.545559e-19 	 4.940568e-19
1 	 258 	 2 	 2 	 1.788789e-19 	 4.797960e-19
1 	 259 	 2 	 2 	 2.032018e-19 	 4.655352e-19
1 	 260 	 2 	 2 	 2.275248e-19 	 4.512745e-19
1 	 261 	 2 	 2 	 2.518478e-19 	 4.370137e-19
1 	 262 	 2 	 2 	 2.761708e-19 	 4.227529e-19
1 	 263 	 2 	 2 	 3.008387e-19 	 4.011961e-19
1 	 264 	 2 	 2 	 3.255536e-19 	 3.786443e-19
1 	 265 	 2 	 2 	 3.502684e-19 	 3.560926e-19
1 	 266 	 2 	 2 	 3.749833e-19 	 3.335408e-19
1 	 267 	 2 	 2 	 3.996982e-19 	 3.109890e-19
1 	 268 	 2 	 2 	 4.234874e-19 	 2.816998e-19
1 	 269 	 2 	 2 	 4.469843e-19 	 2.502829e-19
1 	 270 	 2 	 2 	 4.704812e-19 	 2.188659e-19
1 	 271 	 2 	 2 	 4.939781e-19 	 1.874490e-19
1 	 272 	 2 	 2 	 5.174750e-19 	 1.560321e-19
1 	 273 	 2 	 2 	 5.381478e-19 	 1.185947e-19
1 	 274 	 2 	 2 	 5.572321e-19 	 7.777071e-20
1 	 275 	 2 	 2 	 5.763165e-19 	 3.694673e-20
1 	 276 	 2 	 2 	 5.954008e-19 	 -3.877260e-21
1 	 277 	 2 	 2 	 6.144851e-19 	 -4.470125e-20
1 	 278 	 2 	 2 	 6.302874e-19 	 -8.916600e-20
1 	 279 	 2 	 2 	 6.430602e-19 	 -1.369914e-19
1 	 280 	 2 	 2 	 6.558329e-19 	 -1.848169e-19
1 	 281 	 2 	 2 	 6.686056e-19 	 -2.326424e-19
1 	 282 	 2 	 2 	 6.813784e-19 	 -2.804678e-19
1 	 283 	 2 	 2 	 6.908949e-19 	 -3.307919e-19
1 	 284 	 2 	 2 	 6.955269e-19 	 -3.848638e-19
1 	 285 	 2 	 2 	 7.001589e-19 	 -4.389358e-19
1 	 286 	 2 	 2 	 7.047908e-19 	 -4.930077e-19
1 	 287 	 2 	 2 	 7.094228e-19 	 -5.470797e-19
1 	 288 	 2 	 2 	 7.115118e-19 	 -6.015682e-19
1 	 289 	 2 	 2 	 7.070615e-19 	 -6.571281e-19
1 	 290 	 2 	 2 	 7.026111e-19 	 -7.126880e-19
1 	 291 	 2 	 2 	 6.981608e-19 	 -7.682478e-19
1 	 292 	 2 	 2 	 6.937105e-19 	 -8.238076e-19
1 	 293 	 2 	 2 	 6.880640e-19 	 -8.792776e-19
1 	 294 	 2 	 2 	 6.761380e-19 	 -9.342756e-19
1 	 295 	 2 	 2 	 6.642120e-19 	 -9.892736e-19
1 	 296 	 2 	 2 	 6.522860e-19 	 -1.044272e-18
1 	 297 	 2 	 2 	 6.403600e-19 	 -1.099270e-18
1 	 298 	 2 	 2 	 6.281995e-19 	 -1.154010e-18
1 	 299 	 2 	 2 	 6.104128e-19 	 -1.202567e-18
1 	 300 	 2 	 2 	 5.926261e-19 	 -1.251124e-18
1 	 301 	 2 	 2 	 5.748394e-19 	 -1.299682e-18
1 	 302 	 2 	 2 	 5.570527e-19 	 -1.348239e-18
1 	 303 	 2 	 2 	 5.392660e-19 	 -1.396796e-18
1 	 304 	 2 	 2 	 5.209272e-19 	 -1.437902e-18
1 	 305 	 2 	 2 	 5.025405e-19 	 -1.478361e-18
1 	 306 	 2 	 2 	 4.841538e-19 	 -1.518820e-18
1 	 307 	 2 	 2 	 4.657670e-19 	 -1.559278e-18
1 	 308 	 2 	 2 	 4.473803e-19 	 -1.599737e-18
1 	 309 	 2 	 2 	 4.305289e-19 	 -1.630041e-18
1 	 310 	 2 	 2 	 4.140613e-19 	 -1.657806e-18
1 	 311 	 2 	 2 	 3.975937e-19 	 -1.685571e-18
1 	 312 	 2 	 2 	 3.811261e-19 	 -1.713337e-18
1 	 313 	 2 	 2 	 3.646584e-19 	 -1.741102e-18
1 	 314 	 2 	 2 	 3.533282e-19 	 -1.759819e-18
1 	 315 	 2 	 2 	 3.444155e-19 	 -1.774278e-18
1 	 316 	 2 	 2 	 3.355028e-19 	 -1.788737e-18
1 	 317 	 2 	 2 	 3.265901e-19 	 -1.803196e-18
1 	 318 	 2 	 2 	 3.176773e-19 	 -1.817655e-18
1 	 319 	 2 	 2 	 3.135388e-19 	 -1.823753e-18
1 	 320 	 2 	 2 	 3.131515e-19 	 -1.823280e-18
1 	 321 	 2 	 2 	 3.127641e-19 	 -1.822808e-18
1 	 322 	 2 	 2 	 3.123768e-19 	 -1.822335e-18
1 	 323 	 2 	 2 	 3.119894e-19 	 -1.821863e-18
1 	 324 	 2 	 2 	 3.155017e-19 	 -1.814852e-18
1 	 325 	 2 	 2 	 3.239770e-19 	 -1.799521e-18
1 	 326 	 2 	 2 	 3.324524e-19 	 -1.784189e-18
1 	 327 	 2 	 2 	 3.409277e-19 	 -1.768857e-18
1 	 328 	 2 	 2 	 3.494031e-19 	 -1.753526e-18
1 	 329 	 2 	 2 	 3.602545e-19 	 -1.733865e-18
1 	 330 	 2 	 2 	 3.761552e-19 	 -1.705007e-18
1 	 331 	 2 	 2 	 3.920559e-19 	 -1.676149e-18
1 	 332 	 2 	 2 	 4.079566e-19 	 -1.647290e-18
1 	 333 	 2 	 2 	 4.238572e-19 	 -1.618432e-18
1 	 334 	 2 	 2 	 4.402291e-19 	 -1.587059e-18
1 	 335 	 2 	 2 	 4.584859e-19 	 -1.545629e-18
1 	 336 	 2 	 2 	 4.767426e-19 	 -1.504199e-18
1 	 337 	 2 	 2 	 4.949994e-19 	 -1.462769e-18
1 	 338 	 2 	 2 	 5.132561e-19 	 -1.421339e-18
1 	 339 	 2 	 2 	 5.314598e-19 	 -1.379245e-18
1 	 340 	 2 	 2 	 5.490537e-19 	 -1.329522e-18
1 	 341 	 2 	 2 	 5.666476e-19 	 -1.279800e-18
1 	 342 	 2 	 2 	 5.842415e-19 	 -1.230077e-18
1 	 343 	 2 	 2 	 6.018354e-19 	 -1.180354e-18
1 	 344 	 2 	 2 	 6.194293e-19 	 -1.130631e-18
1 	 345 	 2 	 2 	 6.316280e-19 	 -1.075309e-18
1 	 346 	 2 	 2 	 6.436019e-19 	 -1.019753e-18
1 	 347 	 2 	 2 	 6.555758e-19 	 -9.641976e-19
1 	 348 	 2 	 2 	 6.675498e-19 	 -9.086422e-19
1 	 349 	 2 	 2 	 6.795237e-19 	 -8.530867e-19
1 	 350 	 2 	 2 	 6.853516e-19 	 -7.969921e-19
1 	 351 	 2 	 2 	 6.900088e-19 	 -7.407949e-19
1 	 352 	 2 	 2 	 6.946660e-19 	 -6.845977e-19
1 	 353 	 2 	 2 	 6.993232e-19 	 -6.284004e-19
1 	 354 	 2 	 2 	 7.039804e-19 	 -5.722032e-19
1 	 355 	 2 	 2 	 7.019393e-19 	 -5.177896e-19
1 	 356 	 2 	 2 	 6.972931e-19 	 -4.640696e-19
1 	 357 	 2 	 2 	 6.926470e-19 	 -4.103496e-19
1 	 358 	 2 	 2 	 6.880010e-19 	 -3.566296e-19
1 	 359 	 2 	 2 	 6.833548e-19 	 -3.029096e-19
1 	 360 	 2 	 2 	 6.741490e-19 	 -2.531161e-19
1 	 361 	 2 	 2 	 6.619035e-19 	 -2.059402e-19
1 	 362 	 2 	 2 	 6.496578e-19 	 -1.587642e-19
1 	 363 	 2 	 2 	 6.374122e-19 	 -1.115883e-19
1 	 364 	 2 	 2 	 6.251667e-19 	 -6.441237e-20
1 	 365 	 2 	 2 	 6.095811e-19 	 -2.077145e-20
1 	 366 	 2 	 2 	 5.903772e-19 	 1.903988e-20
1 	 367 	 2 	 2 	 5.711733e-19 	 5.885120e-20
1 	 368 	 2 	 2 	 5.519695e-19 	 9.866253e-20
1 	 369 	 2 	 2 	 5.327656e-19 	 1.384739e-19
1 	 370 	 2 	 2 	 5.121144e-19 	 1.746604e-19
1 	 371 	 2 	 2 	 4.888903e-19 	 2.044028e-19
1 	 372 	 2 	 2 	 4.656662e-19 	 2.341452e-19
1 	 373 	 2 	 2 	 4.424420e-19 	 2.638876e-19
1 	 374 	 2 	 2 	 4.192179e-19 	 2.936300e-19
1 	 375 	 2 	 2 	 3.956798e-19 	 3.213596e-19
1 	 376 	 2 	 2 	 3.711477e-19 	 3.427152e-19
1 	 377 	 2 	 2 	 3.466156e-19 	 3.640709e-19
1 	 378 	 2 	 2 	 3.220835e-19 	 3.854265e-19
1 	 379 	 2 	 2 	 2.975513e-19 	 4.067821e-19
1 	 380 	 2 	 2 	 2.730105e-19 	 4.271124e-19
1 	 381 	 2 	 2 	 2.484064e-19 	 4.399232e-19
1 	 382 	 2 	 2 	 2.238022e-19 	 4.527341e-19
1 	 383 	 2 	 2 	 1.991980e-19 	 4.655451e-19
1 	 384 	 2 	 2 	 1.745939e-19 	 4.783559e-19
1 	 385 	 2 	 2 	 1.499897e-19 	 4.911668e-19
1 	 386 	 2 	 2 	 1.276351e-19 	 4.971388e-19
1 	 387 	 2 	 2 	 1.052806e-19 	 5.031106e-19
1 	 388 	 2 	 2 	 8.292602e-20 	 5.090826e-19
1 	 389 	 2 	 2 	 6.057146e-20 	 5.150545e-19
1 	 390 	 2 	 2 	 3.821690e-20 	 5.210264e-19
1 	 391 	 2 	 2 	 1.859692e-20 	 5.223394e-19
1 	 392 	 2 	 2 	 -6.501748e-22 	 5.230171e-19
1 	 393 	 2 	 2 	 -1.989727e-20 	 5.236948e-19
1 	 394 	 2 	 2 	 -3.914436e-20 	 5.243724e-19
1 	 395 	 2 	 2 	 -5.839145e-20 	 5.250502e-19
1 	 396 	 2 	 2 	 -7.484798e-20 	 5.232790e-19
1 	 397 	 2 	 2 	 -9.042328e-20 	 5.207344e-19
1 	 398 	 2 	 2 	 -1.059986e-19 	 5.181899e-19
1 	 399 	 2 	 2 	 -1.215739e-19 	 5.156454e-19
1 	 400 	 2 	 2 	 -1.371492e-19 	 5.131009e-19
1 	 401 	 2 	 2 	 -1.504812e-19 	 5.087856e-19
1 	 402 	 2 	 2 	 -1.625513e-19 	 5.034742e-19
1 	 403 	 2 	 2 	 -1.746214e-19 	 4.981630e-19
1 	 404 	 2 	 2 	 -1.866915e-19 	 4.928516e-19
1 	 405 	 2 	 2 	 -1.987617e-19 	 4.875403e-19
1 	 406 	 2 	 2 	 -2.084503e-19 	 4.817332e-19
1 	 407 	 2 	 2 	 -2.159406e-19 	 4.754683e-19
1 	 408 	 2 	 2 	 -2.234309e-19 	 4.692035e-19
1 	 409 	 2 	 2 	 -2.309213e-19 	 4.629387e-19
1 	 410 	 2 	 2 	 -2.384116e-19 	 4.566738e-19
1 	 411 	 2 	 2 	 -2.448530e-19 	 4.504751e-19
1 	 412 	 2 	 2 	 -2.497211e-19 	 4.443757e-19
1 	 413 	 2 	 2 	 -2.545892e-19 	 4.382764e-19
1 	 414 	 2 	 2 	 -2.594572e-19 	 4.321770e-19
1 	 415 	 2 	 2 	 -2.643253e-19 	 4.260776e-19
1 	 416 	 2 	 2 	 -2.683541e-19 	 4.197904e-19
1 	 417 	 2 	 2 	 -2.702245e-19 	 4.130204e-19
1 	 418 	 2 	 2 	 -2.720950e-19 	 4.062503e-19
1 	 419 	 2 	 2 	 -2.739655e-19 	 3.994802e-19
1 	 420 	 2 	 2 	 -2.758359e-19 	 3.927101e-19
1 	 421 	 2 	 2 	 -2.772898e-19 	 3.860894e-19
1 	 422 	 2 	 2 	 -2.765564e-19 	 3.802534e-19
1 	 423 	 2 	 2 	 -2.758231e-19 	 3.744173e-19
1 	 424 	 2 	 2 	 -2.750897e-19 	 3.685812e-19
1 	 425 	 2 	 2 	 -2.743564e-19 	 3.627451e-19
1 	 426 	 2 	 2 	 -2.735838e-19 	 3.569228e-19
1 	 427 	 2 	 2 	 -2.718683e-19 	 3.514311e-19
1 	 428 	 2 	 2 	 -2.701528e-19 	 3.459394e-19
1 	 429 	 2 	 2 	 -2.684374e-19 	 3.404477e-19
1 	 430 	 2 	 2 	 -2.667219e-19 	 3.349561e-19
1 	 431 	 2 	 2 	 -2.650065e-19 	 3.294644e-19
1 	 432 	 2 	 2 	 -2.623148e-19 	 3.241503e-19
1 	 433 	 2 	 2 	 -2.595382e-19 	 3.188517e-19
1 	 434 	 2 	 2 	 -2.567616e-19 	 3.135530e-19
1 	 435 	 2 	 2 	 -2.539851e-19 	 3.082544e-19
1 	 436 	 2 	 2 	 -2.512085e-19 	 3.029558e-19
1 	 437 	 2 	 2 	 -2.481653e-19 	 2.980532e-19
1 	 438 	 2 	 2 	 -2.450555e-19 	 2.932497e-19
1 	 439 	 2 	 2 	 -2.419457e-19 	 2.884461e-19
1 	 440 	 2 	 2 	 -2.388358e-19 	 2.836426e-19
1 	 441 	 2 	 2 	 -2.357260e-19 	 2.788390e-19
1 	 442 	 2 	 2 	 -2.325052e-19 	 2.743699e-19
1 	 443 	 2 	 2 	 -2.292322e-19 	 2.700581e-19
1 	 444 	 2 	 2 	 -2.259592e-19 	 2.657463e-19
1 	 445 	 2 	 2 	 -2.226862e-19 	 2.614345e-19
1 	 446 	 2 	 2 	 -2.194132e-19 	 2.571227e-19
1 	 447 	 2 	 2 	 -2.163278e-19 	 2.531767e-19
1 	 448 	 2 	 2 	 -2.133899e-19 	 2.495180e-19
1 	 449 	 2 	 2 	 -2.104520e-19 	 2.458592e-19
1 	 450 	 2 	 2 	 -2.075141e-19 	 2.422006e-19
1 	 451 	 2 	 2 	 -2.045761e-19 	 2.385418e-19
1 	 452 	 2 	 2 	 -2.017398e-19 	 2.349200e-19
1 	 453 	 2 	 2 	 -1.990327e-19 	 2.313450e-19
1 	 454 	 2 	 2 	 -1.963257e-19 	 2.277701e-19
1 	 455 	 2 	 2 	 -1.936186e-19 	 2.241951e-19
1 	 456 	 2 	 2 	 -1.909116e-19 	 2.206202e-19
1 	 457 	 2 	 2 	 -1.881552e-19 	 2.172328e-19
1 	 458 	 2 	 2 	 -1.852938e-19 	 2.142442e-19
1 	 459 	 2 	 2 	 -1.824325e-19 	 2.112555e-19
1 	 460 	 2 	 2 	 -1.795712e-19 	 2.082668e-19
1 	 461 	 2 	 2 	 -1.767098e-19 	 2.052782e-19
1 	 462 	 2 	 2 	 -1.739417e-19 	 2.024212e-19
1 	 463 	 2 	 2 	 -1.715464e-19 	 2.000910e-19
1 	 464 	 2 	 2 	 -1.691510e-19 	 1.977608e-19
1 	 465 	 2 	 2 	 -1.667557e-19 	 1.954306e-19
1 	 466 	 2 	 2 	 -1.643603e-19 	 1.931004e-19
1 	 467 	 2 	 2 	 -1.619796e-19 	 1.907759e-19
1 	 468 	 2 	 2 	 -1.597665e-19 	 1.885174e-19
1 	 469 	 2 	 2 	 -1.575535e-19 	 1.862590e-19
1 	 470 	 2 	 2 	 -1.553405e-19 	 1.840005e-19
1 	 471 	 2 	 2 	 -1.531275e-19 	 1.817420e-19
1 	 472 	 2 	 2 	 -1.509144e-19 	 1.794835e-19
1 	 473 	 2 	 2 	 -1.485520e-19 	 1.774480e-19
1 	 474 	 2 	 2 	 -1.461833e-19 	 1.754217e-19
1 	 475 	 2 	 2 	 -1.438147e-19 	 1.733955e-19
1 	 476 	 2 	 2 	 -1.414460e-19 	 1.713692e-19
1 	 477 	 2 	 2 	 -1.390773e-19 	 1.693430e-19
1 	 478 	 2 	 2 	 -1.367421e-19 	 1.674008e-19
1 	 479 	 2 	 2 	 -1.344133e-19 	 1.654748e-19
1 	 480 	 2 	 2 	 -1.320844e-19 	 1.635487e-19
1 	 481 	 2 	 2 	 -1.297556e-19 	 1.616225e-19
1 	 482 	 2 	 2 	 -1.274267e-19 	 1.596964e-19
1 	 483 	 2 	 2 	 -1.251210e-19 	 1.577113e-19
1 	 484 	 2 	 2 	 -1.228243e-19 	 1.557031e-19
1 	 485 	 2 	 2 	 -1.205276e-19 	 1.536949e-19
1 	 486 	 2 	 2 	 -1.182310e-19 	 1.516867e-19
1 	 487 	 2 	 2 	 -1.159343e-19 	 1.496786e-19
1 	 488 	 2 	 2 	 -1.137682e-19 	 1.475942e-19
1 	 489 	 2 	 2 	 -1.116893e-19 	 1.454591e-19
1 	 490 	 2 	 2 	 -1.096103e-19 	 1.433240e-19
1 	 491 	 2 	 2 	 -1.075314e-19 	 1.411889e-19
1 	 492 	 2 	 2 	 -1.054525e-19 	 1.390537e-19
1 	 493 	 2 	 2 	 -1.034544e-19 	 1.368209e-19
1 	 494 	 2 	 2 	 -1.015440e-19 	 1.344822e-19
1 	 495 	 2 	 2 	 -9.963354e-20 	 1.321434e-19
1 	 496 	 2 	 2 	 -9.772311e-20 	 1.298047e-19
1 	 497 	 2 	 2 	 -9.581268e-20 	 1.274660e-19
1 	 498 	 2 	 2 	 -9.391926e-20 	 1.251897e-19
1 	 499 	 2 	 2 	 -9.205608e-20 	 1.230246e-19
1 	 500 	 2 	 2 	 -9.019290e-20 	 1.208594e-19
1 	 501 	 2 	 2 	 -8.832973e-20 	 1.186942e-19
1 	 502 	 2 	 2 	 -8.646655e-20 	 1.165291e-19
1 	 503 	 2 	 2 	 -8.466137e-20 	 1.144518e-19
1 	 504 	 2 	 2 	 -8.303984e-20 	 1.126526e-19
1 	 505 	 2 	 2 	 -8.141831e-20 	 1.108535e-19
1 	 506 	 2 	 2 	 -7.979678e-20 	 1.090544e-19
1 	 507 	 2 	 2 	 -7.817524e-20 	 1.072553e-19
1 	 508 	 2 	 2 	 -7.657192e-20 	 1.054816e-19
1 	 509 	 2 	 2 	 -7.510205e-20 	 1.038948e-19
1 	 510 	 2 	 2 	 -7.363219e-20 	 1.023080e-19
1 	 511 	 2 	 2 	 -7.216232e-20 	 1.007211e-19
1 	 512 	 2 	 2 	 -7.069245e-20 	 9.913429e-20
1 	 513 	 2 	 2 	 -6.922259e-20 	 9.754746e-20
1 	 514 	 2 	 2 	 -6.769596e-20 	 9.615885e-20
1 	 515 	 2 	 2 	 -6.616933e-20 	 9.477023e-20
1 	 516 	 2 	 2 	 -6.464270e-20 	 9.338162e-20
1 	 517 	 2 	 2 	 -6.311608e-20 	 9.199300e-20
1 	 518 	 2 	 2 	 -6.158945e-20 	 9.060439e-20
1 	 519 	 2 	 2 	 -5.999099e-20 	 8.934716e-20
1 	 520 	 2 	 2 	 -5.838274e-20 	 8.810785e-20
1 	 521 	 2 	 2 	 -5.677448e-20 	 8.686853e-20
1 	 522 	 2 	 2 	 -5.516623e-20 	 8.562922e-20
1 	 523 	 2 	 2 	 -5.355798e-20 	 8.438990e-20
1 	 524 	 2 	 2 	 -5.191373e-20 	 8.316155e-20
1 	 525 	 2 	 2 	 -5.025810e-20 	 8.193666e-20
1 	 526 	 2 	 2 	 -4.860248e-20 	 8.071177e-20
1 	 527 	 2 	 2 	 -4.694686e-20 	 7.948687e-20
1 	 528 	 2 	 2 	 -4.529124e-20 	 7.826197e-20
1 	 529 	 2 	 2 	 -4.367063e-20 	 7.697006e-20
1 	 530 	 2 	 2 	 -4.206971e-20 	 7.564044e-20
1 	 531 	 2 	 2 	 -4.046880e-20 	 7.431082e-20
1 	 532 	 2 	 2 	 -3.886789e-20 	 7.298120e-20
1 	 533 	 2 	 2 	 -3.726698e-20 	 7.165159e-20
1 	 534 	 2 	 2 	 -3.577575e-20 	 7.023889e-20
1 	 535 	 2 	 2 	 -3.438577e-20 	 6.874951e-20
1 	 536 	 2 	 2 	 -3.299578e-20 	 6.726014e-20
1 	 537 	 2 	 2 	 -3.160579e-20 	 6.577076e-20
1 	 538 	 2 	 2 	 -3.021581e-20 	 6.428138e-20
1 	 539 	 2 	 2 	 -2.897631e-20 	 6.274020e-20
1 	 540 	 2 	 2 	 -2.796256e-20 	 6.112131e-20
1 	 541 	 2 	 2 	 -2.694881e-20 	 5.950241e-20
1 	 542 	 2 	 2 	 -2.593505e-20 	 5.788351e-20
1 	 543 	 2 	 2 	 -2.492130e-20 	 5.626462e-20
1 	 544 	 2 	 2 	 -2.404746e-20 	 5.463995e-20
1 	 545 	 2 	 2 	 -2.353339e-20 	 5.300047e-20
1 	 546 	 2 	 2 	 -2.301933e-20 	 5.136098e-20
1 	 547 	 2 	 2 	 -2.250526e-20 	 4.972149e-20
1 	 548 	 2 	 2 	 -2.199120e-20 	 4.808200e-20
1 	 549 	 2 	 2 	 -2.157140e-20 	 4.646628e-20
1 	 550 	 2 	 2 	 -2.164654e-20 	 4.497533e-20
1 	 551 	 2 	 2 	 -2.172168e-20 	 4.348438e-20
1 	 552 	 2 	 2 	 -2.179682e-20 	 4.199344e-20
1 	 553 	 2 	 2 	 -2.187195e-20 	 4.050249e-20
1 	 554 	 2 	 2 	 -2.197153e-20 	 3.902179e-20
1 	 555 	 2 	 2 	 -2.265772e-20 	 3.778697e-20
1 	 556 	 2 	 2 	 -2.334390e-20 	 3.655215e-20
1 	 557 	 2 	 2 	 -2.403008e-20 	 3.531733e-20
1 	 558 	 2 	 2 	 -2.471626e-20 	 3.408250e-20
1 	 559 	 2 	 2 	 -2.540245e-20 	 3.284768e-20
1 	 560 	 2 	 2 	 -2.649444e-20 	 3.187032e-20
1 	 561 	 2 	 2 	 -2.762171e-20 	 3.091535e-20
1 	 562 	 2 	 2 	 -2.874899e-20 	 2.996037e-20
1 	 563 	 2 	 2 	 -2.987626e-20 	 2.900540e-20
1 	 564 	 2 	 2 	 -3.100354e-20 	 2.805042e-20
1 	 565 	 2 	 2 	 -3.227996e-20 	 2.735480e-20
1 	 566 	 2 	 2 	 -3.359366e-20 	 2.672402e-20
1 	 567 	 2 	 2 	 -3.490737e-20 	 2.609323e-20
1 	 568 	 2 	 2 	 -3.622108e-20 	 2.546245e-20
1 	 569 	 2 	 2 	 -3.753478e-20 	 2.483166e-20
1 	 570 	 2 	 2 	 -3.888713e-20 	 2.440073e-20
1 	 571 	 2 	 2 	 -4.025767e-20 	 2.406386e-20
1 	 572 	 2 	 2 	 -4.162820e-20 	 2.372698e-20
1 	 573 	 2 	 2 	 -4.299874e-20 	 2.339010e-20
1 	 574 	 2 	 2 	 -4.436927e-20 	 2.305322e-20
1 	 575 	 2 	 2 	 -4.567929e-20 	 2.280551e-20
1 	 576 	 2 	 2 	 -4.694175e-20 	 2.262785e-20
1 	 577 	 2 	 2 	 -4.820422e-20 	 2.245019e-20
1 	 578 	 2 	 2 	 -4.946669e-20 	 2.227253e-20
1 	 579 	 2 	 2 	 -5.072915e-20 	 2.209487e-20
1 	 580 	 2 	 2 	 -5.187650e-20 	 2.197903e-20
1 	 581 	 2 	 2 	 -5.287732e-20 	 2.194186e-20
1 	 582 	 2 	 2 	 -5.387814e-20 	 2.190468e-20
1 	 583 	 2 	 2 	 -5.487896e-20 	 2.186751e-20
1 	 584 	 2 	 2 	 -5.587978e-20 	 2.183034e-20
1 	 585 	 2 	 2 	 -5.682996e-20 	 2.182493e-20
1 	 586 	 2 	 2 	 -5.767252e-20 	 2.188704e-20
1 	 587 	 2 	 2 	 -5.851508e-20 	 2.194915e-20
1 	 588 	 2 	 2 	 -5.935763e-20 	 2.201126e-20
1 	 589 	 2 	 2 	 -6.020020e-20 	 2.207337e-20
1 	 590 	 2 	 2 	 -6.101662e-20 	 2.213583e-20
1 	 591 	 2 	 2 	 -6.172853e-20 	 2.219970e-20
1 	 592 	 2 	 2 	 -6.244044e-20 	 2.226358e-20
1 	 593 	 2 	 2 	 -6.315234e-20 	 2.232745e-20
1 	 594 	 2 	 2 	 -6.386425e-20 	 2.239133e-20
1 	 595 	 2 	 2 	 -6.455771e-20 	 2.245874e-20
1 	 596 	 2 	 2 	 -6.503905e-20 	 2.256679e-20
1 	 597 	 2 	 2 	 -6.552038e-20 	 2.267485e-20
1 	 598 	 2 	 2 	 -6.600171e-20 	 2.278291e-20
1 	 599 	 2 	 2 	 -6.648305e-20 	 2.289097e-20
1 	 600 	 2 	 2 	 -6.696437e-20 	 2.299903e-20
1 	 601 	 2 	 2 	 -6.720877e-20 	 2.310189e-20
1 	 602 	 2 	 2 	 -6.744329e-20 	 2.320453e-20
1 	 603 	 2 	 2 	 -6.767780e-20 	 2.330718e-20
1 	 604 	 2 	 2 	 -6.791232e-20 	 2.340983e-20
1 	 605 	 2 	 2 	 -6.814684e-20 	 2.351248e-20
1 	 606 	 2 	 2 	 -6.806767e-20 	 2.351280e-20
1 	 607 	 2 	 2 	 -6.792874e-20 	 2.349364e-20
1 	 608 	 2 	 2 	 -6.778983e-20 	 2.347447e-20
1 	 609 	 2 	 2 	 -6.765091e-20 	 2.345531e-20
1 	 610 	 2 	 2 	 -6.751199e-20 	 2.343614e-20
1 	 611 	 2 	 2 	 -6.702840e-20 	 2.327726e-20
1 	 612 	 2 	 2 	 -6.641077e-20 	 2.306404e-20
1 	 613 	 2 	 2 	 -6.579315e-20 	 2.285083e-20
1 	 614 	 2 	 2 	 -6.517553e-20 	 2.263761e-20
1 	 615 	 2 	 2 	 -6.455790e-20 	 2.242439e-20
1 	 616 	 2 	 2 	 -6.369119e-20 	 2.200885e-20
1 	 617 	 2 	 2 	 -6.265845e-20 	 2.145842e-20
1 	 618 	 2 	 2 	 -6.162569e-20 	 2.090799e-20
1 	 619 	 2 	 2 	 -6.059294e-20 	 2.035755e-20
1 	 620 	 2 	 2 	 -5.956019e-20 	 1.980712e-20
1 	 621 	 2 	 2 	 -5.839152e-20 	 1.911691e-20
1 	 622 	 2 	 2 	 -5.707560e-20 	 1.827526e-20
1 	 623 	 2 	 2 	 -5.575970e-20 	 1.743362e-20
1 	 624 	 2 	 2 	 -5.444378e-20 	 1.659198e-20
1 	 625 	 2 	 2 	 -5.312787e-20 	 1.575033e-20
1 	 626 	 2 	 2 	 -5.180990e-20 	 1.490243e-20
1 	 627 	 2 	 2 	 -5.048825e-20 	 1.404339e-20
1 	 628 	 2 	 2 	 -4.916661e-20 	 1.318436e-20
1 	 629 	 2 	 2 	 -4.784498e-20 	 1.232532e-20
1 	 630 	 2 	 2 	 -4.652334e-20 	 1.146628e-20
1 	 631 	 2 	 2 	 -4.525636e-20 	 1.066036e-20
1 	 632 	 2 	 2 	 -4.416247e-20 	 1.002264e-20
1 	 633 	 2 	 2 	 -4.306859e-20 	 9.384924e-21
1 	 634 	 2 	 2 	 -4.197470e-20 	 8.747204e-21
1 	 635 	 2 	 2 	 -4.088082e-20 	 8.109485e-21
1 	 636 	 2 	 2 	 -3.981768e-20 	 7.512392e-21
1 	 637 	 2 	 2 	 -3.898001e-20 	 7.213230e-21
1 	 638 	 2 	 2 	 -3.814234e-20 	 6.914068e-21
1 	 639 	 2 	 2 	 -3.730466e-20 	 6.614905e-21
1 	 640 	 2 	 2 	 -3.646699e-20 	 6.315742e-21
1 	 641 	 2 	 2 	 -3.562932e-20 	 6.016580e-21
1 	 1 	 2 	 3 	 9.226233e-24 	 7.058296e-21
1 	 2 	 2 	 3 	 -4.559928e-22 	 7.069049e-21
1 	 3 	 2 	 3 	 -9.212118e-22 	 7.079803e-21
1 	 4 	 2 	 3 	 -1.386431e-21 	 7.090555e-21
1 	 5 	 2 	 3 	 -1.851650e-21 	 7.101308e-21
1 	 6 	 2 	 3 	 -2.316869e-21 	 7.112062e-21
1 	 7 	 2 	 3 	 -2.824159e-21 	 7.114819e-21
1 	 8 	 2 	 3 	 -3.337186e-21 	 7.116485e-21
1 	 9 	 2 	 3 	 -3.850213e-21 	 7.118151e-21
1 	 10 	 2 	 3 	 -4.363240e-21 	 7.119817e-21
1 	 11 	 2 	 3 	 -4.876267e-21 	 7.121484e-21
1 	 12 	 2 	 3 	 -5.421351e-21 	 7.104788e-21
1 	 13 	 2 	 3 	 -5.976558e-21 	 7.082295e-21
1 	 14 	 2 	 3 	 -6.531765e-21 	 7.059800e-21
1 	 15 	 2 	 3 	 -7.086972e-21 	 7.037306e-21
1 	 16 	 2 	 3 	 -7.642180e-21 	 7.014811e-21
1 	 17 	 2 	 3 	 -8.230815e-21 	 6.966456e-21
1 	 18 	 2 	 3 	 -8.838255e-21 	 6.903553e-21
1 	 19 	 2 	 3 	 -9.445694e-21 	 6.840651e-21
1 	 20 	 2 	 3 	 -1.005313e-20 	 6.777748e-21
1 	 21 	 2 	 3 	 -1.066057e-20 	 6.714845e-21
1 	 22 	 2 	 3 	 -1.130120e-20 	 6.631152e-21
1 	 23 	 2 	 3 	 -1.197245e-20 	 6.528265e-21
1 	 24 	 2 	 3 	 -1.264371e-20 	 6.425379e-21
1 	 25 	 2 	 3 	 -1.331496e-20 	 6.322493e-21
1 	 26 	 2 	 3 	 -1.398622e-20 	 6.219607e-21
1 	 27 	 2 	 3 	 -1.467902e-20 	 6.106562e-21
1 	 28 	 2 	 3 	 -1.540415e-20 	 5.978278e-21
1 	 29 	 2 	 3 	 -1.612928e-20 	 5.849993e-21
1 	 30 	 2 	 3 	 -1.685441e-20 	 5.721709e-21
1 	 31 	 2 	 3 	 -1.757953e-20 	 5.593425e-21
1 	 32 	 2 	 3 	 -1.831038e-20 	 5.458356e-21
1 	 33 	 2 	 3 	 -1.905591e-20 	 5.305843e-21
1 	 34 	 2 	 3 	 -1.980144e-20 	 5.153329e-21
1 	 35 	 2 	 3 	 -2.054697e-20 	 5.000815e-21
1 	 36 	 2 	 3 	 -2.129250e-20 	 4.848301e-21
1 	 37 	 2 	 3 	 -2.203712e-20 	 4.687035e-21
1 	 38 	 2 	 3 	 -2.277694e-20 	 4.479817e-21
1 	 39 	 2 	 3 	 -2.351676e-20 	 4.272599e-21
1 	 40 	 2 	 3 	 -2.425659e-20 	 4.065381e-21
1 	 41 	 2 	 3 	 -2.499641e-20 	 3.858164e-21
1 	 42 	 2 	 3 	 -2.573653e-20 	 3.647277e-21
1 	 43 	 2 	 3 	 -2.648375e-20 	 3.348344e-21
1 	 44 	 2 	 3 	 -2.723097e-20 	 3.049410e-21
1 	 45 	 2 	 3 	 -2.797819e-20 	 2.750476e-21
1 	 46 	 2 	 3 	 -2.872541e-20 	 2.451542e-21
1 	 47 	 2 	 3 	 -2.947263e-20 	 2.152608e-21
1 	 48 	 2 	 3 	 -3.026095e-20 	 1.774102e-21
1 	 49 	 2 	 3 	 -3.105284e-20 	 1.388677e-21
1 	 50 	 2 	 3 	 -3.184474e-20 	 1.003251e-21
1 	 51 	 2 	 3 	 -3.263663e-20 	 6.178253e-22
1 	 52 	 2 	 3 	 -3.342852e-20 	 2.323996e-22
1 	 53 	 2 	 3 	 -3.425631e-20 	 -1.791770e-22
1 	 54 	 2 	 3 	 -3.509306e-20 	 -5.972912e-22
1 	 55 	 2 	 3 	 -3.592981e-20 	 -1.015406e-21
1 	 56 	 2 	 3 	 -3.676656e-20 	 -1.433520e-21
1 	 57 	 2 	 3 	 -3.760331e-20 	 -1.851634e-21
1 	 58 	 2 	 3 	 -3.842288e-20 	 -2.268971e-21
1 	 59 	 2 	 3 	 -3.923435e-20 	 -2.685941e-21
1 	 60 	 2 	 3 	 -4.004582e-20 	 -3.102912e-21
1 	 61 	 2 	 3 	 -4.085729e-20 	 -3.519883e-21
1 	 62 	 2 	 3 	 -4.166876e-20 	 -3.936853e-21
1 	 63 	 2 	 3 	 -4.242566e-20 	 -4.384562e-21
1 	 64 	 2 	 3 	 -4.313968e-20 	 -4.856422e-21
1 	 65 	 2 	 3 	 -4.385370e-20 	 -5.328282e-21
1 	 66 	 2 	 3 	 -4.456772e-20 	 -5.800142e-21
1 	 67 	 2 	 3 	 -4.528173e-20 	 -6.272002e-21
1 	 68 	 2 	 3 	 -4.597032e-20 	 -6.808377e-21
1 	 69 	 2 	 3 	 -4.662655e-20 	 -7.426860e-21
1 	 70 	 2 	 3 	 -4.728277e-20 	 -8.045343e-21
1 	 71 	 2 	 3 	 -4.793899e-20 	 -8.663826e-21
1 	 72 	 2 	 3 	 -4.859522e-20 	 -9.282308e-21
1 	 73 	 2 	 3 	 -4.927394e-20 	 -9.936943e-21
1 	 74 	 2 	 3 	 -5.000046e-20 	 -1.066840e-20
1 	 75 	 2 	 3 	 -5.072698e-20 	 -1.139986e-20
1 	 76 	 2 	 3 	 -5.145351e-20 	 -1.213132e-20
1 	 77 	 2 	 3 	 -5.218003e-20 	 -1.286277e-20
1 	 78 	 2 	 3 	 -5.292201e-20 	 -1.357995e-20
1 	 79 	 2 	 3 	 -5.372580e-20 	 -1.423998e-20
1 	 80 	 2 	 3 	 -5.452959e-20 	 -1.490001e-20
1 	 81 	 2 	 3 	 -5.533337e-20 	 -1.556004e-20
1 	 82 	 2 	 3 	 -5.613716e-20 	 -1.622007e-20
1 	 83 	 2 	 3 	 -5.693027e-20 	 -1.686810e-20
1 	 84 	 2 	 3 	 -5.760044e-20 	 -1.737812e-20
1 	 85 	 2 	 3 	 -5.827063e-20 	 -1.788814e-20
1 	 86 	 2 	 3 	 -5.894081e-20 	 -1.839816e-20
1 	 87 	 2 	 3 	 -5.961099e-20 	 -1.890818e-20
1 	 88 	 2 	 3 	 -6.028117e-20 	 -1.941821e-20
1 	 89 	 2 	 3 	 -6.069540e-20 	 -1.999466e-20
1 	 90 	 2 	 3 	 -6.109897e-20 	 -2.057388e-20
1 	 91 	 2 	 3 	 -6.150253e-20 	 -2.115310e-20
1 	 92 	 2 	 3 	 -6.190610e-20 	 -2.173232e-20
1 	 93 	 2 	 3 	 -6.230966e-20 	 -2.231154e-20
1 	 94 	 2 	 3 	 -6.270180e-20 	 -2.311050e-20
1 	 95 	 2 	 3 	 -6.309177e-20 	 -2.395131e-20
1 	 96 	 2 	 3 	 -6.348173e-20 	 -2.479212e-20
1 	 97 	 2 	 3 	 -6.387169e-20 	 -2.563293e-20
1 	 98 	 2 	 3 	 -6.426165e-20 	 -2.647374e-20
1 	 99 	 2 	 3 	 -6.485302e-20 	 -2.730098e-20
1 	 100 	 2 	 3 	 -6.552272e-20 	 -2.812294e-20
1 	 101 	 2 	 3 	 -6.619241e-20 	 -2.894490e-20
1 	 102 	 2 	 3 	 -6.686211e-20 	 -2.976687e-20
1 	 103 	 2 	 3 	 -6.753181e-20 	 -3.058883e-20
1 	 104 	 2 	 3 	 -6.820504e-20 	 -3.116211e-20
1 	 105 	 2 	 3 	 -6.888065e-20 	 -3.156959e-20
1 	 106 	 2 	 3 	 -6.955625e-20 	 -3.197707e-20
1 	 107 	 2 	 3 	 -7.023185e-20 	 -3.238455e-20
1 	 108 	 2 	 3 	 -7.090745e-20 	 -3.279204e-20
1 	 109 	 2 	 3 	 -7.135591e-20 	 -3.313383e-20
1 	 110 	 2 	 3 	 -7.155830e-20 	 -3.340445e-20
1 	 111 	 2 	 3 	 -7.176068e-20 	 -3.367508e-20
1 	 112 	 2 	 3 	 -7.196307e-20 	 -3.394571e-20
1 	 113 	 2 	 3 	 -7.216545e-20 	 -3.421633e-20
1 	 114 	 2 	 3 	 -7.230573e-20 	 -3.464778e-20
1 	 115 	 2 	 3 	 -7.233560e-20 	 -3.536516e-20
1 	 116 	 2 	 3 	 -7.236546e-20 	 -3.608254e-20
1 	 117 	 2 	 3 	 -7.239533e-20 	 -3.679991e-20
1 	 118 	 2 	 3 	 -7.242519e-20 	 -3.751729e-20
1 	 119 	 2 	 3 	 -7.258079e-20 	 -3.826826e-20
1 	 120 	 2 	 3 	 -7.313459e-20 	 -3.912558e-20
1 	 121 	 2 	 3 	 -7.368840e-20 	 -3.998291e-20
1 	 122 	 2 	 3 	 -7.424219e-20 	 -4.084024e-20
1 	 123 	 2 	 3 	 -7.479599e-20 	 -4.169757e-20
1 	 124 	 2 	 3 	 -7.537396e-20 	 -4.247853e-20
1 	 125 	 2 	 3 	 -7.612915e-20 	 -4.269941e-20
1 	 126 	 2 	 3 	 -7.688433e-20 	 -4.292029e-20
1 	 127 	 2 	 3 	 -7.763952e-20 	 -4.314118e-20
1 	 128 	 2 	 3 	 -7.839471e-20 	 -4.336206e-20
1 	 129 	 2 	 3 	 -7.914989e-20 	 -4.358294e-20
1 	 130 	 2 	 3 	 -7.925784e-20 	 -4.354606e-20
1 	 131 	 2 	 3 	 -7.936578e-20 	 -4.350919e-20
1 	 132 	 2 	 3 	 -7.947373e-20 	 -4.347231e-20
1 	 133 	 2 	 3 	 -7.958168e-20 	 -4.343543e-20
1 	 134 	 2 	 3 	 -7.968962e-20 	 -4.339855e-20
1 	 135 	 2 	 3 	 -7.960815e-20 	 -4.394194e-20
1 	 136 	 2 	 3 	 -7.950085e-20 	 -4.456447e-20
1 	 137 	 2 	 3 	 -7.939354e-20 	 -4.518699e-20
1 	 138 	 2 	 3 	 -7.928624e-20 	 -4.580951e-20
1 	 139 	 2 	 3 	 -7.917894e-20 	 -4.643203e-20
1 	 140 	 2 	 3 	 -7.960079e-20 	 -4.719594e-20
1 	 141 	 2 	 3 	 -8.018973e-20 	 -4.800451e-20
1 	 142 	 2 	 3 	 -8.077867e-20 	 -4.881308e-20
1 	 143 	 2 	 3 	 -8.136761e-20 	 -4.962164e-20
1 	 144 	 2 	 3 	 -8.195656e-20 	 -5.043021e-20
1 	 145 	 2 	 3 	 -8.263836e-20 	 -5.083699e-20
1 	 146 	 2 	 3 	 -8.337239e-20 	 -5.101776e-20
1 	 147 	 2 	 3 	 -8.410643e-20 	 -5.119853e-20
1 	 148 	 2 	 3 	 -8.484046e-20 	 -5.137930e-20
1 	 149 	 2 	 3 	 -8.557450e-20 	 -5.156007e-20
1 	 150 	 2 	 3 	 -8.604026e-20 	 -5.174424e-20
1 	 151 	 2 	 3 	 -8.625837e-20 	 -5.193155e-20
1 	 152 	 2 	 3 	 -8.647648e-20 	 -5.211886e-20
1 	 153 	 2 	 3 	 -8.669459e-20 	 -5.230617e-20
1 	 154 	 2 	 3 	 -8.691271e-20 	 -5.249347e-20
1 	 155 	 2 	 3 	 -8.717791e-20 	 -5.285116e-20
1 	 156 	 2 	 3 	 -8.751376e-20 	 -5.346441e-20
1 	 157 	 2 	 3 	 -8.784960e-20 	 -5.407766e-20
1 	 158 	 2 	 3 	 -8.818544e-20 	 -5.469091e-20
1 	 159 	 2 	 3 	 -8.852129e-20 	 -5.530416e-20
1 	 160 	 2 	 3 	 -8.889948e-20 	 -5.589058e-20
1 	 161 	 2 	 3 	 -8.938655e-20 	 -5.640802e-20
1 	 162 	 2 	 3 	 -8.987363e-20 	 -5.692546e-20
1 	 163 	 2 	 3 	 -9.036071e-20 	 -5.744290e-20
1 	 164 	 2 	 3 	 -9.084779e-20 	 -5.796035e-20
1 	 165 	 2 	 3 	 -9.131148e-20 	 -5.853491e-20
1 	 166 	 2 	 3 	 -9.165238e-20 	 -5.940930e-20
1 	 167 	 2 	 3 	 -9.199328e-20 	 -6.028370e-20
1 	 168 	 2 	 3 	 -9.233418e-20 	 -6.115809e-20
1 	 169 	 2 	 3 	 -9.267509e-20 	 -6.203248e-20
1 	 170 	 2 	 3 	 -9.304633e-20 	 -6.291735e-20
1 	 171 	 2 	 3 	 -9.414567e-20 	 -6.405349e-20
1 	 172 	 2 	 3 	 -9.524501e-20 	 -6.518964e-20
1 	 173 	 2 	 3 	 -9.634435e-20 	 -6.632578e-20
1 	 174 	 2 	 3 	 -9.744369e-20 	 -6.746194e-20
1 	 175 	 2 	 3 	 -9.854303e-20 	 -6.859808e-20
1 	 176 	 2 	 3 	 -9.964671e-20 	 -6.890368e-20
1 	 177 	 2 	 3 	 -1.007508e-19 	 -6.913706e-20
1 	 178 	 2 	 3 	 -1.018548e-19 	 -6.937044e-20
1 	 179 	 2 	 3 	 -1.029589e-19 	 -6.960382e-20
1 	 180 	 2 	 3 	 -1.040629e-19 	 -6.983720e-20
1 	 181 	 2 	 3 	 -1.042758e-19 	 -7.072312e-20
1 	 182 	 2 	 3 	 -1.042659e-19 	 -7.177217e-20
1 	 183 	 2 	 3 	 -1.042559e-19 	 -7.282121e-20
1 	 184 	 2 	 3 	 -1.042460e-19 	 -7.387027e-20
1 	 185 	 2 	 3 	 -1.042360e-19 	 -7.491932e-20
1 	 186 	 2 	 3 	 -1.053845e-19 	 -7.698695e-20
1 	 187 	 2 	 3 	 -1.070782e-19 	 -7.953391e-20
1 	 188 	 2 	 3 	 -1.087718e-19 	 -8.208087e-20
1 	 189 	 2 	 3 	 -1.104655e-19 	 -8.462783e-20
1 	 190 	 2 	 3 	 -1.121592e-19 	 -8.717480e-20
1 	 191 	 2 	 3 	 -1.146487e-19 	 -8.849676e-20
1 	 192 	 2 	 3 	 -1.177637e-19 	 -8.885621e-20
1 	 193 	 2 	 3 	 -1.208786e-19 	 -8.921566e-20
1 	 194 	 2 	 3 	 -1.239936e-19 	 -8.957510e-20
1 	 195 	 2 	 3 	 -1.271085e-19 	 -8.993455e-20
1 	 196 	 2 	 3 	 -1.291017e-19 	 -9.012252e-20
1 	 197 	 2 	 3 	 -1.296673e-19 	 -9.009225e-20
1 	 198 	 2 	 3 	 -1.302329e-19 	 -9.006196e-20
1 	 199 	 2 	 3 	 -1.307985e-19 	 -9.003169e-20
1 	 200 	 2 	 3 	 -1.313640e-19 	 -9.000141e-20
1 	 201 	 2 	 3 	 -1.322118e-19 	 -9.092477e-20
1 	 202 	 2 	 3 	 -1.336593e-19 	 -9.387462e-20
1 	 203 	 2 	 3 	 -1.351068e-19 	 -9.682447e-20
1 	 204 	 2 	 3 	 -1.365543e-19 	 -9.977432e-20
1 	 205 	 2 	 3 	 -1.380019e-19 	 -1.027242e-19
1 	 206 	 2 	 3 	 -1.399335e-19 	 -1.054103e-19
1 	 207 	 2 	 3 	 -1.438020e-19 	 -1.070414e-19
1 	 208 	 2 	 3 	 -1.476704e-19 	 -1.086724e-19
1 	 209 	 2 	 3 	 -1.515389e-19 	 -1.103035e-19
1 	 210 	 2 	 3 	 -1.554073e-19 	 -1.119346e-19
1 	 211 	 2 	 3 	 -1.591819e-19 	 -1.136010e-19
1 	 212 	 2 	 3 	 -1.618765e-19 	 -1.156735e-19
1 	 213 	 2 	 3 	 -1.645710e-19 	 -1.177460e-19
1 	 214 	 2 	 3 	 -1.672656e-19 	 -1.198184e-19
1 	 215 	 2 	 3 	 -1.699602e-19 	 -1.218909e-19
1 	 216 	 2 	 3 	 -1.726548e-19 	 -1.239634e-19
1 	 217 	 2 	 3 	 -1.800693e-19 	 -1.279141e-19
1 	 218 	 2 	 3 	 -1.876804e-19 	 -1.319431e-19
1 	 219 	 2 	 3 	 -1.952915e-19 	 -1.359720e-19
1 	 220 	 2 	 3 	 -2.029027e-19 	 -1.400010e-19
1 	 221 	 2 	 3 	 -2.105138e-19 	 -1.440300e-19
1 	 222 	 2 	 3 	 -2.220784e-19 	 -1.417574e-19
1 	 223 	 2 	 3 	 -2.343960e-19 	 -1.382846e-19
1 	 224 	 2 	 3 	 -2.467136e-19 	 -1.348118e-19
1 	 225 	 2 	 3 	 -2.590312e-19 	 -1.313389e-19
1 	 226 	 2 	 3 	 -2.713488e-19 	 -1.278661e-19
1 	 227 	 2 	 3 	 -2.808604e-19 	 -1.182727e-19
1 	 228 	 2 	 3 	 -2.892809e-19 	 -1.062990e-19
1 	 229 	 2 	 3 	 -2.977013e-19 	 -9.432533e-20
1 	 230 	 2 	 3 	 -3.061217e-19 	 -8.235166e-20
1 	 231 	 2 	 3 	 -3.145422e-19 	 -7.037799e-20
1 	 232 	 2 	 3 	 -3.158239e-19 	 -5.411738e-20
1 	 233 	 2 	 3 	 -3.123465e-19 	 -3.499883e-20
1 	 234 	 2 	 3 	 -3.088691e-19 	 -1.588028e-20
1 	 235 	 2 	 3 	 -3.053917e-19 	 3.238275e-21
1 	 236 	 2 	 3 	 -3.019143e-19 	 2.235683e-20
1 	 237 	 2 	 3 	 -2.870523e-19 	 3.333106e-20
1 	 238 	 2 	 3 	 -2.598569e-19 	 3.548228e-20
1 	 239 	 2 	 3 	 -2.326615e-19 	 3.763350e-20
1 	 240 	 2 	 3 	 -2.054661e-19 	 3.978472e-20
1 	 241 	 2 	 3 	 -1.782707e-19 	 4.193595e-20
1 	 242 	 2 	 3 	 -1.610355e-19 	 2.754058e-20
1 	 243 	 2 	 3 	 -1.615075e-19 	 -1.627095e-20
1 	 244 	 2 	 3 	 -1.619794e-19 	 -6.008248e-20
1 	 245 	 2 	 3 	 -1.624514e-19 	 -1.038940e-19
1 	 246 	 2 	 3 	 -1.629233e-19 	 -1.477055e-19
1 	 247 	 2 	 3 	 -1.816556e-19 	 -1.815536e-19
1 	 248 	 2 	 3 	 -2.582125e-19 	 -1.838507e-19
1 	 249 	 2 	 3 	 -3.347694e-19 	 -1.861477e-19
1 	 250 	 2 	 3 	 -4.113263e-19 	 -1.884448e-19
1 	 251 	 2 	 3 	 -4.878833e-19 	 -1.907419e-19
1 	 252 	 2 	 3 	 -5.585071e-19 	 -1.797101e-19
1 	 253 	 2 	 3 	 -5.856216e-19 	 -7.093359e-20
1 	 254 	 2 	 3 	 -6.127362e-19 	 3.784295e-20
1 	 255 	 2 	 3 	 -6.398507e-19 	 1.466195e-19
1 	 256 	 2 	 3 	 -6.669652e-19 	 2.553960e-19
1 	 257 	 2 	 3 	 -6.940798e-19 	 3.641726e-19
1 	 258 	 2 	 3 	 -5.792836e-19 	 4.254304e-19
1 	 259 	 2 	 3 	 -4.644874e-19 	 4.866883e-19
1 	 260 	 2 	 3 	 -3.496912e-19 	 5.479462e-19
1 	 261 	 2 	 3 	 -2.348950e-19 	 6.092040e-19
1 	 262 	 2 	 3 	 -1.200988e-19 	 6.704619e-19
1 	 263 	 2 	 3 	 -4.538747e-20 	 5.893537e-19
1 	 264 	 2 	 3 	 2.385774e-20 	 4.888320e-19
1 	 265 	 2 	 3 	 9.310296e-20 	 3.883103e-19
1 	 266 	 2 	 3 	 1.623482e-19 	 2.877886e-19
1 	 267 	 2 	 3 	 2.315934e-19 	 1.872669e-19
1 	 268 	 2 	 3 	 1.697991e-19 	 1.335273e-19
1 	 269 	 2 	 3 	 6.662398e-20 	 9.456090e-20
1 	 270 	 2 	 3 	 -3.655118e-20 	 5.559456e-20
1 	 271 	 2 	 3 	 -1.397263e-19 	 1.662820e-20
1 	 272 	 2 	 3 	 -2.429015e-19 	 -2.233815e-20
1 	 273 	 2 	 3 	 -2.807521e-19 	 5.180706e-20
1 	 274 	 2 	 3 	 -2.818576e-19 	 1.895775e-19
1 	 275 	 2 	 3 	 -2.829630e-19 	 3.273480e-19
1 	 276 	 2 	 3 	 -2.840685e-19 	 4.651184e-19
1 	 277 	 2 	 3 	 -2.851740e-19 	 6.028889e-19
1 	 278 	 2 	 3 	 -2.041973e-19 	 6.624538e-19
1 	 279 	 2 	 3 	 -4.745228e-20 	 6.498291e-19
1 	 280 	 2 	 3 	 1.092927e-19 	 6.372043e-19
1 	 281 	 2 	 3 	 2.660377e-19 	 6.245795e-19
1 	 282 	 2 	 3 	 4.227827e-19 	 6.119547e-19
1 	 283 	 2 	 3 	 5.077715e-19 	 5.654719e-19
1 	 284 	 2 	 3 	 4.851261e-19 	 4.682023e-19
1 	 285 	 2 	 3 	 4.624807e-19 	 3.709326e-19
1 	 286 	 2 	 3 	 4.398354e-19 	 2.736630e-19
1 	 287 	 2 	 3 	 4.171899e-19 	 1.763933e-19
1 	 288 	 2 	 3 	 4.045027e-19 	 1.230272e-19
1 	 289 	 2 	 3 	 4.174224e-19 	 1.825562e-19
1 	 290 	 2 	 3 	 4.303421e-19 	 2.420852e-19
1 	 291 	 2 	 3 	 4.432618e-19 	 3.016142e-19
1 	 292 	 2 	 3 	 4.561815e-19 	 3.611432e-19
1 	 293 	 2 	 3 	 4.783680e-19 	 4.006998e-19
1 	 294 	 2 	 3 	 5.492052e-19 	 3.354013e-19
1 	 295 	 2 	 3 	 6.200423e-19 	 2.701028e-19
1 	 296 	 2 	 3 	 6.908795e-19 	 2.048043e-19
1 	 297 	 2 	 3 	 7.617167e-19 	 1.395058e-19
1 	 298 	 2 	 3 	 8.289281e-19 	 7.680921e-20
1 	 299 	 2 	 3 	 8.091219e-19 	 7.655827e-20
1 	 300 	 2 	 3 	 7.893157e-19 	 7.630735e-20
1 	 301 	 2 	 3 	 7.695096e-19 	 7.605641e-20
1 	 302 	 2 	 3 	 7.497034e-19 	 7.580548e-20
1 	 303 	 2 	 3 	 7.298972e-19 	 7.555455e-20
1 	 304 	 2 	 3 	 7.826294e-19 	 3.650327e-20
1 	 305 	 2 	 3 	 8.416694e-19 	 -5.921953e-21
1 	 306 	 2 	 3 	 9.007093e-19 	 -4.834718e-20
1 	 307 	 2 	 3 	 9.597493e-19 	 -9.077240e-20
1 	 308 	 2 	 3 	 1.018789e-18 	 -1.331976e-19
1 	 309 	 2 	 3 	 9.964227e-19 	 -1.473612e-19
1 	 310 	 2 	 3 	 9.537045e-19 	 -1.544593e-19
1 	 311 	 2 	 3 	 9.109863e-19 	 -1.615575e-19
1 	 312 	 2 	 3 	 8.682681e-19 	 -1.686556e-19
1 	 313 	 2 	 3 	 8.255499e-19 	 -1.757538e-19
1 	 314 	 2 	 3 	 8.437168e-19 	 -1.768104e-19
1 	 315 	 2 	 3 	 8.905354e-19 	 -1.750240e-19
1 	 316 	 2 	 3 	 9.373541e-19 	 -1.732376e-19
1 	 317 	 2 	 3 	 9.841728e-19 	 -1.714513e-19
1 	 318 	 2 	 3 	 1.030992e-18 	 -1.696649e-19
1 	 319 	 2 	 3 	 1.052239e-18 	 -1.866698e-19
1 	 320 	 2 	 3 	 1.053394e-18 	 -2.184393e-19
1 	 321 	 2 	 3 	 1.054550e-18 	 -2.502088e-19
1 	 322 	 2 	 3 	 1.055705e-18 	 -2.819783e-19
1 	 323 	 2 	 3 	 1.056860e-18 	 -3.137478e-19
1 	 324 	 2 	 3 	 1.036959e-18 	 -3.071446e-19
1 	 325 	 2 	 3 	 9.902583e-19 	 -2.517032e-19
1 	 326 	 2 	 3 	 9.435576e-19 	 -1.962618e-19
1 	 327 	 2 	 3 	 8.968568e-19 	 -1.408204e-19
1 	 328 	 2 	 3 	 8.501561e-19 	 -8.537907e-20
1 	 329 	 2 	 3 	 8.301383e-19 	 -6.067933e-20
1 	 330 	 2 	 3 	 8.668218e-19 	 -1.013056e-19
1 	 331 	 2 	 3 	 9.035054e-19 	 -1.419319e-19
1 	 332 	 2 	 3 	 9.401890e-19 	 -1.825581e-19
1 	 333 	 2 	 3 	 9.768725e-19 	 -2.231844e-19
1 	 334 	 2 	 3 	 9.986792e-19 	 -2.398263e-19
1 	 335 	 2 	 3 	 9.609789e-19 	 -1.605311e-19
1 	 336 	 2 	 3 	 9.232785e-19 	 -8.123595e-20
1 	 337 	 2 	 3 	 8.855781e-19 	 -1.940755e-21
1 	 338 	 2 	 3 	 8.478778e-19 	 7.735443e-20
1 	 339 	 2 	 3 	 8.117462e-19 	 1.489841e-19
1 	 340 	 2 	 3 	 7.936572e-19 	 1.324598e-19
1 	 341 	 2 	 3 	 7.755680e-19 	 1.159356e-19
1 	 342 	 2 	 3 	 7.574789e-19 	 9.941134e-20
1 	 343 	 2 	 3 	 7.393897e-19 	 8.288709e-20
1 	 344 	 2 	 3 	 7.213006e-19 	 6.636285e-20
1 	 345 	 2 	 3 	 6.880641e-19 	 1.093607e-19
1 	 346 	 2 	 3 	 6.541965e-19 	 1.548386e-19
1 	 347 	 2 	 3 	 6.203288e-19 	 2.003165e-19
1 	 348 	 2 	 3 	 5.864612e-19 	 2.457944e-19
1 	 349 	 2 	 3 	 5.525936e-19 	 2.912724e-19
1 	 350 	 2 	 3 	 5.369410e-19 	 2.847550e-19
1 	 351 	 2 	 3 	 5.247580e-19 	 2.683338e-19
1 	 352 	 2 	 3 	 5.125750e-19 	 2.519127e-19
1 	 353 	 2 	 3 	 5.003920e-19 	 2.354915e-19
1 	 354 	 2 	 3 	 4.882090e-19 	 2.190703e-19
1 	 355 	 2 	 3 	 4.706106e-19 	 2.744240e-19
1 	 356 	 2 	 3 	 4.509061e-19 	 3.576902e-19
1 	 357 	 2 	 3 	 4.312016e-19 	 4.409563e-19
1 	 358 	 2 	 3 	 4.114971e-19 	 5.242225e-19
1 	 359 	 2 	 3 	 3.917926e-19 	 6.074887e-19
1 	 360 	 2 	 3 	 3.039423e-19 	 6.256449e-19
1 	 361 	 2 	 3 	 1.706614e-19 	 6.003945e-19
1 	 362 	 2 	 3 	 3.738048e-20 	 5.751440e-19
1 	 363 	 2 	 3 	 -9.590044e-20 	 5.498936e-19
1 	 364 	 2 	 3 	 -2.291813e-19 	 5.246431e-19
1 	 365 	 2 	 3 	 -2.823724e-19 	 4.587931e-19
1 	 366 	 2 	 3 	 -2.487994e-19 	 3.489602e-19
1 	 367 	 2 	 3 	 -2.152264e-19 	 2.391272e-19
1 	 368 	 2 	 3 	 -1.816534e-19 	 1.292942e-19
1 	 369 	 2 	 3 	 -1.480804e-19 	 1.946129e-20
1 	 370 	 2 	 3 	 -9.952894e-20 	 -2.675927e-20
1 	 371 	 2 	 3 	 -2.434919e-20 	 4.010889e-20
1 	 372 	 2 	 3 	 5.083056e-20 	 1.069770e-19
1 	 373 	 2 	 3 	 1.260103e-19 	 1.738452e-19
1 	 374 	 2 	 3 	 2.011901e-19 	 2.407134e-19
1 	 375 	 2 	 3 	 2.358608e-19 	 3.097256e-19
1 	 376 	 2 	 3 	 1.422532e-19 	 3.855275e-19
1 	 377 	 2 	 3 	 4.864562e-20 	 4.613293e-19
1 	 378 	 2 	 3 	 -4.496199e-20 	 5.371312e-19
1 	 379 	 2 	 3 	 -1.385696e-19 	 6.129331e-19
1 	 380 	 2 	 3 	 -2.323703e-19 	 6.697364e-19
1 	 381 	 2 	 3 	 -3.275869e-19 	 5.872171e-19
1 	 382 	 2 	 3 	 -4.228035e-19 	 5.046978e-19
1 	 383 	 2 	 3 	 -5.180200e-19 	 4.221785e-19
1 	 384 	 2 	 3 	 -6.132367e-19 	 3.396592e-19
1 	 385 	 2 	 3 	 -7.084533e-19 	 2.571399e-19
1 	 386 	 2 	 3 	 -6.630616e-19 	 1.620400e-19
1 	 387 	 2 	 3 	 -6.176698e-19 	 6.694017e-20
1 	 388 	 2 	 3 	 -5.722781e-19 	 -2.815971e-20
1 	 389 	 2 	 3 	 -5.268864e-19 	 -1.232596e-19
1 	 390 	 2 	 3 	 -4.814948e-19 	 -2.183594e-19
1 	 391 	 2 	 3 	 -4.154177e-19 	 -2.144225e-19
1 	 392 	 2 	 3 	 -3.465199e-19 	 -1.969806e-19
1 	 393 	 2 	 3 	 -2.776222e-19 	 -1.795386e-19
1 	 394 	 2 	 3 	 -2.087244e-19 	 -1.620967e-19
1 	 395 	 2 	 3 	 -1.398267e-19 	 -1.446547e-19
1 	 396 	 2 	 3 	 -1.316795e-19 	 -1.090199e-19
1 	 397 	 2 	 3 	 -1.427167e-19 	 -6.763998e-20
1 	 398 	 2 	 3 	 -1.537539e-19 	 -2.626005e-20
1 	 399 	 2 	 3 	 -1.647911e-19 	 1.511988e-20
1 	 400 	 2 	 3 	 -1.758283e-19 	 5.649981e-20
1 	 401 	 2 	 3 	 -1.977855e-19 	 6.509596e-20
1 	 402 	 2 	 3 	 -2.258851e-19 	 5.525124e-20
1 	 403 	 2 	 3 	 -2.539848e-19 	 4.540652e-20
1 	 404 	 2 	 3 	 -2.820844e-19 	 3.556180e-20
1 	 405 	 2 	 3 	 -3.101841e-19 	 2.571708e-20
1 	 406 	 2 	 3 	 -3.230952e-19 	 9.886067e-21
1 	 407 	 2 	 3 	 -3.219863e-19 	 -1.147075e-20
1 	 408 	 2 	 3 	 -3.208774e-19 	 -3.282758e-20
1 	 409 	 2 	 3 	 -3.197684e-19 	 -5.418440e-20
1 	 410 	 2 	 3 	 -3.186595e-19 	 -7.554122e-20
1 	 411 	 2 	 3 	 -3.136648e-19 	 -9.216704e-20
1 	 412 	 2 	 3 	 -3.028417e-19 	 -1.016964e-19
1 	 413 	 2 	 3 	 -2.920185e-19 	 -1.112257e-19
1 	 414 	 2 	 3 	 -2.811954e-19 	 -1.207550e-19
1 	 415 	 2 	 3 	 -2.703723e-19 	 -1.302843e-19
1 	 416 	 2 	 3 	 -2.593875e-19 	 -1.375728e-19
1 	 417 	 2 	 3 	 -2.479869e-19 	 -1.390991e-19
1 	 418 	 2 	 3 	 -2.365865e-19 	 -1.406254e-19
1 	 419 	 2 	 3 	 -2.251860e-19 	 -1.421517e-19
1 	 420 	 2 	 3 	 -2.137855e-19 	 -1.436780e-19
1 	 421 	 2 	 3 	 -2.031613e-19 	 -1.443119e-19
1 	 422 	 2 	 3 	 -1.966131e-19 	 -1.402607e-19
1 	 423 	 2 	 3 	 -1.900649e-19 	 -1.362094e-19
1 	 424 	 2 	 3 	 -1.835167e-19 	 -1.321582e-19
1 	 425 	 2 	 3 	 -1.769685e-19 	 -1.281069e-19
1 	 426 	 2 	 3 	 -1.705847e-19 	 -1.241441e-19
1 	 427 	 2 	 3 	 -1.681487e-19 	 -1.223036e-19
1 	 428 	 2 	 3 	 -1.657126e-19 	 -1.204632e-19
1 	 429 	 2 	 3 	 -1.632766e-19 	 -1.186227e-19
1 	 430 	 2 	 3 	 -1.608405e-19 	 -1.167823e-19
1 	 431 	 2 	 3 	 -1.584044e-19 	 -1.149418e-19
1 	 432 	 2 	 3 	 -1.547539e-19 	 -1.134266e-19
1 	 433 	 2 	 3 	 -1.509977e-19 	 -1.119396e-19
1 	 434 	 2 	 3 	 -1.472415e-19 	 -1.104527e-19
1 	 435 	 2 	 3 	 -1.434853e-19 	 -1.089657e-19
1 	 436 	 2 	 3 	 -1.397291e-19 	 -1.074787e-19
1 	 437 	 2 	 3 	 -1.377241e-19 	 -1.049210e-19
1 	 438 	 2 	 3 	 -1.361570e-19 	 -1.020957e-19
1 	 439 	 2 	 3 	 -1.345898e-19 	 -9.927036e-20
1 	 440 	 2 	 3 	 -1.330226e-19 	 -9.644501e-20
1 	 441 	 2 	 3 	 -1.314555e-19 	 -9.361967e-20
1 	 442 	 2 	 3 	 -1.304677e-19 	 -9.262377e-20
1 	 443 	 2 	 3 	 -1.297527e-19 	 -9.248879e-20
1 	 444 	 2 	 3 	 -1.290377e-19 	 -9.235381e-20
1 	 445 	 2 	 3 	 -1.283226e-19 	 -9.221883e-20
1 	 446 	 2 	 3 	 -1.276076e-19 	 -9.208385e-20
1 	 447 	 2 	 3 	 -1.255994e-19 	 -9.171920e-20
1 	 448 	 2 	 3 	 -1.225752e-19 	 -9.117411e-20
1 	 449 	 2 	 3 	 -1.195510e-19 	 -9.062902e-20
1 	 450 	 2 	 3 	 -1.165268e-19 	 -9.008392e-20
1 	 451 	 2 	 3 	 -1.135026e-19 	 -8.953883e-20
1 	 452 	 2 	 3 	 -1.111044e-19 	 -8.810261e-20
1 	 453 	 2 	 3 	 -1.095029e-19 	 -8.553221e-20
1 	 454 	 2 	 3 	 -1.079015e-19 	 -8.296183e-20
1 	 455 	 2 	 3 	 -1.063000e-19 	 -8.039143e-20
1 	 456 	 2 	 3 	 -1.046985e-19 	 -7.782105e-20
1 	 457 	 2 	 3 	 -1.036142e-19 	 -7.572556e-20
1 	 458 	 2 	 3 	 -1.036290e-19 	 -7.463923e-20
1 	 459 	 2 	 3 	 -1.036438e-19 	 -7.355291e-20
1 	 460 	 2 	 3 	 -1.036585e-19 	 -7.246658e-20
1 	 461 	 2 	 3 	 -1.036733e-19 	 -7.138025e-20
1 	 462 	 2 	 3 	 -1.034702e-19 	 -7.044938e-20
1 	 463 	 2 	 3 	 -1.023957e-19 	 -7.014030e-20
1 	 464 	 2 	 3 	 -1.013212e-19 	 -6.983123e-20
1 	 465 	 2 	 3 	 -1.002467e-19 	 -6.952216e-20
1 	 466 	 2 	 3 	 -9.917220e-20 	 -6.921308e-20
1 	 467 	 2 	 3 	 -9.809948e-20 	 -6.883370e-20
1 	 468 	 2 	 3 	 -9.704730e-20 	 -6.764571e-20
1 	 469 	 2 	 3 	 -9.599512e-20 	 -6.645773e-20
1 	 470 	 2 	 3 	 -9.494294e-20 	 -6.526975e-20
1 	 471 	 2 	 3 	 -9.389076e-20 	 -6.408177e-20
1 	 472 	 2 	 3 	 -9.283857e-20 	 -6.289379e-20
1 	 473 	 2 	 3 	 -9.250091e-20 	 -6.196707e-20
1 	 474 	 2 	 3 	 -9.219301e-20 	 -6.105125e-20
1 	 475 	 2 	 3 	 -9.188512e-20 	 -6.013542e-20
1 	 476 	 2 	 3 	 -9.157722e-20 	 -5.921959e-20
1 	 477 	 2 	 3 	 -9.126932e-20 	 -5.830377e-20
1 	 478 	 2 	 3 	 -9.083095e-20 	 -5.768323e-20
1 	 479 	 2 	 3 	 -9.036772e-20 	 -5.711895e-20
1 	 480 	 2 	 3 	 -8.990450e-20 	 -5.655466e-20
1 	 481 	 2 	 3 	 -8.944127e-20 	 -5.599038e-20
1 	 482 	 2 	 3 	 -8.897804e-20 	 -5.542609e-20
1 	 483 	 2 	 3 	 -8.862371e-20 	 -5.478409e-20
1 	 484 	 2 	 3 	 -8.831173e-20 	 -5.411186e-20
1 	 485 	 2 	 3 	 -8.799974e-20 	 -5.343963e-20
1 	 486 	 2 	 3 	 -8.768776e-20 	 -5.276740e-20
1 	 487 	 2 	 3 	 -8.737577e-20 	 -5.209517e-20
1 	 488 	 2 	 3 	 -8.714433e-20 	 -5.167689e-20
1 	 489 	 2 	 3 	 -8.696658e-20 	 -5.142790e-20
1 	 490 	 2 	 3 	 -8.678882e-20 	 -5.117891e-20
1 	 491 	 2 	 3 	 -8.661107e-20 	 -5.092993e-20
1 	 492 	 2 	 3 	 -8.643332e-20 	 -5.068094e-20
1 	 493 	 2 	 3 	 -8.601003e-20 	 -5.044532e-20
1 	 494 	 2 	 3 	 -8.532075e-20 	 -5.022416e-20
1 	 495 	 2 	 3 	 -8.463146e-20 	 -5.000301e-20
1 	 496 	 2 	 3 	 -8.394218e-20 	 -4.978186e-20
1 	 497 	 2 	 3 	 -8.325289e-20 	 -4.956071e-20
1 	 498 	 2 	 3 	 -8.260765e-20 	 -4.911626e-20
1 	 499 	 2 	 3 	 -8.204071e-20 	 -4.827486e-20
1 	 500 	 2 	 3 	 -8.147377e-20 	 -4.743344e-20
1 	 501 	 2 	 3 	 -8.090683e-20 	 -4.659204e-20
1 	 502 	 2 	 3 	 -8.033988e-20 	 -4.575063e-20
1 	 503 	 2 	 3 	 -7.993842e-20 	 -4.494941e-20
1 	 504 	 2 	 3 	 -8.006096e-20 	 -4.427548e-20
1 	 505 	 2 	 3 	 -8.018350e-20 	 -4.360154e-20
1 	 506 	 2 	 3 	 -8.030603e-20 	 -4.292760e-20
1 	 507 	 2 	 3 	 -8.042857e-20 	 -4.225367e-20
1 	 508 	 2 	 3 	 -8.052750e-20 	 -4.165883e-20
1 	 509 	 2 	 3 	 -8.045325e-20 	 -4.164408e-20
1 	 510 	 2 	 3 	 -8.037899e-20 	 -4.162933e-20
1 	 511 	 2 	 3 	 -8.030474e-20 	 -4.161458e-20
1 	 512 	 2 	 3 	 -8.023049e-20 	 -4.159983e-20
1 	 513 	 2 	 3 	 -8.015624e-20 	 -4.158509e-20
1 	 514 	 2 	 3 	 -7.943603e-20 	 -4.133682e-20
1 	 515 	 2 	 3 	 -7.871583e-20 	 -4.108856e-20
1 	 516 	 2 	 3 	 -7.799563e-20 	 -4.084029e-20
1 	 517 	 2 	 3 	 -7.727543e-20 	 -4.059203e-20
1 	 518 	 2 	 3 	 -7.655522e-20 	 -4.034377e-20
1 	 519 	 2 	 3 	 -7.599532e-20 	 -3.954411e-20
1 	 520 	 2 	 3 	 -7.545728e-20 	 -3.866927e-20
1 	 521 	 2 	 3 	 -7.491923e-20 	 -3.779442e-20
1 	 522 	 2 	 3 	 -7.438119e-20 	 -3.691957e-20
1 	 523 	 2 	 3 	 -7.384315e-20 	 -3.604472e-20
1 	 524 	 2 	 3 	 -7.369928e-20 	 -3.527128e-20
1 	 525 	 2 	 3 	 -7.367989e-20 	 -3.452986e-20
1 	 526 	 2 	 3 	 -7.366049e-20 	 -3.378844e-20
1 	 527 	 2 	 3 	 -7.364110e-20 	 -3.304703e-20
1 	 528 	 2 	 3 	 -7.362171e-20 	 -3.230561e-20
1 	 529 	 2 	 3 	 -7.349822e-20 	 -3.185416e-20
1 	 530 	 2 	 3 	 -7.331618e-20 	 -3.156582e-20
1 	 531 	 2 	 3 	 -7.313415e-20 	 -3.127748e-20
1 	 532 	 2 	 3 	 -7.295211e-20 	 -3.098914e-20
1 	 533 	 2 	 3 	 -7.277007e-20 	 -3.070080e-20
1 	 534 	 2 	 3 	 -7.234223e-20 	 -3.035150e-20
1 	 535 	 2 	 3 	 -7.168750e-20 	 -2.994592e-20
1 	 536 	 2 	 3 	 -7.103277e-20 	 -2.954035e-20
1 	 537 	 2 	 3 	 -7.037803e-20 	 -2.913477e-20
1 	 538 	 2 	 3 	 -6.972331e-20 	 -2.872920e-20
1 	 539 	 2 	 3 	 -6.906713e-20 	 -2.816269e-20
1 	 540 	 2 	 3 	 -6.840881e-20 	 -2.735480e-20
1 	 541 	 2 	 3 	 -6.775049e-20 	 -2.654690e-20
1 	 542 	 2 	 3 	 -6.709216e-20 	 -2.573900e-20
1 	 543 	 2 	 3 	 -6.643383e-20 	 -2.493110e-20
1 	 544 	 2 	 3 	 -6.585302e-20 	 -2.411879e-20
1 	 545 	 2 	 3 	 -6.547151e-20 	 -2.329514e-20
1 	 546 	 2 	 3 	 -6.509001e-20 	 -2.247149e-20
1 	 547 	 2 	 3 	 -6.470850e-20 	 -2.164784e-20
1 	 548 	 2 	 3 	 -6.432699e-20 	 -2.082419e-20
1 	 549 	 2 	 3 	 -6.394417e-20 	 -2.004348e-20
1 	 550 	 2 	 3 	 -6.355440e-20 	 -1.948817e-20
1 	 551 	 2 	 3 	 -6.316464e-20 	 -1.893285e-20
1 	 552 	 2 	 3 	 -6.277487e-20 	 -1.837754e-20
1 	 553 	 2 	 3 	 -6.238511e-20 	 -1.782222e-20
1 	 554 	 2 	 3 	 -6.198482e-20 	 -1.727016e-20
1 	 555 	 2 	 3 	 -6.133180e-20 	 -1.679614e-20
1 	 556 	 2 	 3 	 -6.067878e-20 	 -1.632213e-20
1 	 557 	 2 	 3 	 -6.002576e-20 	 -1.584811e-20
1 	 558 	 2 	 3 	 -5.937274e-20 	 -1.537410e-20
1 	 559 	 2 	 3 	 -5.871972e-20 	 -1.490008e-20
1 	 560 	 2 	 3 	 -5.794261e-20 	 -1.429666e-20
1 	 561 	 2 	 3 	 -5.715472e-20 	 -1.368199e-20
1 	 562 	 2 	 3 	 -5.636683e-20 	 -1.306731e-20
1 	 563 	 2 	 3 	 -5.557894e-20 	 -1.245264e-20
1 	 564 	 2 	 3 	 -5.479105e-20 	 -1.183797e-20
1 	 565 	 2 	 3 	 -5.406451e-20 	 -1.116897e-20
1 	 566 	 2 	 3 	 -5.335331e-20 	 -1.048639e-20
1 	 567 	 2 	 3 	 -5.264211e-20 	 -9.803803e-21
1 	 568 	 2 	 3 	 -5.193091e-20 	 -9.121221e-21
1 	 569 	 2 	 3 	 -5.121971e-20 	 -8.438640e-21
1 	 570 	 2 	 3 	 -5.055805e-20 	 -7.833681e-21
1 	 571 	 2 	 3 	 -4.991970e-20 	 -7.265250e-21
1 	 572 	 2 	 3 	 -4.928135e-20 	 -6.696819e-21
1 	 573 	 2 	 3 	 -4.864301e-20 	 -6.128388e-21
1 	 574 	 2 	 3 	 -4.800466e-20 	 -5.559957e-21
1 	 575 	 2 	 3 	 -4.733564e-20 	 -5.074310e-21
1 	 576 	 2 	 3 	 -4.664253e-20 	 -4.653710e-21
1 	 577 	 2 	 3 	 -4.594941e-20 	 -4.233109e-21
1 	 578 	 2 	 3 	 -4.525629e-20 	 -3.812509e-21
1 	 579 	 2 	 3 	 -4.456318e-20 	 -3.391908e-21
1 	 580 	 2 	 3 	 -4.382761e-20 	 -2.995423e-21
1 	 581 	 2 	 3 	 -4.303802e-20 	 -2.629629e-21
1 	 582 	 2 	 3 	 -4.224843e-20 	 -2.263836e-21
1 	 583 	 2 	 3 	 -4.145884e-20 	 -1.898042e-21
1 	 584 	 2 	 3 	 -4.066925e-20 	 -1.532248e-21
1 	 585 	 2 	 3 	 -3.987133e-20 	 -1.165128e-21
1 	 586 	 2 	 3 	 -3.905572e-20 	 -7.951899e-22
1 	 587 	 2 	 3 	 -3.824011e-20 	 -4.252513e-22
1 	 588 	 2 	 3 	 -3.742451e-20 	 -5.531274e-23
1 	 589 	 2 	 3 	 -3.660890e-20 	 3.146258e-22
1 	 590 	 2 	 3 	 -3.580203e-20 	 6.791154e-22
1 	 591 	 2 	 3 	 -3.503011e-20 	 1.021809e-21
1 	 592 	 2 	 3 	 -3.425820e-20 	 1.364503e-21
1 	 593 	 2 	 3 	 -3.348628e-20 	 1.707197e-21
1 	 594 	 2 	 3 	 -3.271436e-20 	 2.049891e-21
1 	 595 	 2 	 3 	 -3.194591e-20 	 2.386173e-21
1 	 596 	 2 	 3 	 -3.121730e-20 	 2.648725e-21
1 	 597 	 2 	 3 	 -3.048868e-20 	 2.911276e-21
1 	 598 	 2 	 3 	 -2.976007e-20 	 3.173828e-21
1 	 599 	 2 	 3 	 -2.903145e-20 	 3.436379e-21
1 	 600 	 2 	 3 	 -2.830284e-20 	 3.698931e-21
1 	 601 	 2 	 3 	 -2.757929e-20 	 3.879606e-21
1 	 602 	 2 	 3 	 -2.685596e-20 	 4.056870e-21
1 	 603 	 2 	 3 	 -2.613263e-20 	 4.234134e-21
1 	 604 	 2 	 3 	 -2.540930e-20 	 4.411398e-21
1 	 605 	 2 	 3 	 -2.468597e-20 	 4.588662e-21
1 	 606 	 2 	 3 	 -2.395519e-20 	 4.725644e-21
1 	 607 	 2 	 3 	 -2.322300e-20 	 4.854953e-21
1 	 608 	 2 	 3 	 -2.249081e-20 	 4.984262e-21
1 	 609 	 2 	 3 	 -2.175862e-20 	 5.113571e-21
1 	 610 	 2 	 3 	 -2.102644e-20 	 5.242880e-21
1 	 611 	 2 	 3 	 -2.030583e-20 	 5.360207e-21
1 	 612 	 2 	 3 	 -1.958972e-20 	 5.472874e-21
1 	 613 	 2 	 3 	 -1.887362e-20 	 5.585542e-21
1 	 614 	 2 	 3 	 -1.815751e-20 	 5.698209e-21
1 	 615 	 2 	 3 	 -1.744141e-20 	 5.810877e-21
1 	 616 	 2 	 3 	 -1.675399e-20 	 5.913151e-21
1 	 617 	 2 	 3 	 -1.608570e-20 	 6.008496e-21
1 	 618 	 2 	 3 	 -1.541740e-20 	 6.103841e-21
1 	 619 	 2 	 3 	 -1.474911e-20 	 6.199186e-21
1 	 620 	 2 	 3 	 -1.408081e-20 	 6.294531e-21
1 	 621 	 2 	 3 	 -1.343906e-20 	 6.373935e-21
1 	 622 	 2 	 3 	 -1.282606e-20 	 6.436071e-21
1 	 623 	 2 	 3 	 -1.221307e-20 	 6.498207e-21
1 	 624 	 2 	 3 	 -1.160007e-20 	 6.560342e-21
1 	 625 	 2 	 3 	 -1.098707e-20 	 6.622478e-21
1 	 626 	 2 	 3 	 -1.038908e-20 	 6.671225e-21
1 	 627 	 2 	 3 	 -9.817774e-21 	 6.696167e-21
1 	 628 	 2 	 3 	 -9.246466e-21 	 6.721109e-21
1 	 629 	 2 	 3 	 -8.675158e-21 	 6.746051e-21
1 	 630 	 2 	 3 	 -8.103850e-21 	 6.770994e-21
1 	 631 	 2 	 3 	 -7.540125e-21 	 6.789851e-21
1 	 632 	 2 	 3 	 -7.000414e-21 	 6.789438e-21
1 	 633 	 2 	 3 	 -6.460703e-21 	 6.789024e-21
1 	 634 	 2 	 3 	 -5.920992e-21 	 6.788612e-21
1 	 635 	 2 	 3 	 -5.381280e-21 	 6.788198e-21
1 	 636 	 2 	 3 	 -4.846266e-21 	 6.786143e-21
1 	 637 	 2 	 3 	 -4.345700e-21 	 6.772046e-21
1 	 638 	 2 	 3 	 -3.845133e-21 	 6.757950e-21
1 	 639 	 2 	 3 	 -3.344566e-21 	 6.743854e-21
1 	 640 	 2 	 3 	 -2.843999e-21 	 6.729758e-21
1 	 641 	 2 	 3 	 -2.343433e-21 	 6.715661e-21
1 	 1 	 3 	 1 	 9.627180e-16 	 8.308586e-16
1 	 2 	 3 	 1 	 9.863916e-16 	 8.380041e-16
1 	 3 	 3 	 1 	 1.010065e-15 	 8.451495e-16
1 	 4 	 3 	 1 	 1.033739e-15 	 8.522949e-16
1 	 5 	 3 	 1 	 1.057412e-15 	 8.594403e-16
1 	 6 	 3 	 1 	 1.081086e-15 	 8.665857e-16
1 	 7 	 3 	 1 	 1.106839e-15 	 8.734828e-16
1 	 8 	 3 	 1 	 1.132875e-15 	 8.803461e-16
1 	 9 	 3 	 1 	 1.158912e-15 	 8.872094e-16
1 	 10 	 3 	 1 	 1.184949e-15 	 8.940726e-16
1 	 11 	 3 	 1 	 1.210985e-15 	 9.009359e-16
1 	 12 	 3 	 1 	 1.238977e-15 	 9.074985e-16
1 	 13 	 3 	 1 	 1.267585e-15 	 9.139661e-16
1 	 14 	 3 	 1 	 1.296194e-15 	 9.204336e-16
1 	 15 	 3 	 1 	 1.324802e-15 	 9.269013e-16
1 	 16 	 3 	 1 	 1.353411e-15 	 9.333689e-16
1 	 17 	 3 	 1 	 1.383810e-15 	 9.395025e-16
1 	 18 	 3 	 1 	 1.415217e-15 	 9.454481e-16
1 	 19 	 3 	 1 	 1.446624e-15 	 9.513938e-16
1 	 20 	 3 	 1 	 1.478030e-15 	 9.573394e-16
1 	 21 	 3 	 1 	 1.509437e-15 	 9.632850e-16
1 	 22 	 3 	 1 	 1.542426e-15 	 9.688860e-16
1 	 23 	 3 	 1 	 1.576875e-15 	 9.741690e-16
1 	 24 	 3 	 1 	 1.611324e-15 	 9.794518e-16
1 	 25 	 3 	 1 	 1.645773e-15 	 9.847347e-16
1 	 26 	 3 	 1 	 1.680222e-15 	 9.900176e-16
1 	 27 	 3 	 1 	 1.715994e-15 	 9.949725e-16
1 	 28 	 3 	 1 	 1.753749e-15 	 9.994357e-16
1 	 29 	 3 	 1 	 1.791505e-15 	 1.003899e-15
1 	 30 	 3 	 1 	 1.829260e-15 	 1.008362e-15
1 	 31 	 3 	 1 	 1.867015e-15 	 1.012825e-15
1 	 32 	 3 	 1 	 1.905777e-15 	 1.017010e-15
1 	 33 	 3 	 1 	 1.947125e-15 	 1.020478e-15
1 	 34 	 3 	 1 	 1.988473e-15 	 1.023947e-15
1 	 35 	 3 	 1 	 2.029820e-15 	 1.027415e-15
1 	 36 	 3 	 1 	 2.071168e-15 	 1.030884e-15
1 	 37 	 3 	 1 	 2.113141e-15 	 1.034163e-15
1 	 38 	 3 	 1 	 2.158393e-15 	 1.036442e-15
1 	 39 	 3 	 1 	 2.203645e-15 	 1.038722e-15
1 	 40 	 3 	 1 	 2.248896e-15 	 1.041002e-15
1 	 41 	 3 	 1 	 2.294148e-15 	 1.043282e-15
1 	 42 	 3 	 1 	 2.339570e-15 	 1.045506e-15
1 	 43 	 3 	 1 	 2.389067e-15 	 1.046382e-15
1 	 44 	 3 	 1 	 2.438564e-15 	 1.047257e-15
1 	 45 	 3 	 1 	 2.488061e-15 	 1.048133e-15
1 	 46 	 3 	 1 	 2.537559e-15 	 1.049009e-15
1 	 47 	 3 	 1 	 2.587056e-15 	 1.049885e-15
1 	 48 	 3 	 1 	 2.640806e-15 	 1.049251e-15
1 	 49 	 3 	 1 	 2.694926e-15 	 1.048485e-15
1 	 50 	 3 	 1 	 2.749047e-15 	 1.047720e-15
1 	 51 	 3 	 1 	 2.803167e-15 	 1.046954e-15
1 	 52 	 3 	 1 	 2.857287e-15 	 1.046188e-15
1 	 53 	 3 	 1 	 2.915443e-15 	 1.043900e-15
1 	 54 	 3 	 1 	 2.974608e-15 	 1.041230e-15
1 	 55 	 3 	 1 	 3.033773e-15 	 1.038560e-15
1 	 56 	 3 	 1 	 3.092938e-15 	 1.035891e-15
1 	 57 	 3 	 1 	 3.152104e-15 	 1.033221e-15
1 	 58 	 3 	 1 	 3.215023e-15 	 1.029060e-15
1 	 59 	 3 	 1 	 3.279709e-15 	 1.024197e-15
1 	 60 	 3 	 1 	 3.344396e-15 	 1.019333e-15
1 	 61 	 3 	 1 	 3.409082e-15 	 1.014470e-15
1 	 62 	 3 	 1 	 3.473768e-15 	 1.009607e-15
1 	 63 	 3 	 1 	 3.541852e-15 	 1.003335e-15
1 	 64 	 3 	 1 	 3.612604e-15 	 9.959565e-16
1 	 65 	 3 	 1 	 3.683357e-15 	 9.885780e-16
1 	 66 	 3 	 1 	 3.754109e-15 	 9.811996e-16
1 	 67 	 3 	 1 	 3.824862e-15 	 9.738211e-16
1 	 68 	 3 	 1 	 3.898561e-15 	 9.651778e-16
1 	 69 	 3 	 1 	 3.976010e-15 	 9.549247e-16
1 	 70 	 3 	 1 	 4.053460e-15 	 9.446717e-16
1 	 71 	 3 	 1 	 4.130910e-15 	 9.344186e-16
1 	 72 	 3 	 1 	 4.208360e-15 	 9.241656e-16
1 	 73 	 3 	 1 	 4.288189e-15 	 9.128623e-16
1 	 74 	 3 	 1 	 4.373076e-15 	 8.993275e-16
1 	 75 	 3 	 1 	 4.457963e-15 	 8.857926e-16
1 	 76 	 3 	 1 	 4.542850e-15 	 8.722577e-16
1 	 77 	 3 	 1 	 4.627737e-15 	 8.587228e-16
1 	 78 	 3 	 1 	 4.714287e-15 	 8.444376e-16
1 	 79 	 3 	 1 	 4.807489e-15 	 8.271511e-16
1 	 80 	 3 	 1 	 4.900692e-15 	 8.098646e-16
1 	 81 	 3 	 1 	 4.993894e-15 	 7.925780e-16
1 	 82 	 3 	 1 	 5.087096e-15 	 7.752915e-16
1 	 83 	 3 	 1 	 5.181048e-15 	 7.576605e-16
1 	 84 	 3 	 1 	 5.283618e-15 	 7.360675e-16
1 	 85 	 3 	 1 	 5.386188e-15 	 7.144745e-16
1 	 86 	 3 	 1 	 5.488757e-15 	 6.928815e-16
1 	 87 	 3 	 1 	 5.591327e-15 	 6.712885e-16
1 	 88 	 3 	 1 	 5.693897e-15 	 6.496956e-16
1 	 89 	 3 	 1 	 5.806679e-15 	 6.233225e-16
1 	 90 	 3 	 1 	 5.919887e-15 	 5.967502e-16
1 	 91 	 3 	 1 	 6.033096e-15 	 5.701780e-16
1 	 92 	 3 	 1 	 6.146304e-15 	 5.436057e-16
1 	 93 	 3 	 1 	 6.259512e-15 	 5.170334e-16
1 	 94 	 3 	 1 	 6.382953e-15 	 4.855737e-16
1 	 95 	 3 	 1 	 6.508344e-15 	 4.531830e-16
1 	 96 	 3 	 1 	 6.633734e-15 	 4.207923e-16
1 	 97 	 3 	 1 	 6.759125e-15 	 3.884016e-16
1 	 98 	 3 	 1 	 6.884515e-15 	 3.560109e-16
1 	 99 	 3 	 1 	 7.020032e-15 	 3.186571e-16
1 	 100 	 3 	 1 	 7.159487e-15 	 2.793730e-16
1 	 101 	 3 	 1 	 7.298941e-15 	 2.400890e-16
1 	 102 	 3 	 1 	 7.438396e-15 	 2.008050e-16
1 	 103 	 3 	 1 	 7.577850e-15 	 1.615209e-16
1 	 104 	 3 	 1 	 7.727120e-15 	 1.172554e-16
1 	 105 	 3 	 1 	 7.882932e-15 	 6.966884e-17
1 	 106 	 3 	 1 	 8.038745e-15 	 2.208229e-17
1 	 107 	 3 	 1 	 8.194558e-15 	 -2.550427e-17
1 	 108 	 3 	 1 	 8.350370e-15 	 -7.309082e-17
1 	 109 	 3 	 1 	 8.515374e-15 	 -1.255657e-16
1 	 110 	 3 	 1 	 8.690334e-15 	 -1.833361e-16
1 	 111 	 3 	 1 	 8.865296e-15 	 -2.411066e-16
1 	 112 	 3 	 1 	 9.040256e-15 	 -2.988771e-16
1 	 113 	 3 	 1 	 9.215217e-15 	 -3.566476e-16
1 	 114 	 3 	 1 	 9.398287e-15 	 -4.190002e-16
1 	 115 	 3 	 1 	 9.595772e-15 	 -4.894988e-16
1 	 116 	 3 	 1 	 9.793257e-15 	 -5.599974e-16
1 	 117 	 3 	 1 	 9.990742e-15 	 -6.304960e-16
1 	 118 	 3 	 1 	 1.018823e-14 	 -7.009946e-16
1 	 119 	 3 	 1 	 1.039209e-14 	 -7.753800e-16
1 	 120 	 3 	 1 	 1.061615e-14 	 -8.620740e-16
1 	 121 	 3 	 1 	 1.084021e-14 	 -9.487679e-16
1 	 122 	 3 	 1 	 1.106427e-14 	 -1.035462e-15
1 	 123 	 3 	 1 	 1.128833e-14 	 -1.122156e-15
1 	 124 	 3 	 1 	 1.151616e-14 	 -1.211362e-15
1 	 125 	 3 	 1 	 1.177160e-14 	 -1.318992e-15
1 	 126 	 3 	 1 	 1.202704e-14 	 -1.426623e-15
1 	 127 	 3 	 1 	 1.228248e-14 	 -1.534253e-15
1 	 128 	 3 	 1 	 1.253792e-14 	 -1.641884e-15
1 	 129 	 3 	 1 	 1.279335e-14 	 -1.749514e-15
1 	 130 	 3 	 1 	 1.308578e-14 	 -1.884564e-15
1 	 131 	 3 	 1 	 1.337821e-14 	 -2.019613e-15
1 	 132 	 3 	 1 	 1.367063e-14 	 -2.154663e-15
1 	 133 	 3 	 1 	 1.396306e-14 	 -2.289713e-15
1 	 134 	 3 	 1 	 1.425548e-14 	 -2.424763e-15
1 	 135 	 3 	 1 	 1.458609e-14 	 -2.591721e-15
1 	 136 	 3 	 1 	 1.492190e-14 	 -2.763031e-15
1 	 137 	 3 	 1 	 1.525771e-14 	 -2.934341e-15
1 	 138 	 3 	 1 	 1.559353e-14 	 -3.105651e-15
1 	 139 	 3 	 1 	 1.592934e-14 	 -3.276960e-15
1 	 140 	 3 	 1 	 1.630352e-14 	 -3.484947e-15
1 	 141 	 3 	 1 	 1.668982e-14 	 -3.704517e-15
1 	 142 	 3 	 1 	 1.707611e-14 	 -3.924086e-15
1 	 143 	 3 	 1 	 1.746241e-14 	 -4.143656e-15
1 	 144 	 3 	 1 	 1.784870e-14 	 -4.363225e-15
1 	 145 	 3 	 1 	 1.827213e-14 	 -4.624041e-15
1 	 146 	 3 	 1 	 1.871644e-14 	 -4.908057e-15
1 	 147 	 3 	 1 	 1.916075e-14 	 -5.192074e-15
1 	 148 	 3 	 1 	 1.960506e-14 	 -5.476091e-15
1 	 149 	 3 	 1 	 2.004936e-14 	 -5.760107e-15
1 	 150 	 3 	 1 	 2.052772e-14 	 -6.088909e-15
1 	 151 	 3 	 1 	 2.103751e-14 	 -6.459052e-15
1 	 152 	 3 	 1 	 2.154729e-14 	 -6.829194e-15
1 	 153 	 3 	 1 	 2.205708e-14 	 -7.199336e-15
1 	 154 	 3 	 1 	 2.256687e-14 	 -7.569479e-15
1 	 155 	 3 	 1 	 2.310546e-14 	 -7.985589e-15
1 	 156 	 3 	 1 	 2.368727e-14 	 -8.470650e-15
1 	 157 	 3 	 1 	 2.426907e-14 	 -8.955712e-15
1 	 158 	 3 	 1 	 2.485088e-14 	 -9.440774e-15
1 	 159 	 3 	 1 	 2.543268e-14 	 -9.925835e-15
1 	 160 	 3 	 1 	 2.603584e-14 	 -1.045369e-14
1 	 161 	 3 	 1 	 2.669390e-14 	 -1.109157e-14
1 	 162 	 3 	 1 	 2.735195e-14 	 -1.172944e-14
1 	 163 	 3 	 1 	 2.801001e-14 	 -1.236732e-14
1 	 164 	 3 	 1 	 2.866807e-14 	 -1.300520e-14
1 	 165 	 3 	 1 	 2.933829e-14 	 -1.367544e-14
1 	 166 	 3 	 1 	 3.007238e-14 	 -1.451552e-14
1 	 167 	 3 	 1 	 3.080648e-14 	 -1.535561e-14
1 	 168 	 3 	 1 	 3.154057e-14 	 -1.619569e-14
1 	 169 	 3 	 1 	 3.227466e-14 	 -1.703578e-14
1 	 170 	 3 	 1 	 3.301148e-14 	 -1.788650e-14
1 	 171 	 3 	 1 	 3.381375e-14 	 -1.899245e-14
1 	 172 	 3 	 1 	 3.461601e-14 	 -2.009840e-14
1 	 173 	 3 	 1 	 3.541828e-14 	 -2.120436e-14
1 	 174 	 3 	 1 	 3.622055e-14 	 -2.231031e-14
1 	 175 	 3 	 1 	 3.702281e-14 	 -2.341627e-14
1 	 176 	 3 	 1 	 3.786924e-14 	 -2.484141e-14
1 	 177 	 3 	 1 	 3.871950e-14 	 -2.629430e-14
1 	 178 	 3 	 1 	 3.956976e-14 	 -2.774720e-14
1 	 179 	 3 	 1 	 4.042002e-14 	 -2.920010e-14
1 	 180 	 3 	 1 	 4.127029e-14 	 -3.065299e-14
1 	 181 	 3 	 1 	 4.212761e-14 	 -3.246491e-14
1 	 182 	 3 	 1 	 4.298670e-14 	 -3.436659e-14
1 	 183 	 3 	 1 	 4.384579e-14 	 -3.626827e-14
1 	 184 	 3 	 1 	 4.470488e-14 	 -3.816995e-14
1 	 185 	 3 	 1 	 4.556397e-14 	 -4.007163e-14
1 	 186 	 3 	 1 	 4.638312e-14 	 -4.236410e-14
1 	 187 	 3 	 1 	 4.718349e-14 	 -4.484048e-14
1 	 188 	 3 	 1 	 4.798386e-14 	 -4.731686e-14
1 	 189 	 3 	 1 	 4.878423e-14 	 -4.979323e-14
1 	 190 	 3 	 1 	 4.958460e-14 	 -5.226961e-14
1 	 191 	 3 	 1 	 5.029110e-14 	 -5.515336e-14
1 	 192 	 3 	 1 	 5.092384e-14 	 -5.835720e-14
1 	 193 	 3 	 1 	 5.155658e-14 	 -6.156104e-14
1 	 194 	 3 	 1 	 5.218933e-14 	 -6.476488e-14
1 	 195 	 3 	 1 	 5.282207e-14 	 -6.796872e-14
1 	 196 	 3 	 1 	 5.330715e-14 	 -7.157229e-14
1 	 197 	 3 	 1 	 5.360431e-14 	 -7.568462e-14
1 	 198 	 3 	 1 	 5.390146e-14 	 -7.979695e-14
1 	 199 	 3 	 1 	 5.419862e-14 	 -8.390929e-14
1 	 200 	 3 	 1 	 5.449578e-14 	 -8.802162e-14
1 	 201 	 3 	 1 	 5.460529e-14 	 -9.249127e-14
1 	 202 	 3 	 1 	 5.431608e-14 	 -9.772020e-14
1 	 203 	 3 	 1 	 5.402687e-14 	 -1.029491e-13
1 	 204 	 3 	 1 	 5.373766e-14 	 -1.081780e-13
1 	 205 	 3 	 1 	 5.344845e-14 	 -1.134070e-13
1 	 206 	 3 	 1 	 5.296895e-14 	 -1.189051e-13
1 	 207 	 3 	 1 	 5.172833e-14 	 -1.254799e-13
1 	 208 	 3 	 1 	 5.048770e-14 	 -1.320547e-13
1 	 209 	 3 	 1 	 4.924708e-14 	 -1.386295e-13
1 	 210 	 3 	 1 	 4.800645e-14 	 -1.452043e-13
1 	 211 	 3 	 1 	 4.664809e-14 	 -1.519057e-13
1 	 212 	 3 	 1 	 4.393582e-14 	 -1.600632e-13
1 	 213 	 3 	 1 	 4.122355e-14 	 -1.682208e-13
1 	 214 	 3 	 1 	 3.851128e-14 	 -1.763783e-13
1 	 215 	 3 	 1 	 3.579901e-14 	 -1.845359e-13
1 	 216 	 3 	 1 	 3.308674e-14 	 -1.926935e-13
1 	 217 	 3 	 1 	 2.826308e-14 	 -2.025805e-13
1 	 218 	 3 	 1 	 2.335144e-14 	 -2.125395e-13
1 	 219 	 3 	 1 	 1.843981e-14 	 -2.224985e-13
1 	 220 	 3 	 1 	 1.352818e-14 	 -2.324576e-13
1 	 221 	 3 	 1 	 8.616544e-15 	 -2.424167e-13
1 	 222 	 3 	 1 	 1.016938e-15 	 -2.540201e-13
1 	 223 	 3 	 1 	 -7.094663e-15 	 -2.659368e-13
1 	 224 	 3 	 1 	 -1.520626e-14 	 -2.778535e-13
1 	 225 	 3 	 1 	 -2.331786e-14 	 -2.897702e-13
1 	 226 	 3 	 1 	 -3.142947e-14 	 -3.016869e-13
1 	 227 	 3 	 1 	 -4.281935e-14 	 -3.150284e-13
1 	 228 	 3 	 1 	 -5.548411e-14 	 -3.289240e-13
1 	 229 	 3 	 1 	 -6.814888e-14 	 -3.428196e-13
1 	 230 	 3 	 1 	 -8.081364e-14 	 -3.567152e-13
1 	 231 	 3 	 1 	 -9.347840e-14 	 -3.706108e-13
1 	 232 	 3 	 1 	 -1.099549e-13 	 -3.855578e-13
1 	 233 	 3 	 1 	 -1.289726e-13 	 -4.012056e-13
1 	 234 	 3 	 1 	 -1.479902e-13 	 -4.168535e-13
1 	 235 	 3 	 1 	 -1.670079e-13 	 -4.325013e-13
1 	 236 	 3 	 1 	 -1.860256e-13 	 -4.481491e-13
1 	 237 	 3 	 1 	 -2.092217e-13 	 -4.643282e-13
1 	 238 	 3 	 1 	 -2.369446e-13 	 -4.810829e-13
1 	 239 	 3 	 1 	 -2.646675e-13 	 -4.978375e-13
1 	 240 	 3 	 1 	 -2.923903e-13 	 -5.145922e-13
1 	 241 	 3 	 1 	 -3.201132e-13 	 -5.313468e-13
1 	 242 	 3 	 1 	 -3.520563e-13 	 -5.480261e-13
1 	 243 	 3 	 1 	 -3.915020e-13 	 -5.645716e-13
1 	 244 	 3 	 1 	 -4.309477e-13 	 -5.811170e-13
1 	 245 	 3 	 1 	 -4.703934e-13 	 -5.976624e-13
1 	 246 	 3 	 1 	 -5.098391e-13 	 -6.142079e-13
1 	 247 	 3 	 1 	 -5.530085e-13 	 -6.301396e-13
1 	 248 	 3 	 1 	 -6.079701e-13 	 -6.441278e-13
1 	 249 	 3 	 1 	 -6.629316e-13 	 -6.581159e-13
1 	 250 	 3 	 1 	 -7.178931e-13 	 -6.721041e-13
1 	 251 	 3 	 1 	 -7.728547e-13 	 -6.860923e-13
1 	 252 	 3 	 1 	 -8.302377e-13 	 -6.993071e-13
1 	 253 	 3 	 1 	 -9.053785e-13 	 -7.068506e-13
1 	 254 	 3 	 1 	 -9.805194e-13 	 -7.143941e-13
1 	 255 	 3 	 1 	 -1.055660e-12 	 -7.219376e-13
1 	 256 	 3 	 1 	 -1.130801e-12 	 -7.294810e-13
1 	 257 	 3 	 1 	 -1.205942e-12 	 -7.370245e-13
1 	 258 	 3 	 1 	 -1.306868e-12 	 -7.320020e-13
1 	 259 	 3 	 1 	 -1.407794e-12 	 -7.269793e-13
1 	 260 	 3 	 1 	 -1.508720e-12 	 -7.219568e-13
1 	 261 	 3 	 1 	 -1.609646e-12 	 -7.169342e-13
1 	 262 	 3 	 1 	 -1.710572e-12 	 -7.119116e-13
1 	 263 	 3 	 1 	 -1.840011e-12 	 -6.876607e-13
1 	 264 	 3 	 1 	 -1.973338e-12 	 -6.607877e-13
1 	 265 	 3 	 1 	 -2.106665e-12 	 -6.339148e-13
1 	 266 	 3 	 1 	 -2.239992e-12 	 -6.070418e-13
1 	 267 	 3 	 1 	 -2.373319e-12 	 -5.801689e-13
1 	 268 	 3 	 1 	 -2.537205e-12 	 -5.263084e-13
1 	 269 	 3 	 1 	 -2.710741e-12 	 -4.639256e-13
1 	 270 	 3 	 1 	 -2.884277e-12 	 -4.015428e-13
1 	 271 	 3 	 1 	 -3.057812e-12 	 -3.391600e-13
1 	 272 	 3 	 1 	 -3.231348e-12 	 -2.767772e-13
1 	 273 	 3 	 1 	 -3.436841e-12 	 -1.791355e-13
1 	 274 	 3 	 1 	 -3.660309e-12 	 -6.166075e-14
1 	 275 	 3 	 1 	 -3.883778e-12 	 5.581401e-14
1 	 276 	 3 	 1 	 -4.107246e-12 	 1.732888e-13
1 	 277 	 3 	 1 	 -4.330715e-12 	 2.907635e-13
1 	 278 	 3 	 1 	 -4.587595e-12 	 4.511560e-13
1 	 279 	 3 	 1 	 -4.875316e-12 	 6.511648e-13
1 	 280 	 3 	 1 	 -5.163037e-12 	 8.511735e-13
1 	 281 	 3 	 1 	 -5.450758e-12 	 1.051182e-12
1 	 282 	 3 	 1 	 -5.738479e-12 	 1.251191e-12
1 	 283 	 3 	 1 	 -6.063214e-12 	 1.499285e-12
1 	 284 	 3 	 1 	 -6.443468e-12 	 1.819506e-12
1 	 285 	 3 	 1 	 -6.823722e-12 	 2.139727e-12
1 	 286 	 3 	 1 	 -7.203976e-12 	 2.459949e-12
1 	 287 	 3 	 1 	 -7.584230e-12 	 2.780170e-12
1 	 288 	 3 	 1 	 -8.011607e-12 	 3.148228e-12
1 	 289 	 3 	 1 	 -8.560157e-12 	 3.639294e-12
1 	 290 	 3 	 1 	 -9.108708e-12 	 4.130360e-12
1 	 291 	 3 	 1 	 -9.657258e-12 	 4.621427e-12
1 	 292 	 3 	 1 	 -1.020581e-11 	 5.112493e-12
1 	 293 	 3 	 1 	 -1.082235e-11 	 5.641357e-12
1 	 294 	 3 	 1 	 -1.179582e-11 	 6.368657e-12
1 	 295 	 3 	 1 	 -1.276930e-11 	 7.095957e-12
1 	 296 	 3 	 1 	 -1.374277e-11 	 7.823257e-12
1 	 297 	 3 	 1 	 -1.471625e-11 	 8.550557e-12
1 	 298 	 3 	 1 	 -1.575004e-11 	 9.290196e-12
1 	 299 	 3 	 1 	 -1.823148e-11 	 1.032597e-11
1 	 300 	 3 	 1 	 -2.071292e-11 	 1.136174e-11
1 	 301 	 3 	 1 	 -2.319436e-11 	 1.239751e-11
1 	 302 	 3 	 1 	 -2.567580e-11 	 1.343329e-11
1 	 303 	 3 	 1 	 -2.815724e-11 	 1.446906e-11
1 	 304 	 3 	 1 	 -3.766008e-11 	 1.579285e-11
1 	 305 	 3 	 1 	 -4.777347e-11 	 1.714169e-11
1 	 306 	 3 	 1 	 -5.788686e-11 	 1.849053e-11
1 	 307 	 3 	 1 	 -6.800026e-11 	 1.983937e-11
1 	 308 	 3 	 1 	 -7.811365e-11 	 2.118821e-11
1 	 309 	 3 	 1 	 -1.359122e-10 	 2.232904e-11
1 	 310 	 3 	 1 	 -2.056320e-10 	 2.341788e-11
1 	 311 	 3 	 1 	 -2.753519e-10 	 2.450672e-11
1 	 312 	 3 	 1 	 -3.450717e-10 	 2.559556e-11
1 	 313 	 3 	 1 	 -4.147916e-10 	 2.668439e-11
1 	 314 	 3 	 1 	 -9.977181e-10 	 2.486136e-11
1 	 315 	 3 	 1 	 -1.822154e-09 	 2.166804e-11
1 	 316 	 3 	 1 	 -2.646589e-09 	 1.847471e-11
1 	 317 	 3 	 1 	 -3.471025e-09 	 1.528139e-11
1 	 318 	 3 	 1 	 -4.295460e-09 	 1.208807e-11
1 	 319 	 3 	 1 	 -3.639228e-09 	 8.346096e-12
1 	 320 	 3 	 1 	 -1.819614e-09 	 4.173048e-12
1 	 321 	 3 	 1 	 -4.995344e-22 	 8.239349e-23
1 	 322 	 3 	 1 	 1.819614e-09 	 -4.173048e-12
1 	 323 	 3 	 1 	 3.639228e-09 	 -8.346096e-12
1 	 324 	 3 	 1 	 4.295460e-09 	 -1.208807e-11
1 	 325 	 3 	 1 	 3.471025e-09 	 -1.528139e-11
1 	 326 	 3 	 1 	 2.646589e-09 	 -1.847471e-11
1 	 327 	 3 	 1 	 1.822154e-09 	 -2.166804e-11
1 	 328 	 3 	 1 	 9.977181e-10 	 -2.486136e-11
1 	 329 	 3 	 1 	 4.147916e-10 	 -2.668439e-11
1 	 330 	 3 	 1 	 3.450717e-10 	 -2.559556e-11
1 	 331 	 3 	 1 	 2.753519e-10 	 -2.450672e-11
1 	 332 	 3 	 1 	 2.056320e-10 	 -2.341788e-11
1 	 333 	 3 	 1 	 1.359122e-10 	 -2.232904e-11
1 	 334 	 3 	 1 	 7.811365e-11 	 -2.118821e-11
1 	 335 	 3 	 1 	 6.800026e-11 	 -1.983937e-11
1 	 336 	 3 	 1 	 5.788686e-11 	 -1.849053e-11
1 	 337 	 3 	 1 	 4.777347e-11 	 -1.714169e-11
1 	 338 	 3 	 1 	 3.766008e-11 	 -1.579285e-11
1 	 339 	 3 	 1 	 2.815724e-11 	 -1.446906e-11
1 	 340 	 3 	 1 	 2.567580e-11 	 -1.343329e-11
1 	 341 	 3 	 1 	 2.319436e-11 	 -1.239751e-11
1 	 342 	 3 	 1 	 2.071292e-11 	 -1.136174e-11
1 	 343 	 3 	 1 	 1.823148e-11 	 -1.032597e-11
1 	 344 	 3 	 1 	 1.575004e-11 	 -9.290196e-12
1 	 345 	 3 	 1 	 1.471625e-11 	 -8.550557e-12
1 	 346 	 3 	 1 	 1.374277e-11 	 -7.823257e-12
1 	 347 	 3 	 1 	 1.276930e-11 	 -7.095957e-12
1 	 348 	 3 	 1 	 1.179582e-11 	 -6.368657e-12
1 	 349 	 3 	 1 	 1.082235e-11 	 -5.641357e-12
1 	 350 	 3 	 1 	 1.020581e-11 	 -5.112493e-12
1 	 351 	 3 	 1 	 9.657258e-12 	 -4.621427e-12
1 	 352 	 3 	 1 	 9.108708e-12 	 -4.130360e-12
1 	 353 	 3 	 1 	 8.560157e-12 	 -3.639294e-12
1 	 354 	 3 	 1 	 8.011607e-12 	 -3.148228e-12
1 	 355 	 3 	 1 	 7.584230e-12 	 -2.780170e-12
1 	 356 	 3 	 1 	 7.203976e-12 	 -2.459949e-12
1 	 357 	 3 	 1 	 6.823722e-12 	 -2.139727e-12
1 	 358 	 3 	 1 	 6.443468e-12 	 -1.819506e-12
1 	 359 	 3 	 1 	 6.063214e-12 	 -1.499285e-12
1 	 360 	 3 	 1 	 5.738479e-12 	 -1.251191e-12
1 	 361 	 3 	 1 	 5.450758e-12 	 -1.051182e-12
1 	 362 	 3 	 1 	 5.163037e-12 	 -8.511735e-13
1 	 363 	 3 	 1 	 4.875316e-12 	 -6.511648e-13
1 	 364 	 3 	 1 	 4.587595e-12 	 -4.511560e-13
1 	 365 	 3 	 1 	 4.330715e-12 	 -2.907635e-13
1 	 366 	 3 	 1 	 4.107246e-12 	 -1.732888e-13
1 	 367 	 3 	 1 	 3.883778e-12 	 -5.581401e-14
1 	 368 	 3 	 1 	 3.660309e-12 	 6.166075e-14
1 	 369 	 3 	 1 	 3.436841e-12 	 1.791355e-13
1 	 370 	 3 	 1 	 3.231348e-12 	 2.767772e-13
1 	 371 	 3 	 1 	 3.057812e-12 	 3.391600e-13
1 	 372 	 3 	 1 	 2.884277e-12 	 4.015428e-13
1 	 373 	 3 	 1 	 2.710741e-12 	 4.639256e-13
1 	 374 	 3 	 1 	 2.537205e-12 	 5.263084e-13
1 	 375 	 3 	 1 	 2.373319e-12 	 5.801689e-13
1 	 376 	 3 	 1 	 2.239992e-12 	 6.070418e-13
1 	 377 	 3 	 1 	 2.106665e-12 	 6.339148e-13
1 	 378 	 3 	 1 	 1.973338e-12 	 6.607877e-13
1 	 379 	 3 	 1 	 1.840011e-12 	 6.876607e-13
1 	 380 	 3 	 1 	 1.710572e-12 	 7.119116e-13
1 	 381 	 3 	 1 	 1.609646e-12 	 7.169342e-13
1 	 382 	 3 	 1 	 1.508720e-12 	 7.219568e-13
1 	 383 	 3 	 1 	 1.407794e-12 	 7.269793e-13
1 	 384 	 3 	 1 	 1.306868e-12 	 7.320020e-13
1 	 385 	 3 	 1 	 1.205942e-12 	 7.370245e-13
1 	 386 	 3 	 1 	 1.130801e-12 	 7.294810e-13
1 	 387 	 3 	 1 	 1.055660e-12 	 7.219376e-13
1 	 388 	 3 	 1 	 9.805194e-13 	 7.143941e-13
1 	 389 	 3 	 1 	 9.053785e-13 	 7.068506e-13
1 	 390 	 3 	 1 	 8.302377e-13 	 6.993071e-13
1 	 391 	 3 	 1 	 7.728547e-13 	 6.860923e-13
1 	 392 	 3 	 1 	 7.178931e-13 	 6.721041e-13
1 	 393 	 3 	 1 	 6.629316e-13 	 6.581159e-13
1 	 394 	 3 	 1 	 6.079701e-13 	 6.441278e-13
1 	 395 	 3 	 1 	 5.530085e-13 	 6.301396e-13
1 	 396 	 3 	 1 	 5.098391e-13 	 6.142079e-13
1 	 397 	 3 	 1 	 4.703934e-13 	 5.976624e-13
1 	 398 	 3 	 1 	 4.309477e-13 	 5.811170e-13
1 	 399 	 3 	 1 	 3.915020e-13 	 5.645716e-13
1 	 400 	 3 	 1 	 3.520563e-13 	 5.480261e-13
1 	 401 	 3 	 1 	 3.201132e-13 	 5.313468e-13
1 	 402 	 3 	 1 	 2.923903e-13 	 5.145922e-13
1 	 403 	 3 	 1 	 2.646675e-13 	 4.978375e-13
1 	 404 	 3 	 1 	 2.369446e-13 	 4.810829e-13
1 	 405 	 3 	 1 	 2.092217e-13 	 4.643282e-13
1 	 406 	 3 	 1 	 1.860256e-13 	 4.481491e-13
1 	 407 	 3 	 1 	 1.670079e-13 	 4.325013e-13
1 	 408 	 3 	 1 	 1.479902e-13 	 4.168535e-13
1 	 409 	 3 	 1 	 1.289726e-13 	 4.012056e-13
1 	 410 	 3 	 1 	 1.099549e-13 	 3.855578e-13
1 	 411 	 3 	 1 	 9.347840e-14 	 3.706108e-13
1 	 412 	 3 	 1 	 8.081364e-14 	 3.567152e-13
1 	 413 	 3 	 1 	 6.814888e-14 	 3.428196e-13
1 	 414 	 3 	 1 	 5.548411e-14 	 3.289240e-13
1 	 415 	 3 	 1 	 4.281935e-14 	 3.150284e-13
1 	 416 	 3 	 1 	 3.142947e-14 	 3.016869e-13
1 	 417 	 3 	 1 	 2.331786e-14 	 2.897702e-13
1 	 418 	 3 	 1 	 1.520626e-14 	 2.778535e-13
1 	 419 	 3 	 1 	 7.094663e-15 	 2.659368e-13
1 	 420 	 3 	 1 	 -1.016938e-15 	 2.540201e-13
1 	 421 	 3 	 1 	 -8.616544e-15 	 2.424167e-13
1 	 422 	 3 	 1 	 -1.352818e-14 	 2.324576e-13
1 	 423 	 3 	 1 	 -1.843981e-14 	 2.224985e-13
1 	 424 	 3 	 1 	 -2.335144e-14 	 2.125395e-13
1 	 425 	 3 	 1 	 -2.826308e-14 	 2.025805e-13
1 	 426 	 3 	 1 	 -3.308674e-14 	 1.926935e-13
1 	 427 	 3 	 1 	 -3.579901e-14 	 1.845359e-13
1 	 428 	 3 	 1 	 -3.851128e-14 	 1.763783e-13
1 	 429 	 3 	 1 	 -4.122355e-14 	 1.682208e-13
1 	 430 	 3 	 1 	 -4.393582e-14 	 1.600632e-13
1 	 431 	 3 	 1 	 -4.664809e-14 	 1.519057e-13
1 	 432 	 3 	 1 	 -4.800645e-14 	 1.452043e-13
1 	 433 	 3 	 1 	 -4.924708e-14 	 1.386295e-13
1 	 434 	 3 	 1 	 -5.048770e-14 	 1.320547e-13
1 	 435 	 3 	 1 	 -5.172833e-14 	 1.254799e-13
1 	 436 	 3 	 1 	 -5.296895e-14 	 1.189051e-13
1 	 437 	 3 	 1 	 -5.344845e-14 	 1.134070e-13
1 	 438 	 3 	 1 	 -5.373766e-14 	 1.081780e-13
1 	 439 	 3 	 1 	 -5.402687e-14 	 1.029491e-13
1 	 440 	 3 	 1 	 -5.431608e-14 	 9.772020e-14
1 	 441 	 3 	 1 	 -5.460529e-14 	 9.249127e-14
1 	 442 	 3 	 1 	 -5.449578e-14 	 8.802162e-14
1 	 443 	 3 	 1 	 -5.419862e-14 	 8.390929e-14
1 	 444 	 3 	 1 	 -5.390146e-14 	 7.979695e-14
1 	 445 	 3 	 1 	 -5.360431e-14 	 7.568462e-14
1 	 446 	 3 	 1 	 -5.330715e-14 	 7.157229e-14
1 	 447 	 3 	 1 	 -5.282207e-14 	 6.796872e-14
1 	 448 	 3 	 1 	 -5.218933e-14 	 6.476488e-14
1 	 449 	 3 	 1 	 -5.155658e-14 	 6.156104e-14
1 	 450 	 3 	 1 	 -5.092384e-14 	 5.835720e-14
1 	 451 	 3 	 1 	 -5.029110e-14 	 5.515336e-14
1 	 452 	 3 	 1 	 -4.958460e-14 	 5.226961e-14
1 	 453 	 3 	 1 	 -4.878423e-14 	 4.979323e-14
1 	 454 	 3 	 1 	 -4.798386e-14 	 4.731686e-14
1 	 455 	 3 	 1 	 -4.718349e-14 	 4.484048e-14
1 	 456 	 3 	 1 	 -4.638312e-14 	 4.236410e-14
1 	 457 	 3 	 1 	 -4.556397e-14 	 4.007163e-14
1 	 458 	 3 	 1 	 -4.470488e-14 	 3.816995e-14
1 	 459 	 3 	 1 	 -4.384579e-14 	 3.626827e-14
1 	 460 	 3 	 1 	 -4.298670e-14 	 3.436659e-14
1 	 461 	 3 	 1 	 -4.212761e-14 	 3.246491e-14
1 	 462 	 3 	 1 	 -4.127029e-14 	 3.065299e-14
1 	 463 	 3 	 1 	 -4.042002e-14 	 2.920010e-14
1 	 464 	 3 	 1 	 -3.956976e-14 	 2.774720e-14
1 	 465 	 3 	 1 	 -3.871950e-14 	 2.629430e-14
1 	 466 	 3 	 1 	 -3.786924e-14 	 2.484141e-14
1 	 467 	 3 	 1 	 -3.702281e-14 	 2.341626e-14
1 	 468 	 3 	 1 	 -3.622055e-14 	 2.231031e-14
1 	 469 	 3 	 1 	 -3.541828e-14 	 2.120436e-14
1 	 470 	 3 	 1 	 -3.461601e-14 	 2.009840e-14
1 	 471 	 3 	 1 	 -3.381375e-14 	 1.899245e-14
1 	 472 	 3 	 1 	 -3.301148e-14 	 1.788650e-14
1 	 473 	 3 	 1 	 -3.227466e-14 	 1.703578e-14
1 	 474 	 3 	 1 	 -3.154057e-14 	 1.619569e-14
1 	 475 	 3 	 1 	 -3.080648e-14 	 1.535561e-14
1 	 476 	 3 	 1 	 -3.007238e-14 	 1.451552e-14
1 	 477 	 3 	 1 	 -2.933829e-14 	 1.367544e-14
1 	 478 	 3 	 1 	 -2.866807e-14 	 1.300520e-14
1 	 479 	 3 	 1 	 -2.801001e-14 	 1.236732e-14
1 	 480 	 3 	 1 	 -2.735195e-14 	 1.172944e-14
1 	 481 	 3 	 1 	 -2.669390e-14 	 1.109157e-14
1 	 482 	 3 	 1 	 -2.603584e-14 	 1.045369e-14
1 	 483 	 3 	 1 	 -2.543268e-14 	 9.925835e-15
1 	 484 	 3 	 1 	 -2.485088e-14 	 9.440773e-15
1 	 485 	 3 	 1 	 -2.426907e-14 	 8.955712e-15
1 	 486 	 3 	 1 	 -2.368727e-14 	 8.470650e-15
1 	 487 	 3 	 1 	 -2.310546e-14 	 7.985589e-15
1 	 488 	 3 	 1 	 -2.256687e-14 	 7.569479e-15
1 	 489 	 3 	 1 	 -2.205708e-14 	 7.199336e-15
1 	 490 	 3 	 1 	 -2.154729e-14 	 6.829194e-15
1 	 491 	 3 	 1 	 -2.103751e-14 	 6.459052e-15
1 	 492 	 3 	 1 	 -2.052772e-14 	 6.088909e-15
1 	 493 	 3 	 1 	 -2.004936e-14 	 5.760107e-15
1 	 494 	 3 	 1 	 -1.960506e-14 	 5.476091e-15
1 	 495 	 3 	 1 	 -1.916075e-14 	 5.192074e-15
1 	 496 	 3 	 1 	 -1.871644e-14 	 4.908057e-15
1 	 497 	 3 	 1 	 -1.827213e-14 	 4.624041e-15
1 	 498 	 3 	 1 	 -1.784870e-14 	 4.363225e-15
1 	 499 	 3 	 1 	 -1.746241e-14 	 4.143656e-15
1 	 500 	 3 	 1 	 -1.707611e-14 	 3.924086e-15
1 	 501 	 3 	 1 	 -1.668982e-14 	 3.704517e-15
1 	 502 	 3 	 1 	 -1.630352e-14 	 3.484947e-15
1 	 503 	 3 	 1 	 -1.592934e-14 	 3.276960e-15
1 	 504 	 3 	 1 	 -1.559353e-14 	 3.105651e-15
1 	 505 	 3 	 1 	 -1.525771e-14 	 2.934341e-15
1 	 506 	 3 	 1 	 -1.492190e-14 	 2.763031e-15
1 	 507 	 3 	 1 	 -1.458609e-14 	 2.591721e-15
1 	 508 	 3 	 1 	 -1.425548e-14 	 2.424763e-15
1 	 509 	 3 	 1 	 -1.396306e-14 	 2.289713e-15
1 	 510 	 3 	 1 	 -1.367063e-14 	 2.154663e-15
1 	 511 	 3 	 1 	 -1.337821e-14 	 2.019613e-15
1 	 512 	 3 	 1 	 -1.308578e-14 	 1.884564e-15
1 	 513 	 3 	 1 	 -1.279336e-14 	 1.749514e-15
1 	 514 	 3 	 1 	 -1.253792e-14 	 1.641883e-15
1 	 515 	 3 	 1 	 -1.228248e-14 	 1.534253e-15
1 	 516 	 3 	 1 	 -1.202704e-14 	 1.426623e-15
1 	 517 	 3 	 1 	 -1.177160e-14 	 1.318992e-15
1 	 518 	 3 	 1 	 -1.151616e-14 	 1.211362e-15
1 	 519 	 3 	 1 	 -1.128833e-14 	 1.122155e-15
1 	 520 	 3 	 1 	 -1.106427e-14 	 1.035461e-15
1 	 521 	 3 	 1 	 -1.084021e-14 	 9.487674e-16
1 	 522 	 3 	 1 	 -1.061615e-14 	 8.620736e-16
1 	 523 	 3 	 1 	 -1.039209e-14 	 7.753796e-16
1 	 524 	 3 	 1 	 -1.018823e-14 	 7.009941e-16
1 	 525 	 3 	 1 	 -9.990742e-15 	 6.304955e-16
1 	 526 	 3 	 1 	 -9.793257e-15 	 5.599969e-16
1 	 527 	 3 	 1 	 -9.595772e-15 	 4.894982e-16
1 	 528 	 3 	 1 	 -9.398287e-15 	 4.189996e-16
1 	 529 	 3 	 1 	 -9.215217e-15 	 3.566470e-16
1 	 530 	 3 	 1 	 -9.040256e-15 	 2.988765e-16
1 	 531 	 3 	 1 	 -8.865296e-15 	 2.411060e-16
1 	 532 	 3 	 1 	 -8.690334e-15 	 1.833355e-16
1 	 533 	 3 	 1 	 -8.515374e-15 	 1.255650e-16
1 	 534 	 3 	 1 	 -8.350370e-15 	 7.309014e-17
1 	 535 	 3 	 1 	 -8.194558e-15 	 2.550356e-17
1 	 536 	 3 	 1 	 -8.038745e-15 	 -2.208301e-17
1 	 537 	 3 	 1 	 -7.882932e-15 	 -6.966958e-17
1 	 538 	 3 	 1 	 -7.727120e-15 	 -1.172561e-16
1 	 539 	 3 	 1 	 -7.577851e-15 	 -1.615217e-16
1 	 540 	 3 	 1 	 -7.438396e-15 	 -2.008057e-16
1 	 541 	 3 	 1 	 -7.298941e-15 	 -2.400898e-16
1 	 542 	 3 	 1 	 -7.159487e-15 	 -2.793738e-16
1 	 543 	 3 	 1 	 -7.020032e-15 	 -3.186578e-16
1 	 544 	 3 	 1 	 -6.884516e-15 	 -3.560117e-16
1 	 545 	 3 	 1 	 -6.759125e-15 	 -3.884024e-16
1 	 546 	 3 	 1 	 -6.633735e-15 	 -4.207931e-16
1 	 547 	 3 	 1 	 -6.508345e-15 	 -4.531838e-16
1 	 548 	 3 	 1 	 -6.382954e-15 	 -4.855744e-16
1 	 549 	 3 	 1 	 -6.259512e-15 	 -5.170342e-16
1 	 550 	 3 	 1 	 -6.146304e-15 	 -5.436064e-16
1 	 551 	 3 	 1 	 -6.033096e-15 	 -5.701786e-16
1 	 552 	 3 	 1 	 -5.919888e-15 	 -5.967509e-16
1 	 553 	 3 	 1 	 -5.806680e-15 	 -6.233231e-16
1 	 554 	 3 	 1 	 -5.693898e-15 	 -6.496962e-16
1 	 555 	 3 	 1 	 -5.591328e-15 	 -6.712891e-16
1 	 556 	 3 	 1 	 -5.488758e-15 	 -6.928821e-16
1 	 557 	 3 	 1 	 -5.386188e-15 	 -7.144750e-16
1 	 558 	 3 	 1 	 -5.283619e-15 	 -7.360680e-16
1 	 559 	 3 	 1 	 -5.181049e-15 	 -7.576609e-16
1 	 560 	 3 	 1 	 -5.087097e-15 	 -7.752919e-16
1 	 561 	 3 	 1 	 -4.993895e-15 	 -7.925784e-16
1 	 562 	 3 	 1 	 -4.900693e-15 	 -8.098649e-16
1 	 563 	 3 	 1 	 -4.807490e-15 	 -8.271513e-16
1 	 564 	 3 	 1 	 -4.714288e-15 	 -8.444378e-16
1 	 565 	 3 	 1 	 -4.627738e-15 	 -8.587230e-16
1 	 566 	 3 	 1 	 -4.542851e-15 	 -8.722578e-16
1 	 567 	 3 	 1 	 -4.457964e-15 	 -8.857926e-16
1 	 568 	 3 	 1 	 -4.373077e-15 	 -8.993275e-16
1 	 569 	 3 	 1 	 -4.288190e-15 	 -9.128622e-16
1 	 570 	 3 	 1 	 -4.208360e-15 	 -9.241655e-16
1 	 571 	 3 	 1 	 -4.130911e-15 	 -9.344185e-16
1 	 572 	 3 	 1 	 -4.053461e-15 	 -9.446715e-16
1 	 573 	 3 	 1 	 -3.976012e-15 	 -9.549245e-16
1 	 574 	 3 	 1 	 -3.898562e-15 	 -9.651775e-16
1 	 575 	 3 	 1 	 -3.824862e-15 	 -9.738208e-16
1 	 576 	 3 	 1 	 -3.754110e-15 	 -9.811992e-16
1 	 577 	 3 	 1 	 -3.683357e-15 	 -9.885776e-16
1 	 578 	 3 	 1 	 -3.612605e-15 	 -9.959560e-16
1 	 579 	 3 	 1 	 -3.541853e-15 	 -1.003334e-15
1 	 580 	 3 	 1 	 -3.473769e-15 	 -1.009606e-15
1 	 581 	 3 	 1 	 -3.409083e-15 	 -1.014469e-15
1 	 582 	 3 	 1 	 -3.344397e-15 	 -1.019333e-15
1 	 583 	 3 	 1 	 -3.279710e-15 	 -1.024196e-15
1 	 584 	 3 	 1 	 -3.215024e-15 	 -1.029059e-15
1 	 585 	 3 	 1 	 -3.152104e-15 	 -1.033220e-15
1 	 586 	 3 	 1 	 -3.092939e-15 	 -1.035890e-15
1 	 587 	 3 	 1 	 -3.033774e-15 	 -1.038559e-15
1 	 588 	 3 	 1 	 -2.974609e-15 	 -1.041229e-15
1 	 589 	 3 	 1 	 -2.915444e-15 	 -1.043898e-15
1 	 590 	 3 	 1 	 -2.857288e-15 	 -1.046187e-15
1 	 591 	 3 	 1 	 -2.803167e-15 	 -1.046953e-15
1 	 592 	 3 	 1 	 -2.749047e-15 	 -1.047718e-15
1 	 593 	 3 	 1 	 -2.694926e-15 	 -1.048484e-15
1 	 594 	 3 	 1 	 -2.640806e-15 	 -1.049249e-15
1 	 595 	 3 	 1 	 -2.587056e-15 	 -1.049884e-15
1 	 596 	 3 	 1 	 -2.537558e-15 	 -1.049008e-15
1 	 597 	 3 	 1 	 -2.488061e-15 	 -1.048131e-15
1 	 598 	 3 	 1 	 -2.438564e-15 	 -1.047255e-15
1 	 599 	 3 	 1 	 -2.389066e-15 	 -1.046379e-15
1 	 600 	 3 	 1 	 -2.339569e-15 	 -1.045503e-15
1 	 601 	 3 	 1 	 -2.294147e-15 	 -1.043279e-15
1 	 602 	 3 	 1 	 -2.248895e-15 	 -1.040999e-15
1 	 603 	 3 	 1 	 -2.203643e-15 	 -1.038719e-15
1 	 604 	 3 	 1 	 -2.158392e-15 	 -1.036440e-15
1 	 605 	 3 	 1 	 -2.113139e-15 	 -1.034160e-15
1 	 606 	 3 	 1 	 -2.071167e-15 	 -1.030881e-15
1 	 607 	 3 	 1 	 -2.029819e-15 	 -1.027412e-15
1 	 608 	 3 	 1 	 -1.988471e-15 	 -1.023944e-15
1 	 609 	 3 	 1 	 -1.947123e-15 	 -1.020475e-15
1 	 610 	 3 	 1 	 -1.905775e-15 	 -1.017006e-15
1 	 611 	 3 	 1 	 -1.867013e-15 	 -1.012822e-15
1 	 612 	 3 	 1 	 -1.829258e-15 	 -1.008358e-15
1 	 613 	 3 	 1 	 -1.791502e-15 	 -1.003895e-15
1 	 614 	 3 	 1 	 -1.753746e-15 	 -9.994321e-16
1 	 615 	 3 	 1 	 -1.715991e-15 	 -9.949689e-16
1 	 616 	 3 	 1 	 -1.680219e-15 	 -9.900140e-16
1 	 617 	 3 	 1 	 -1.645770e-15 	 -9.847312e-16
1 	 618 	 3 	 1 	 -1.611321e-15 	 -9.794483e-16
1 	 619 	 3 	 1 	 -1.576871e-15 	 -9.741655e-16
1 	 620 	 3 	 1 	 -1.542422e-15 	 -9.688827e-16
1 	 621 	 3 	 1 	 -1.509433e-15 	 -9.632818e-16
1 	 622 	 3 	 1 	 -1.478026e-15 	 -9.573363e-16
1 	 623 	 3 	 1 	 -1.446620e-15 	 -9.513909e-16
1 	 624 	 3 	 1 	 -1.415213e-15 	 -9.454454e-16
1 	 625 	 3 	 1 	 -1.383806e-15 	 -9.394999e-16
1 	 626 	 3 	 1 	 -1.353407e-15 	 -9.333666e-16
1 	 627 	 3 	 1 	 -1.324798e-15 	 -9.268993e-16
1 	 628 	 3 	 1 	 -1.296189e-15 	 -9.204320e-16
1 	 629 	 3 	 1 	 -1.267581e-15 	 -9.139647e-16
1 	 630 	 3 	 1 	 -1.238972e-15 	 -9.074974e-16
1 	 631 	 3 	 1 	 -1.210981e-15 	 -9.009352e-16
1 	 632 	 3 	 1 	 -1.184945e-15 	 -8.940723e-16
1 	 633 	 3 	 1 	 -1.158908e-15 	 -8.872095e-16
1 	 634 	 3 	 1 	 -1.132872e-15 	 -8.803466e-16
1 	 635 	 3 	 1 	 -1.106835e-15 	 -8.734838e-16
1 	 636 	 3 	 1 	 -1.081083e-15 	 -8.665871e-16
1 	 637 	 3 	 1 	 -1.057409e-15 	 -8.594420e-16
1 	 638 	 3 	 1 	 -1.033736e-15 	 -8.522970e-16
1 	 639 	 3 	 1 	 -1.010063e-15 	 -8.451521e-16
1 	 640 	 3 	 1 	 -9.863892e-16 	 -8.380070e-16
1 	 641 	 3 	 1 	 -9.627159e-16 	 -8.308620e-16
1 	 1 	 3 	 2 	 -6.447925e-17 	 -2.604297e-17
1 	 2 	 3 	 2 	 -6.629371e-17 	 -2.595016e-17
1 	 3 	 3 	 2 	 -6.810817e-17 	 -2.585735e-17
1 	 4 	 3 	 2 	 -6.992263e-17 	 -2.576454e-17
1 	 5 	 3 	 2 	 -7.173709e-17 	 -2.567173e-17
1 	 6 	 3 	 2 	 -7.355155e-17 	 -2.557892e-17
1 	 7 	 3 	 2 	 -7.554285e-17 	 -2.539039e-17
1 	 8 	 3 	 2 	 -7.755826e-17 	 -2.518881e-17
1 	 9 	 3 	 2 	 -7.957367e-17 	 -2.498724e-17
1 	 10 	 3 	 2 	 -8.158909e-17 	 -2.478566e-17
1 	 11 	 3 	 2 	 -8.360449e-17 	 -2.458408e-17
1 	 12 	 3 	 2 	 -8.578670e-17 	 -2.428099e-17
1 	 13 	 3 	 2 	 -8.802157e-17 	 -2.394585e-17
1 	 14 	 3 	 2 	 -9.025644e-17 	 -2.361071e-17
1 	 15 	 3 	 2 	 -9.249132e-17 	 -2.327557e-17
1 	 16 	 3 	 2 	 -9.472619e-17 	 -2.294043e-17
1 	 17 	 3 	 2 	 -9.711447e-17 	 -2.250122e-17
1 	 18 	 3 	 2 	 -9.958905e-17 	 -2.200346e-17
1 	 19 	 3 	 2 	 -1.020636e-16 	 -2.150569e-17
1 	 20 	 3 	 2 	 -1.045382e-16 	 -2.100793e-17
1 	 21 	 3 	 2 	 -1.070128e-16 	 -2.051017e-17
1 	 22 	 3 	 2 	 -1.096232e-16 	 -1.991044e-17
1 	 23 	 3 	 2 	 -1.123591e-16 	 -1.921659e-17
1 	 24 	 3 	 2 	 -1.150950e-16 	 -1.852273e-17
1 	 25 	 3 	 2 	 -1.178309e-16 	 -1.782888e-17
1 	 26 	 3 	 2 	 -1.205667e-16 	 -1.713502e-17
1 	 27 	 3 	 2 	 -1.234163e-16 	 -1.634729e-17
1 	 28 	 3 	 2 	 -1.264364e-16 	 -1.541875e-17
1 	 29 	 3 	 2 	 -1.294566e-16 	 -1.449020e-17
1 	 30 	 3 	 2 	 -1.324767e-16 	 -1.356166e-17
1 	 31 	 3 	 2 	 -1.354969e-16 	 -1.263311e-17
1 	 32 	 3 	 2 	 -1.386032e-16 	 -1.162632e-17
1 	 33 	 3 	 2 	 -1.419312e-16 	 -1.041834e-17
1 	 34 	 3 	 2 	 -1.452592e-16 	 -9.210352e-18
1 	 35 	 3 	 2 	 -1.485872e-16 	 -8.002368e-18
1 	 36 	 3 	 2 	 -1.519152e-16 	 -6.794383e-18
1 	 37 	 3 	 2 	 -1.552962e-16 	 -5.533444e-18
1 	 38 	 3 	 2 	 -1.589559e-16 	 -3.994495e-18
1 	 39 	 3 	 2 	 -1.626155e-16 	 -2.455546e-18
1 	 40 	 3 	 2 	 -1.662751e-16 	 -9.165972e-19
1 	 41 	 3 	 2 	 -1.699348e-16 	 6.223518e-19
1 	 42 	 3 	 2 	 -1.736086e-16 	 2.176922e-18
1 	 43 	 3 	 2 	 -1.776235e-16 	 4.106415e-18
1 	 44 	 3 	 2 	 -1.816385e-16 	 6.035908e-18
1 	 45 	 3 	 2 	 -1.856534e-16 	 7.965400e-18
1 	 46 	 3 	 2 	 -1.896683e-16 	 9.894892e-18
1 	 47 	 3 	 2 	 -1.936832e-16 	 1.182438e-17
1 	 48 	 3 	 2 	 -1.980457e-16 	 1.417637e-17
1 	 49 	 3 	 2 	 -2.024385e-16 	 1.656509e-17
1 	 50 	 3 	 2 	 -2.068312e-16 	 1.895381e-17
1 	 51 	 3 	 2 	 -2.112239e-16 	 2.134253e-17
1 	 52 	 3 	 2 	 -2.156167e-16 	 2.373125e-17
1 	 53 	 3 	 2 	 -2.203283e-16 	 2.655024e-17
1 	 54 	 3 	 2 	 -2.251196e-16 	 2.947681e-17
1 	 55 	 3 	 2 	 -2.299109e-16 	 3.240337e-17
1 	 56 	 3 	 2 	 -2.347023e-16 	 3.532993e-17
1 	 57 	 3 	 2 	 -2.394936e-16 	 3.825650e-17
1 	 58 	 3 	 2 	 -2.445682e-16 	 4.161004e-17
1 	 59 	 3 	 2 	 -2.497761e-16 	 4.516452e-17
1 	 60 	 3 	 2 	 -2.549839e-16 	 4.871899e-17
1 	 61 	 3 	 2 	 -2.601918e-16 	 5.227347e-17
1 	 62 	 3 	 2 	 -2.653997e-16 	 5.582794e-17
1 	 63 	 3 	 2 	 -2.708482e-16 	 5.979133e-17
1 	 64 	 3 	 2 	 -2.764857e-16 	 6.407601e-17
1 	 65 	 3 	 2 	 -2.821233e-16 	 6.836068e-17
1 	 66 	 3 	 2 	 -2.877608e-16 	 7.264536e-17
1 	 67 	 3 	 2 	 -2.933983e-16 	 7.693003e-17
1 	 68 	 3 	 2 	 -2.992278e-16 	 8.158647e-17
1 	 69 	 3 	 2 	 -3.053016e-16 	 8.671606e-17
1 	 70 	 3 	 2 	 -3.113754e-16 	 9.184565e-17
1 	 71 	 3 	 2 	 -3.174491e-16 	 9.697523e-17
1 	 72 	 3 	 2 	 -3.235229e-16 	 1.021048e-16
1 	 73 	 3 	 2 	 -3.297356e-16 	 1.075455e-16
1 	 74 	 3 	 2 	 -3.362434e-16 	 1.136473e-16
1 	 75 	 3 	 2 	 -3.427512e-16 	 1.197490e-16
1 	 76 	 3 	 2 	 -3.492591e-16 	 1.258508e-16
1 	 77 	 3 	 2 	 -3.557669e-16 	 1.319526e-16
1 	 78 	 3 	 2 	 -3.623588e-16 	 1.382765e-16
1 	 79 	 3 	 2 	 -3.692871e-16 	 1.454890e-16
1 	 80 	 3 	 2 	 -3.762154e-16 	 1.527016e-16
1 	 81 	 3 	 2 	 -3.831437e-16 	 1.599141e-16
1 	 82 	 3 	 2 	 -3.900720e-16 	 1.671266e-16
1 	 83 	 3 	 2 	 -3.970317e-16 	 1.744398e-16
1 	 84 	 3 	 2 	 -4.043536e-16 	 1.829102e-16
1 	 85 	 3 	 2 	 -4.116755e-16 	 1.913807e-16
1 	 86 	 3 	 2 	 -4.189973e-16 	 1.998512e-16
1 	 87 	 3 	 2 	 -4.263192e-16 	 2.083216e-16
1 	 88 	 3 	 2 	 -4.336410e-16 	 2.167921e-16
1 	 89 	 3 	 2 	 -4.413011e-16 	 2.266156e-16
1 	 90 	 3 	 2 	 -4.489752e-16 	 2.364956e-16
1 	 91 	 3 	 2 	 -4.566494e-16 	 2.463755e-16
1 	 92 	 3 	 2 	 -4.643236e-16 	 2.562554e-16
1 	 93 	 3 	 2 	 -4.719977e-16 	 2.661354e-16
1 	 94 	 3 	 2 	 -4.799216e-16 	 2.773245e-16
1 	 95 	 3 	 2 	 -4.878930e-16 	 2.887630e-16
1 	 96 	 3 	 2 	 -4.958645e-16 	 3.002015e-16
1 	 97 	 3 	 2 	 -5.038360e-16 	 3.116400e-16
1 	 98 	 3 	 2 	 -5.118075e-16 	 3.230785e-16
1 	 99 	 3 	 2 	 -5.199473e-16 	 3.357378e-16
1 	 100 	 3 	 2 	 -5.281525e-16 	 3.488718e-16
1 	 101 	 3 	 2 	 -5.363576e-16 	 3.620059e-16
1 	 102 	 3 	 2 	 -5.445628e-16 	 3.751399e-16
1 	 103 	 3 	 2 	 -5.527680e-16 	 3.882740e-16
1 	 104 	 3 	 2 	 -5.610775e-16 	 4.024935e-16
1 	 105 	 3 	 2 	 -5.694565e-16 	 4.174367e-16
1 	 106 	 3 	 2 	 -5.778355e-16 	 4.323799e-16
1 	 107 	 3 	 2 	 -5.862145e-16 	 4.473231e-16
1 	 108 	 3 	 2 	 -5.945935e-16 	 4.622663e-16
1 	 109 	 3 	 2 	 -6.030397e-16 	 4.781156e-16
1 	 110 	 3 	 2 	 -6.115587e-16 	 4.949466e-16
1 	 111 	 3 	 2 	 -6.200778e-16 	 5.117776e-16
1 	 112 	 3 	 2 	 -6.285969e-16 	 5.286086e-16
1 	 113 	 3 	 2 	 -6.371160e-16 	 5.454396e-16
1 	 114 	 3 	 2 	 -6.456961e-16 	 5.629630e-16
1 	 115 	 3 	 2 	 -6.543848e-16 	 5.817173e-16
1 	 116 	 3 	 2 	 -6.630734e-16 	 6.004717e-16
1 	 117 	 3 	 2 	 -6.717621e-16 	 6.192259e-16
1 	 118 	 3 	 2 	 -6.804508e-16 	 6.379802e-16
1 	 119 	 3 	 2 	 -6.892162e-16 	 6.571944e-16
1 	 120 	 3 	 2 	 -6.982246e-16 	 6.778647e-16
1 	 121 	 3 	 2 	 -7.072329e-16 	 6.985349e-16
1 	 122 	 3 	 2 	 -7.162413e-16 	 7.192052e-16
1 	 123 	 3 	 2 	 -7.252496e-16 	 7.398755e-16
1 	 124 	 3 	 2 	 -7.343389e-16 	 7.607722e-16
1 	 125 	 3 	 2 	 -7.440215e-16 	 7.833288e-16
1 	 126 	 3 	 2 	 -7.537042e-16 	 8.058855e-16
1 	 127 	 3 	 2 	 -7.633867e-16 	 8.284421e-16
1 	 128 	 3 	 2 	 -7.730694e-16 	 8.509988e-16
1 	 129 	 3 	 2 	 -7.827520e-16 	 8.735554e-16
1 	 130 	 3 	 2 	 -7.937826e-16 	 8.980051e-16
1 	 131 	 3 	 2 	 -8.048131e-16 	 9.224548e-16
1 	 132 	 3 	 2 	 -8.158437e-16 	 9.469045e-16
1 	 133 	 3 	 2 	 -8.268743e-16 	 9.713542e-16
1 	 134 	 3 	 2 	 -8.379048e-16 	 9.958039e-16
1 	 135 	 3 	 2 	 -8.511225e-16 	 1.022066e-15
1 	 136 	 3 	 2 	 -8.646385e-16 	 1.048575e-15
1 	 137 	 3 	 2 	 -8.781544e-16 	 1.075084e-15
1 	 138 	 3 	 2 	 -8.916703e-16 	 1.101594e-15
1 	 139 	 3 	 2 	 -9.051863e-16 	 1.128103e-15
1 	 140 	 3 	 2 	 -9.219329e-16 	 1.156596e-15
1 	 141 	 3 	 2 	 -9.396997e-16 	 1.185715e-15
1 	 142 	 3 	 2 	 -9.574665e-16 	 1.214834e-15
1 	 143 	 3 	 2 	 -9.752333e-16 	 1.243953e-15
1 	 144 	 3 	 2 	 -9.930001e-16 	 1.273072e-15
1 	 145 	 3 	 2 	 -1.015122e-15 	 1.304698e-15
1 	 146 	 3 	 2 	 -1.039694e-15 	 1.337733e-15
1 	 147 	 3 	 2 	 -1.064267e-15 	 1.370769e-15
1 	 148 	 3 	 2 	 -1.088839e-15 	 1.403805e-15
1 	 149 	 3 	 2 	 -1.113411e-15 	 1.436840e-15
1 	 150 	 3 	 2 	 -1.143316e-15 	 1.473288e-15
1 	 151 	 3 	 2 	 -1.178145e-15 	 1.512886e-15
1 	 152 	 3 	 2 	 -1.212974e-15 	 1.552484e-15
1 	 153 	 3 	 2 	 -1.247803e-15 	 1.592082e-15
1 	 154 	 3 	 2 	 -1.282631e-15 	 1.631681e-15
1 	 155 	 3 	 2 	 -1.323286e-15 	 1.675845e-15
1 	 156 	 3 	 2 	 -1.372679e-15 	 1.726859e-15
1 	 157 	 3 	 2 	 -1.422072e-15 	 1.777872e-15
1 	 158 	 3 	 2 	 -1.471465e-15 	 1.828886e-15
1 	 159 	 3 	 2 	 -1.520858e-15 	 1.879900e-15
1 	 160 	 3 	 2 	 -1.575677e-15 	 1.936428e-15
1 	 161 	 3 	 2 	 -1.644447e-15 	 2.007136e-15
1 	 162 	 3 	 2 	 -1.713217e-15 	 2.077844e-15
1 	 163 	 3 	 2 	 -1.781987e-15 	 2.148552e-15
1 	 164 	 3 	 2 	 -1.850758e-15 	 2.219260e-15
1 	 165 	 3 	 2 	 -1.923335e-15 	 2.295249e-15
1 	 166 	 3 	 2 	 -2.015896e-15 	 2.398964e-15
1 	 167 	 3 	 2 	 -2.108458e-15 	 2.502679e-15
1 	 168 	 3 	 2 	 -2.201020e-15 	 2.606394e-15
1 	 169 	 3 	 2 	 -2.293582e-15 	 2.710109e-15
1 	 170 	 3 	 2 	 -2.387183e-15 	 2.815957e-15
1 	 171 	 3 	 2 	 -2.505728e-15 	 2.973009e-15
1 	 172 	 3 	 2 	 -2.624273e-15 	 3.130060e-15
1 	 173 	 3 	 2 	 -2.742819e-15 	 3.287112e-15
1 	 174 	 3 	 2 	 -2.861364e-15 	 3.444163e-15
1 	 175 	 3 	 2 	 -2.979909e-15 	 3.601215e-15
1 	 176 	 3 	 2 	 -3.119330e-15 	 3.834527e-15
1 	 177 	 3 	 2 	 -3.260565e-15 	 4.074470e-15
1 	 178 	 3 	 2 	 -3.401801e-15 	 4.314414e-15
1 	 179 	 3 	 2 	 -3.543036e-15 	 4.554357e-15
1 	 180 	 3 	 2 	 -3.684272e-15 	 4.794301e-15
1 	 181 	 3 	 2 	 -3.832311e-15 	 5.133214e-15
1 	 182 	 3 	 2 	 -3.982051e-15 	 5.496871e-15
1 	 183 	 3 	 2 	 -4.131791e-15 	 5.860527e-15
1 	 184 	 3 	 2 	 -4.281531e-15 	 6.224183e-15
1 	 185 	 3 	 2 	 -4.431271e-15 	 6.587839e-15
1 	 186 	 3 	 2 	 -4.564015e-15 	 7.071759e-15
1 	 187 	 3 	 2 	 -4.688760e-15 	 7.612274e-15
1 	 188 	 3 	 2 	 -4.813505e-15 	 8.152788e-15
1 	 189 	 3 	 2 	 -4.938250e-15 	 8.693302e-15
1 	 190 	 3 	 2 	 -5.062995e-15 	 9.233817e-15
1 	 191 	 3 	 2 	 -5.137213e-15 	 9.909261e-15
1 	 192 	 3 	 2 	 -5.171732e-15 	 1.069072e-14
1 	 193 	 3 	 2 	 -5.206251e-15 	 1.147218e-14
1 	 194 	 3 	 2 	 -5.240769e-15 	 1.225364e-14
1 	 195 	 3 	 2 	 -5.275288e-15 	 1.303510e-14
1 	 196 	 3 	 2 	 -5.219802e-15 	 1.395282e-14
1 	 197 	 3 	 2 	 -5.049765e-15 	 1.504397e-14
1 	 198 	 3 	 2 	 -4.879729e-15 	 1.613511e-14
1 	 199 	 3 	 2 	 -4.709692e-15 	 1.722626e-14
1 	 200 	 3 	 2 	 -4.539655e-15 	 1.831740e-14
1 	 201 	 3 	 2 	 -4.244554e-15 	 1.952629e-14
1 	 202 	 3 	 2 	 -3.683692e-15 	 2.098536e-14
1 	 203 	 3 	 2 	 -3.122829e-15 	 2.244443e-14
1 	 204 	 3 	 2 	 -2.561967e-15 	 2.390350e-14
1 	 205 	 3 	 2 	 -2.001104e-15 	 2.536257e-14
1 	 206 	 3 	 2 	 -1.304896e-15 	 2.689876e-14
1 	 207 	 3 	 2 	 -6.730444e-17 	 2.874344e-14
1 	 208 	 3 	 2 	 1.170287e-15 	 3.058812e-14
1 	 209 	 3 	 2 	 2.407879e-15 	 3.243281e-14
1 	 210 	 3 	 2 	 3.645470e-15 	 3.427749e-14
1 	 211 	 3 	 2 	 4.970400e-15 	 3.614690e-14
1 	 212 	 3 	 2 	 7.299721e-15 	 3.830070e-14
1 	 213 	 3 	 2 	 9.629041e-15 	 4.045450e-14
1 	 214 	 3 	 2 	 1.195836e-14 	 4.260829e-14
1 	 215 	 3 	 2 	 1.428768e-14 	 4.476209e-14
1 	 216 	 3 	 2 	 1.661700e-14 	 4.691589e-14
1 	 217 	 3 	 2 	 2.053926e-14 	 4.911706e-14
1 	 218 	 3 	 2 	 2.452788e-14 	 5.132020e-14
1 	 219 	 3 	 2 	 2.851651e-14 	 5.352334e-14
1 	 220 	 3 	 2 	 3.250514e-14 	 5.572649e-14
1 	 221 	 3 	 2 	 3.649376e-14 	 5.792963e-14
1 	 222 	 3 	 2 	 4.248231e-14 	 5.968483e-14
1 	 223 	 3 	 2 	 4.885180e-14 	 6.135472e-14
1 	 224 	 3 	 2 	 5.522128e-14 	 6.302460e-14
1 	 225 	 3 	 2 	 6.159077e-14 	 6.469449e-14
1 	 226 	 3 	 2 	 6.796025e-14 	 6.636437e-14
1 	 227 	 3 	 2 	 7.663777e-14 	 6.684971e-14
1 	 228 	 3 	 2 	 8.621285e-14 	 6.687439e-14
1 	 229 	 3 	 2 	 9.578793e-14 	 6.689907e-14
1 	 230 	 3 	 2 	 1.053630e-13 	 6.692375e-14
1 	 231 	 3 	 2 	 1.149381e-13 	 6.694843e-14
1 	 232 	 3 	 2 	 1.269002e-13 	 6.482911e-14
1 	 233 	 3 	 2 	 1.404536e-13 	 6.128044e-14
1 	 234 	 3 	 2 	 1.540071e-13 	 5.773178e-14
1 	 235 	 3 	 2 	 1.675605e-13 	 5.418312e-14
1 	 236 	 3 	 2 	 1.811139e-13 	 5.063445e-14
1 	 237 	 3 	 2 	 1.967575e-13 	 4.387718e-14
1 	 238 	 3 	 2 	 2.146653e-13 	 3.364392e-14
1 	 239 	 3 	 2 	 2.325732e-13 	 2.341066e-14
1 	 240 	 3 	 2 	 2.504810e-13 	 1.317740e-14
1 	 241 	 3 	 2 	 2.683888e-13 	 2.944141e-15
1 	 242 	 3 	 2 	 2.876174e-13 	 -1.138985e-14
1 	 243 	 3 	 2 	 3.091940e-13 	 -3.301402e-14
1 	 244 	 3 	 2 	 3.307705e-13 	 -5.463820e-14
1 	 245 	 3 	 2 	 3.523471e-13 	 -7.626238e-14
1 	 246 	 3 	 2 	 3.739237e-13 	 -9.788656e-14
1 	 247 	 3 	 2 	 3.956800e-13 	 -1.238407e-13
1 	 248 	 3 	 2 	 4.180056e-13 	 -1.635066e-13
1 	 249 	 3 	 2 	 4.403312e-13 	 -2.031724e-13
1 	 250 	 3 	 2 	 4.626568e-13 	 -2.428382e-13
1 	 251 	 3 	 2 	 4.849824e-13 	 -2.825041e-13
1 	 252 	 3 	 2 	 5.065486e-13 	 -3.253716e-13
1 	 253 	 3 	 2 	 5.225459e-13 	 -3.917180e-13
1 	 254 	 3 	 2 	 5.385432e-13 	 -4.580644e-13
1 	 255 	 3 	 2 	 5.545405e-13 	 -5.244109e-13
1 	 256 	 3 	 2 	 5.705378e-13 	 -5.907573e-13
1 	 257 	 3 	 2 	 5.865350e-13 	 -6.571037e-13
1 	 258 	 3 	 2 	 5.820168e-13 	 -7.600218e-13
1 	 259 	 3 	 2 	 5.774986e-13 	 -8.629399e-13
1 	 260 	 3 	 2 	 5.729804e-13 	 -9.658579e-13
1 	 261 	 3 	 2 	 5.684622e-13 	 -1.068776e-12
1 	 262 	 3 	 2 	 5.639440e-13 	 -1.171694e-12
1 	 263 	 3 	 2 	 5.189186e-13 	 -1.314532e-12
1 	 264 	 3 	 2 	 4.683695e-13 	 -1.462813e-12
1 	 265 	 3 	 2 	 4.178205e-13 	 -1.611094e-12
1 	 266 	 3 	 2 	 3.672714e-13 	 -1.759375e-12
1 	 267 	 3 	 2 	 3.167223e-13 	 -1.907657e-12
1 	 268 	 3 	 2 	 1.989773e-13 	 -2.092218e-12
1 	 269 	 3 	 2 	 6.001260e-14 	 -2.288236e-12
1 	 270 	 3 	 2 	 -7.895214e-14 	 -2.484254e-12
1 	 271 	 3 	 2 	 -2.179169e-13 	 -2.680272e-12
1 	 272 	 3 	 2 	 -3.568816e-13 	 -2.876290e-12
1 	 273 	 3 	 2 	 -5.945436e-13 	 -3.093695e-12
1 	 274 	 3 	 2 	 -8.877228e-13 	 -3.323131e-12
1 	 275 	 3 	 2 	 -1.180902e-12 	 -3.552566e-12
1 	 276 	 3 	 2 	 -1.474081e-12 	 -3.782002e-12
1 	 277 	 3 	 2 	 -1.767261e-12 	 -4.011437e-12
1 	 278 	 3 	 2 	 -2.190576e-12 	 -4.232844e-12
1 	 279 	 3 	 2 	 -2.734018e-12 	 -4.446838e-12
1 	 280 	 3 	 2 	 -3.277459e-12 	 -4.660833e-12
1 	 281 	 3 	 2 	 -3.820901e-12 	 -4.874827e-12
1 	 282 	 3 	 2 	 -4.364343e-12 	 -5.088822e-12
1 	 283 	 3 	 2 	 -5.061325e-12 	 -5.251994e-12
1 	 284 	 3 	 2 	 -5.988619e-12 	 -5.338933e-12
1 	 285 	 3 	 2 	 -6.915914e-12 	 -5.425871e-12
1 	 286 	 3 	 2 	 -7.843208e-12 	 -5.512810e-12
1 	 287 	 3 	 2 	 -8.770503e-12 	 -5.599749e-12
1 	 288 	 3 	 2 	 -9.857865e-12 	 -5.591088e-12
1 	 289 	 3 	 2 	 -1.135684e-11 	 -5.336600e-12
1 	 290 	 3 	 2 	 -1.285581e-11 	 -5.082112e-12
1 	 291 	 3 	 2 	 -1.435478e-11 	 -4.827624e-12
1 	 292 	 3 	 2 	 -1.585375e-11 	 -4.573136e-12
1 	 293 	 3 	 2 	 -1.749685e-11 	 -4.205867e-12
1 	 294 	 3 	 2 	 -1.989665e-11 	 -3.246498e-12
1 	 295 	 3 	 2 	 -2.229646e-11 	 -2.287129e-12
1 	 296 	 3 	 2 	 -2.469626e-11 	 -1.327761e-12
1 	 297 	 3 	 2 	 -2.709606e-11 	 -3.683918e-13
1 	 298 	 3 	 2 	 -2.957254e-11 	 6.403454e-13
1 	 299 	 3 	 2 	 -3.388903e-11 	 2.833921e-12
1 	 300 	 3 	 2 	 -3.820552e-11 	 5.027497e-12
1 	 301 	 3 	 2 	 -4.252202e-11 	 7.221072e-12
1 	 302 	 3 	 2 	 -4.683851e-11 	 9.414648e-12
1 	 303 	 3 	 2 	 -5.115500e-11 	 1.160822e-11
1 	 304 	 3 	 2 	 -6.249797e-11 	 1.538534e-11
1 	 305 	 3 	 2 	 -7.445194e-11 	 1.930017e-11
1 	 306 	 3 	 2 	 -8.640591e-11 	 2.321499e-11
1 	 307 	 3 	 2 	 -9.835988e-11 	 2.712981e-11
1 	 308 	 3 	 2 	 -1.103138e-10 	 3.104463e-11
1 	 309 	 3 	 2 	 -1.690718e-10 	 3.541750e-11
1 	 310 	 3 	 2 	 -2.395307e-10 	 3.990488e-11
1 	 311 	 3 	 2 	 -3.099896e-10 	 4.439227e-11
1 	 312 	 3 	 2 	 -3.804485e-10 	 4.887965e-11
1 	 313 	 3 	 2 	 -4.509074e-10 	 5.336704e-11
1 	 314 	 3 	 2 	 -1.032208e-09 	 5.031875e-11
1 	 315 	 3 	 2 	 -1.853905e-09 	 4.372426e-11
1 	 316 	 3 	 2 	 -2.675602e-09 	 3.712977e-11
1 	 317 	 3 	 2 	 -3.497299e-09 	 3.053529e-11
1 	 318 	 3 	 2 	 -4.318996e-09 	 2.394080e-11
1 	 319 	 3 	 2 	 -3.656674e-09 	 1.643689e-11
1 	 320 	 3 	 2 	 -1.828337e-09 	 8.218447e-12
1 	 321 	 3 	 2 	 5.226128e-22 	 7.984701e-22
1 	 322 	 3 	 2 	 1.828337e-09 	 -8.218447e-12
1 	 323 	 3 	 2 	 3.656674e-09 	 -1.643689e-11
1 	 324 	 3 	 2 	 4.318996e-09 	 -2.394080e-11
1 	 325 	 3 	 2 	 3.497299e-09 	 -3.053529e-11
1 	 326 	 3 	 2 	 2.675602e-09 	 -3.712977e-11
1 	 327 	 3 	 2 	 1.853905e-09 	 -4.372426e-11
1 	 328 	 3 	 2 	 1.032208e-09 	 -5.031875e-11
1 	 329 	 3 	 2 	 4.509074e-10 	 -5.336704e-11
1 	 330 	 3 	 2 	 3.804485e-10 	 -4.887965e-11
1 	 331 	 3 	 2 	 3.099896e-10 	 -4.439227e-11
1 	 332 	 3 	 2 	 2.395307e-10 	 -3.990488e-11
1 	 333 	 3 	 2 	 1.690718e-10 	 -3.541750e-11
1 	 334 	 3 	 2 	 1.103138e-10 	 -3.104463e-11
1 	 335 	 3 	 2 	 9.835988e-11 	 -2.712981e-11
1 	 336 	 3 	 2 	 8.640591e-11 	 -2.321499e-11
1 	 337 	 3 	 2 	 7.445194e-11 	 -1.930017e-11
1 	 338 	 3 	 2 	 6.249797e-11 	 -1.538534e-11
1 	 339 	 3 	 2 	 5.115500e-11 	 -1.160822e-11
1 	 340 	 3 	 2 	 4.683851e-11 	 -9.414648e-12
1 	 341 	 3 	 2 	 4.252202e-11 	 -7.221072e-12
1 	 342 	 3 	 2 	 3.820552e-11 	 -5.027497e-12
1 	 343 	 3 	 2 	 3.388903e-11 	 -2.833921e-12
1 	 344 	 3 	 2 	 2.957254e-11 	 -6.403454e-13
1 	 345 	 3 	 2 	 2.709606e-11 	 3.683918e-13
1 	 346 	 3 	 2 	 2.469626e-11 	 1.327761e-12
1 	 347 	 3 	 2 	 2.229646e-11 	 2.287129e-12
1 	 348 	 3 	 2 	 1.989665e-11 	 3.246498e-12
1 	 349 	 3 	 2 	 1.749685e-11 	 4.205867e-12
1 	 350 	 3 	 2 	 1.585375e-11 	 4.573136e-12
1 	 351 	 3 	 2 	 1.435478e-11 	 4.827624e-12
1 	 352 	 3 	 2 	 1.285581e-11 	 5.082112e-12
1 	 353 	 3 	 2 	 1.135684e-11 	 5.336600e-12
1 	 354 	 3 	 2 	 9.857865e-12 	 5.591088e-12
1 	 355 	 3 	 2 	 8.770503e-12 	 5.599749e-12
1 	 356 	 3 	 2 	 7.843208e-12 	 5.512810e-12
1 	 357 	 3 	 2 	 6.915914e-12 	 5.425871e-12
1 	 358 	 3 	 2 	 5.988619e-12 	 5.338932e-12
1 	 359 	 3 	 2 	 5.061325e-12 	 5.251994e-12
1 	 360 	 3 	 2 	 4.364343e-12 	 5.088822e-12
1 	 361 	 3 	 2 	 3.820901e-12 	 4.874827e-12
1 	 362 	 3 	 2 	 3.277459e-12 	 4.660833e-12
1 	 363 	 3 	 2 	 2.734018e-12 	 4.446838e-12
1 	 364 	 3 	 2 	 2.190576e-12 	 4.232844e-12
1 	 365 	 3 	 2 	 1.767261e-12 	 4.011437e-12
1 	 366 	 3 	 2 	 1.474081e-12 	 3.782002e-12
1 	 367 	 3 	 2 	 1.180902e-12 	 3.552566e-12
1 	 368 	 3 	 2 	 8.877228e-13 	 3.323131e-12
1 	 369 	 3 	 2 	 5.945436e-13 	 3.093695e-12
1 	 370 	 3 	 2 	 3.568816e-13 	 2.876290e-12
1 	 371 	 3 	 2 	 2.179169e-13 	 2.680272e-12
1 	 372 	 3 	 2 	 7.895214e-14 	 2.484254e-12
1 	 373 	 3 	 2 	 -6.001260e-14 	 2.288236e-12
1 	 374 	 3 	 2 	 -1.989773e-13 	 2.092218e-12
1 	 375 	 3 	 2 	 -3.167223e-13 	 1.907657e-12
1 	 376 	 3 	 2 	 -3.672714e-13 	 1.759375e-12
1 	 377 	 3 	 2 	 -4.178205e-13 	 1.611094e-12
1 	 378 	 3 	 2 	 -4.683695e-13 	 1.462813e-12
1 	 379 	 3 	 2 	 -5.189186e-13 	 1.314532e-12
1 	 380 	 3 	 2 	 -5.639440e-13 	 1.171694e-12
1 	 381 	 3 	 2 	 -5.684622e-13 	 1.068776e-12
1 	 382 	 3 	 2 	 -5.729804e-13 	 9.658579e-13
1 	 383 	 3 	 2 	 -5.774986e-13 	 8.629399e-13
1 	 384 	 3 	 2 	 -5.820168e-13 	 7.600218e-13
1 	 385 	 3 	 2 	 -5.865351e-13 	 6.571037e-13
1 	 386 	 3 	 2 	 -5.705378e-13 	 5.907573e-13
1 	 387 	 3 	 2 	 -5.545405e-13 	 5.244109e-13
1 	 388 	 3 	 2 	 -5.385432e-13 	 4.580644e-13
1 	 389 	 3 	 2 	 -5.225459e-13 	 3.917180e-13
1 	 390 	 3 	 2 	 -5.065486e-13 	 3.253716e-13
1 	 391 	 3 	 2 	 -4.849824e-13 	 2.825041e-13
1 	 392 	 3 	 2 	 -4.626568e-13 	 2.428382e-13
1 	 393 	 3 	 2 	 -4.403312e-13 	 2.031724e-13
1 	 394 	 3 	 2 	 -4.180056e-13 	 1.635066e-13
1 	 395 	 3 	 2 	 -3.956800e-13 	 1.238407e-13
1 	 396 	 3 	 2 	 -3.739237e-13 	 9.788656e-14
1 	 397 	 3 	 2 	 -3.523471e-13 	 7.626238e-14
1 	 398 	 3 	 2 	 -3.307705e-13 	 5.463820e-14
1 	 399 	 3 	 2 	 -3.091940e-13 	 3.301403e-14
1 	 400 	 3 	 2 	 -2.876174e-13 	 1.138985e-14
1 	 401 	 3 	 2 	 -2.683888e-13 	 -2.944140e-15
1 	 402 	 3 	 2 	 -2.504810e-13 	 -1.317740e-14
1 	 403 	 3 	 2 	 -2.325731e-13 	 -2.341066e-14
1 	 404 	 3 	 2 	 -2.146653e-13 	 -3.364392e-14
1 	 405 	 3 	 2 	 -1.967575e-13 	 -4.387718e-14
1 	 406 	 3 	 2 	 -1.811139e-13 	 -5.063445e-14
1 	 407 	 3 	 2 	 -1.675605e-13 	 -5.418312e-14
1 	 408 	 3 	 2 	 -1.540071e-13 	 -5.773178e-14
1 	 409 	 3 	 2 	 -1.404536e-13 	 -6.128044e-14
1 	 410 	 3 	 2 	 -1.269002e-13 	 -6.482910e-14
1 	 411 	 3 	 2 	 -1.149381e-13 	 -6.694843e-14
1 	 412 	 3 	 2 	 -1.053630e-13 	 -6.692375e-14
1 	 413 	 3 	 2 	 -9.578793e-14 	 -6.689907e-14
1 	 414 	 3 	 2 	 -8.621285e-14 	 -6.687439e-14
1 	 415 	 3 	 2 	 -7.663777e-14 	 -6.684970e-14
1 	 416 	 3 	 2 	 -6.796025e-14 	 -6.636437e-14
1 	 417 	 3 	 2 	 -6.159077e-14 	 -6.469449e-14
1 	 418 	 3 	 2 	 -5.522128e-14 	 -6.302460e-14
1 	 419 	 3 	 2 	 -4.885180e-14 	 -6.135472e-14
1 	 420 	 3 	 2 	 -4.248231e-14 	 -5.968483e-14
1 	 421 	 3 	 2 	 -3.649376e-14 	 -5.792963e-14
1 	 422 	 3 	 2 	 -3.250514e-14 	 -5.572649e-14
1 	 423 	 3 	 2 	 -2.851651e-14 	 -5.352334e-14
1 	 424 	 3 	 2 	 -2.452788e-14 	 -5.132020e-14
1 	 425 	 3 	 2 	 -2.053925e-14 	 -4.911706e-14
1 	 426 	 3 	 2 	 -1.661700e-14 	 -4.691589e-14
1 	 427 	 3 	 2 	 -1.428768e-14 	 -4.476209e-14
1 	 428 	 3 	 2 	 -1.195836e-14 	 -4.260829e-14
1 	 429 	 3 	 2 	 -9.629040e-15 	 -4.045449e-14
1 	 430 	 3 	 2 	 -7.299721e-15 	 -3.830069e-14
1 	 431 	 3 	 2 	 -4.970400e-15 	 -3.614689e-14
1 	 432 	 3 	 2 	 -3.645471e-15 	 -3.427749e-14
1 	 433 	 3 	 2 	 -2.407879e-15 	 -3.243280e-14
1 	 434 	 3 	 2 	 -1.170287e-15 	 -3.058812e-14
1 	 435 	 3 	 2 	 6.730470e-17 	 -2.874344e-14
1 	 436 	 3 	 2 	 1.304896e-15 	 -2.689876e-14
1 	 437 	 3 	 2 	 2.001105e-15 	 -2.536257e-14
1 	 438 	 3 	 2 	 2.561968e-15 	 -2.390350e-14
1 	 439 	 3 	 2 	 3.122832e-15 	 -2.244443e-14
1 	 440 	 3 	 2 	 3.683695e-15 	 -2.098536e-14
1 	 441 	 3 	 2 	 4.244558e-15 	 -1.952629e-14
1 	 442 	 3 	 2 	 4.539659e-15 	 -1.831740e-14
1 	 443 	 3 	 2 	 4.709695e-15 	 -1.722626e-14
1 	 444 	 3 	 2 	 4.879732e-15 	 -1.613511e-14
1 	 445 	 3 	 2 	 5.049769e-15 	 -1.504397e-14
1 	 446 	 3 	 2 	 5.219805e-15 	 -1.395282e-14
1 	 447 	 3 	 2 	 5.275290e-15 	 -1.303510e-14
1 	 448 	 3 	 2 	 5.240771e-15 	 -1.225364e-14
1 	 449 	 3 	 2 	 5.206252e-15 	 -1.147218e-14
1 	 450 	 3 	 2 	 5.171733e-15 	 -1.069072e-14
1 	 451 	 3 	 2 	 5.137214e-15 	 -9.909261e-15
1 	 452 	 3 	 2 	 5.062996e-15 	 -9.233818e-15
1 	 453 	 3 	 2 	 4.938251e-15 	 -8.693304e-15
1 	 454 	 3 	 2 	 4.813507e-15 	 -8.152790e-15
1 	 455 	 3 	 2 	 4.688761e-15 	 -7.612277e-15
1 	 456 	 3 	 2 	 4.564017e-15 	 -7.071762e-15
1 	 457 	 3 	 2 	 4.431274e-15 	 -6.587843e-15
1 	 458 	 3 	 2 	 4.281534e-15 	 -6.224186e-15
1 	 459 	 3 	 2 	 4.131794e-15 	 -5.860529e-15
1 	 460 	 3 	 2 	 3.982054e-15 	 -5.496873e-15
1 	 461 	 3 	 2 	 3.832314e-15 	 -5.133216e-15
1 	 462 	 3 	 2 	 3.684275e-15 	 -4.794302e-15
1 	 463 	 3 	 2 	 3.543039e-15 	 -4.554359e-15
1 	 464 	 3 	 2 	 3.401803e-15 	 -4.314415e-15
1 	 465 	 3 	 2 	 3.260567e-15 	 -4.074471e-15
1 	 466 	 3 	 2 	 3.119330e-15 	 -3.834527e-15
1 	 467 	 3 	 2 	 2.979910e-15 	 -3.601215e-15
1 	 468 	 3 	 2 	 2.861364e-15 	 -3.444164e-15
1 	 469 	 3 	 2 	 2.742818e-15 	 -3.287113e-15
1 	 470 	 3 	 2 	 2.624272e-15 	 -3.130062e-15
1 	 471 	 3 	 2 	 2.505726e-15 	 -2.973011e-15
1 	 472 	 3 	 2 	 2.387181e-15 	 -2.815960e-15
1 	 473 	 3 	 2 	 2.293580e-15 	 -2.710111e-15
1 	 474 	 3 	 2 	 2.201018e-15 	 -2.606397e-15
1 	 475 	 3 	 2 	 2.108456e-15 	 -2.502682e-15
1 	 476 	 3 	 2 	 2.015895e-15 	 -2.398967e-15
1 	 477 	 3 	 2 	 1.923333e-15 	 -2.295252e-15
1 	 478 	 3 	 2 	 1.850756e-15 	 -2.219263e-15
1 	 479 	 3 	 2 	 1.781986e-15 	 -2.148554e-15
1 	 480 	 3 	 2 	 1.713216e-15 	 -2.077846e-15
1 	 481 	 3 	 2 	 1.644445e-15 	 -2.007138e-15
1 	 482 	 3 	 2 	 1.575675e-15 	 -1.936429e-15
1 	 483 	 3 	 2 	 1.520856e-15 	 -1.879900e-15
1 	 484 	 3 	 2 	 1.471462e-15 	 -1.828886e-15
1 	 485 	 3 	 2 	 1.422069e-15 	 -1.777872e-15
1 	 486 	 3 	 2 	 1.372675e-15 	 -1.726858e-15
1 	 487 	 3 	 2 	 1.323282e-15 	 -1.675844e-15
1 	 488 	 3 	 2 	 1.282627e-15 	 -1.631680e-15
1 	 489 	 3 	 2 	 1.247798e-15 	 -1.592082e-15
1 	 490 	 3 	 2 	 1.212969e-15 	 -1.552484e-15
1 	 491 	 3 	 2 	 1.178140e-15 	 -1.512886e-15
1 	 492 	 3 	 2 	 1.143311e-15 	 -1.473288e-15
1 	 493 	 3 	 2 	 1.113406e-15 	 -1.436840e-15
1 	 494 	 3 	 2 	 1.088834e-15 	 -1.403805e-15
1 	 495 	 3 	 2 	 1.064263e-15 	 -1.370769e-15
1 	 496 	 3 	 2 	 1.039691e-15 	 -1.337734e-15
1 	 497 	 3 	 2 	 1.015119e-15 	 -1.304698e-15
1 	 498 	 3 	 2 	 9.929975e-16 	 -1.273072e-15
1 	 499 	 3 	 2 	 9.752312e-16 	 -1.243953e-15
1 	 500 	 3 	 2 	 9.574649e-16 	 -1.214833e-15
1 	 501 	 3 	 2 	 9.396986e-16 	 -1.185714e-15
1 	 502 	 3 	 2 	 9.219323e-16 	 -1.156594e-15
1 	 503 	 3 	 2 	 9.051861e-16 	 -1.128101e-15
1 	 504 	 3 	 2 	 8.916704e-16 	 -1.101592e-15
1 	 505 	 3 	 2 	 8.781547e-16 	 -1.075082e-15
1 	 506 	 3 	 2 	 8.646390e-16 	 -1.048573e-15
1 	 507 	 3 	 2 	 8.511233e-16 	 -1.022064e-15
1 	 508 	 3 	 2 	 8.379057e-16 	 -9.958013e-16
1 	 509 	 3 	 2 	 8.268753e-16 	 -9.713517e-16
1 	 510 	 3 	 2 	 8.158448e-16 	 -9.469020e-16
1 	 511 	 3 	 2 	 8.048143e-16 	 -9.224524e-16
1 	 512 	 3 	 2 	 7.937838e-16 	 -8.980028e-16
1 	 513 	 3 	 2 	 7.827534e-16 	 -8.735532e-16
1 	 514 	 3 	 2 	 7.730709e-16 	 -8.509967e-16
1 	 515 	 3 	 2 	 7.633885e-16 	 -8.284403e-16
1 	 516 	 3 	 2 	 7.537062e-16 	 -8.058838e-16
1 	 517 	 3 	 2 	 7.440238e-16 	 -7.833273e-16
1 	 518 	 3 	 2 	 7.343414e-16 	 -7.607709e-16
1 	 519 	 3 	 2 	 7.252523e-16 	 -7.398743e-16
1 	 520 	 3 	 2 	 7.162441e-16 	 -7.192040e-16
1 	 521 	 3 	 2 	 7.072360e-16 	 -6.985338e-16
1 	 522 	 3 	 2 	 6.982278e-16 	 -6.778635e-16
1 	 523 	 3 	 2 	 6.892196e-16 	 -6.571932e-16
1 	 524 	 3 	 2 	 6.804542e-16 	 -6.379791e-16
1 	 525 	 3 	 2 	 6.717655e-16 	 -6.192248e-16
1 	 526 	 3 	 2 	 6.630767e-16 	 -6.004704e-16
1 	 527 	 3 	 2 	 6.543880e-16 	 -5.817161e-16
1 	 528 	 3 	 2 	 6.456992e-16 	 -5.629617e-16
1 	 529 	 3 	 2 	 6.371189e-16 	 -5.454384e-16
1 	 530 	 3 	 2 	 6.285996e-16 	 -5.286074e-16
1 	 531 	 3 	 2 	 6.200802e-16 	 -5.117765e-16
1 	 532 	 3 	 2 	 6.115609e-16 	 -4.949456e-16
1 	 533 	 3 	 2 	 6.030415e-16 	 -4.781147e-16
1 	 534 	 3 	 2 	 5.945950e-16 	 -4.622655e-16
1 	 535 	 3 	 2 	 5.862158e-16 	 -4.473225e-16
1 	 536 	 3 	 2 	 5.778366e-16 	 -4.323796e-16
1 	 537 	 3 	 2 	 5.694573e-16 	 -4.174366e-16
1 	 538 	 3 	 2 	 5.610781e-16 	 -4.024936e-16
1 	 539 	 3 	 2 	 5.527684e-16 	 -3.882743e-16
1 	 540 	 3 	 2 	 5.445631e-16 	 -3.751405e-16
1 	 541 	 3 	 2 	 5.363577e-16 	 -3.620066e-16
1 	 542 	 3 	 2 	 5.281524e-16 	 -3.488728e-16
1 	 543 	 3 	 2 	 5.199471e-16 	 -3.357390e-16
1 	 544 	 3 	 2 	 5.118072e-16 	 -3.230798e-16
1 	 545 	 3 	 2 	 5.038356e-16 	 -3.116415e-16
1 	 546 	 3 	 2 	 4.958640e-16 	 -3.002031e-16
1 	 547 	 3 	 2 	 4.878925e-16 	 -2.887648e-16
1 	 548 	 3 	 2 	 4.799209e-16 	 -2.773264e-16
1 	 549 	 3 	 2 	 4.719969e-16 	 -2.661374e-16
1 	 550 	 3 	 2 	 4.643226e-16 	 -2.562575e-16
1 	 551 	 3 	 2 	 4.566483e-16 	 -2.463776e-16
1 	 552 	 3 	 2 	 4.489740e-16 	 -2.364977e-16
1 	 553 	 3 	 2 	 4.412997e-16 	 -2.266178e-16
1 	 554 	 3 	 2 	 4.336395e-16 	 -2.167943e-16
1 	 555 	 3 	 2 	 4.263175e-16 	 -2.083238e-16
1 	 556 	 3 	 2 	 4.189955e-16 	 -1.998533e-16
1 	 557 	 3 	 2 	 4.116734e-16 	 -1.913829e-16
1 	 558 	 3 	 2 	 4.043514e-16 	 -1.829124e-16
1 	 559 	 3 	 2 	 3.970294e-16 	 -1.744419e-16
1 	 560 	 3 	 2 	 3.900695e-16 	 -1.671288e-16
1 	 561 	 3 	 2 	 3.831411e-16 	 -1.599162e-16
1 	 562 	 3 	 2 	 3.762128e-16 	 -1.527037e-16
1 	 563 	 3 	 2 	 3.692844e-16 	 -1.454912e-16
1 	 564 	 3 	 2 	 3.623560e-16 	 -1.382786e-16
1 	 565 	 3 	 2 	 3.557641e-16 	 -1.319547e-16
1 	 566 	 3 	 2 	 3.492563e-16 	 -1.258528e-16
1 	 567 	 3 	 2 	 3.427485e-16 	 -1.197510e-16
1 	 568 	 3 	 2 	 3.362407e-16 	 -1.136491e-16
1 	 569 	 3 	 2 	 3.297329e-16 	 -1.075473e-16
1 	 570 	 3 	 2 	 3.235202e-16 	 -1.021064e-16
1 	 571 	 3 	 2 	 3.174466e-16 	 -9.697664e-17
1 	 572 	 3 	 2 	 3.113729e-16 	 -9.184686e-17
1 	 573 	 3 	 2 	 3.052992e-16 	 -8.671707e-17
1 	 574 	 3 	 2 	 2.992255e-16 	 -8.158729e-17
1 	 575 	 3 	 2 	 2.933961e-16 	 -7.693064e-17
1 	 576 	 3 	 2 	 2.877587e-16 	 -7.264574e-17
1 	 577 	 3 	 2 	 2.821212e-16 	 -6.836085e-17
1 	 578 	 3 	 2 	 2.764838e-16 	 -6.407594e-17
1 	 579 	 3 	 2 	 2.708464e-16 	 -5.979105e-17
1 	 580 	 3 	 2 	 2.653981e-16 	 -5.582745e-17
1 	 581 	 3 	 2 	 2.601904e-16 	 -5.227278e-17
1 	 582 	 3 	 2 	 2.549827e-16 	 -4.871811e-17
1 	 583 	 3 	 2 	 2.497750e-16 	 -4.516344e-17
1 	 584 	 3 	 2 	 2.445673e-16 	 -4.160877e-17
1 	 585 	 3 	 2 	 2.394930e-16 	 -3.825505e-17
1 	 586 	 3 	 2 	 2.347018e-16 	 -3.532833e-17
1 	 587 	 3 	 2 	 2.299107e-16 	 -3.240161e-17
1 	 588 	 3 	 2 	 2.251195e-16 	 -2.947490e-17
1 	 589 	 3 	 2 	 2.203284e-16 	 -2.654818e-17
1 	 590 	 3 	 2 	 2.156170e-16 	 -2.372906e-17
1 	 591 	 3 	 2 	 2.112244e-16 	 -2.134030e-17
1 	 592 	 3 	 2 	 2.068318e-16 	 -1.895153e-17
1 	 593 	 3 	 2 	 2.024392e-16 	 -1.656277e-17
1 	 594 	 3 	 2 	 1.980466e-16 	 -1.417401e-17
1 	 595 	 3 	 2 	 1.936842e-16 	 -1.182199e-17
1 	 596 	 3 	 2 	 1.896694e-16 	 -9.892569e-18
1 	 597 	 3 	 2 	 1.856545e-16 	 -7.963145e-18
1 	 598 	 3 	 2 	 1.816397e-16 	 -6.033720e-18
1 	 599 	 3 	 2 	 1.776248e-16 	 -4.104295e-18
1 	 600 	 3 	 2 	 1.736100e-16 	 -2.174870e-18
1 	 601 	 3 	 2 	 1.699361e-16 	 -6.204537e-19
1 	 602 	 3 	 2 	 1.662764e-16 	 9.183373e-19
1 	 603 	 3 	 2 	 1.626168e-16 	 2.457128e-18
1 	 604 	 3 	 2 	 1.589571e-16 	 3.995919e-18
1 	 605 	 3 	 2 	 1.552974e-16 	 5.534710e-18
1 	 606 	 3 	 2 	 1.519163e-16 	 6.795420e-18
1 	 607 	 3 	 2 	 1.485881e-16 	 8.003162e-18
1 	 608 	 3 	 2 	 1.452600e-16 	 9.210904e-18
1 	 609 	 3 	 2 	 1.419319e-16 	 1.041865e-17
1 	 610 	 3 	 2 	 1.386037e-16 	 1.162639e-17
1 	 611 	 3 	 2 	 1.354972e-16 	 1.263294e-17
1 	 612 	 3 	 2 	 1.324769e-16 	 1.356125e-17
1 	 613 	 3 	 2 	 1.294566e-16 	 1.448957e-17
1 	 614 	 3 	 2 	 1.264363e-16 	 1.541788e-17
1 	 615 	 3 	 2 	 1.234160e-16 	 1.634619e-17
1 	 616 	 3 	 2 	 1.205663e-16 	 1.713373e-17
1 	 617 	 3 	 2 	 1.178302e-16 	 1.782741e-17
1 	 618 	 3 	 2 	 1.150942e-16 	 1.852110e-17
1 	 619 	 3 	 2 	 1.123581e-16 	 1.921478e-17
1 	 620 	 3 	 2 	 1.096221e-16 	 1.990847e-17
1 	 621 	 3 	 2 	 1.070115e-16 	 2.050806e-17
1 	 622 	 3 	 2 	 1.045369e-16 	 2.100572e-17
1 	 623 	 3 	 2 	 1.020622e-16 	 2.150337e-17
1 	 624 	 3 	 2 	 9.958759e-17 	 2.200103e-17
1 	 625 	 3 	 2 	 9.711294e-17 	 2.249869e-17
1 	 626 	 3 	 2 	 9.472463e-17 	 2.293784e-17
1 	 627 	 3 	 2 	 9.248979e-17 	 2.327297e-17
1 	 628 	 3 	 2 	 9.025495e-17 	 2.360810e-17
1 	 629 	 3 	 2 	 8.802012e-17 	 2.394324e-17
1 	 630 	 3 	 2 	 8.578527e-17 	 2.427837e-17
1 	 631 	 3 	 2 	 8.360312e-17 	 2.458147e-17
1 	 632 	 3 	 2 	 8.158781e-17 	 2.478311e-17
1 	 633 	 3 	 2 	 7.957249e-17 	 2.498476e-17
1 	 634 	 3 	 2 	 7.755718e-17 	 2.518641e-17
1 	 635 	 3 	 2 	 7.554186e-17 	 2.538806e-17
1 	 636 	 3 	 2 	 7.355066e-17 	 2.557666e-17
1 	 637 	 3 	 2 	 7.173635e-17 	 2.566958e-17
1 	 638 	 3 	 2 	 6.992204e-17 	 2.576251e-17
1 	 639 	 3 	 2 	 6.810772e-17 	 2.585543e-17
1 	 640 	 3 	 2 	 6.629341e-17 	 2.594835e-17
1 	 641 	 3 	 2 	 6.447909e-17 	 2.604128e-17
1 	 1 	 3 	 3 	 6.278586e-18 	 -7.169901e-18
1 	 2 	 3 	 3 	 6.350154e-18 	 -7.451934e-18
1 	 3 	 3 	 3 	 6.421722e-18 	 -7.733966e-18
1 	 4 	 3 	 3 	 6.493290e-18 	 -8.015998e-18
1 	 5 	 3 	 3 	 6.564859e-18 	 -8.298031e-18
1 	 6 	 3 	 3 	 6.636427e-18 	 -8.580063e-18
1 	 7 	 3 	 3 	 6.699195e-18 	 -8.898119e-18
1 	 8 	 3 	 3 	 6.760763e-18 	 -9.221088e-18
1 	 9 	 3 	 3 	 6.822332e-18 	 -9.544056e-18
1 	 10 	 3 	 3 	 6.883900e-18 	 -9.867025e-18
1 	 11 	 3 	 3 	 6.945468e-18 	 -1.018999e-17
1 	 12 	 3 	 3 	 6.996283e-18 	 -1.054796e-17
1 	 13 	 3 	 3 	 7.043701e-18 	 -1.091698e-17
1 	 14 	 3 	 3 	 7.091119e-18 	 -1.128600e-17
1 	 15 	 3 	 3 	 7.138538e-18 	 -1.165502e-17
1 	 16 	 3 	 3 	 7.185956e-18 	 -1.202405e-17
1 	 17 	 3 	 3 	 7.221178e-18 	 -1.242619e-17
1 	 18 	 3 	 3 	 7.249537e-18 	 -1.284695e-17
1 	 19 	 3 	 3 	 7.277898e-18 	 -1.326772e-17
1 	 20 	 3 	 3 	 7.306258e-18 	 -1.368849e-17
1 	 21 	 3 	 3 	 7.334619e-18 	 -1.410926e-17
1 	 22 	 3 	 3 	 7.350053e-18 	 -1.456016e-17
1 	 23 	 3 	 3 	 7.353556e-18 	 -1.503887e-17
1 	 24 	 3 	 3 	 7.357060e-18 	 -1.551758e-17
1 	 25 	 3 	 3 	 7.360563e-18 	 -1.599629e-17
1 	 26 	 3 	 3 	 7.364067e-18 	 -1.647500e-17
1 	 27 	 3 	 3 	 7.354866e-18 	 -1.697956e-17
1 	 28 	 3 	 3 	 7.326606e-18 	 -1.752290e-17
1 	 29 	 3 	 3 	 7.298347e-18 	 -1.806624e-17
1 	 30 	 3 	 3 	 7.270088e-18 	 -1.860958e-17
1 	 31 	 3 	 3 	 7.241829e-18 	 -1.915292e-17
1 	 32 	 3 	 3 	 7.202348e-18 	 -1.971637e-17
1 	 33 	 3 	 3 	 7.134010e-18 	 -2.033150e-17
1 	 34 	 3 	 3 	 7.065673e-18 	 -2.094664e-17
1 	 35 	 3 	 3 	 6.997336e-18 	 -2.156178e-17
1 	 36 	 3 	 3 	 6.928998e-18 	 -2.217692e-17
1 	 37 	 3 	 3 	 6.852644e-18 	 -2.280475e-17
1 	 38 	 3 	 3 	 6.734200e-18 	 -2.349922e-17
1 	 39 	 3 	 3 	 6.615756e-18 	 -2.419369e-17
1 	 40 	 3 	 3 	 6.497311e-18 	 -2.488817e-17
1 	 41 	 3 	 3 	 6.378867e-18 	 -2.558264e-17
1 	 42 	 3 	 3 	 6.257941e-18 	 -2.628060e-17
1 	 43 	 3 	 3 	 6.077447e-18 	 -2.706222e-17
1 	 44 	 3 	 3 	 5.896952e-18 	 -2.784383e-17
1 	 45 	 3 	 3 	 5.716457e-18 	 -2.862545e-17
1 	 46 	 3 	 3 	 5.535962e-18 	 -2.940706e-17
1 	 47 	 3 	 3 	 5.355468e-18 	 -3.018867e-17
1 	 48 	 3 	 3 	 5.105004e-18 	 -3.105788e-17
1 	 49 	 3 	 3 	 4.848455e-18 	 -3.193470e-17
1 	 50 	 3 	 3 	 4.591907e-18 	 -3.281152e-17
1 	 51 	 3 	 3 	 4.335359e-18 	 -3.368834e-17
1 	 52 	 3 	 3 	 4.078810e-18 	 -3.456516e-17
1 	 53 	 3 	 3 	 3.748340e-18 	 -3.552493e-17
1 	 54 	 3 	 3 	 3.399389e-18 	 -3.650542e-17
1 	 55 	 3 	 3 	 3.050437e-18 	 -3.748592e-17
1 	 56 	 3 	 3 	 2.701486e-18 	 -3.846642e-17
1 	 57 	 3 	 3 	 2.352535e-18 	 -3.944692e-17
1 	 58 	 3 	 3 	 1.927617e-18 	 -4.050403e-17
1 	 59 	 3 	 3 	 1.466950e-18 	 -4.159719e-17
1 	 60 	 3 	 3 	 1.006283e-18 	 -4.269035e-17
1 	 61 	 3 	 3 	 5.456158e-19 	 -4.378351e-17
1 	 62 	 3 	 3 	 8.494863e-20 	 -4.487667e-17
1 	 63 	 3 	 3 	 -4.512195e-19 	 -4.603809e-17
1 	 64 	 3 	 3 	 -1.046710e-18 	 -4.725313e-17
1 	 65 	 3 	 3 	 -1.642200e-18 	 -4.846818e-17
1 	 66 	 3 	 3 	 -2.237691e-18 	 -4.968323e-17
1 	 67 	 3 	 3 	 -2.833181e-18 	 -5.089827e-17
1 	 68 	 3 	 3 	 -3.500076e-18 	 -5.217082e-17
1 	 69 	 3 	 3 	 -4.257849e-18 	 -5.351656e-17
1 	 70 	 3 	 3 	 -5.015623e-18 	 -5.486229e-17
1 	 71 	 3 	 3 	 -5.773396e-18 	 -5.620802e-17
1 	 72 	 3 	 3 	 -6.531170e-18 	 -5.755376e-17
1 	 73 	 3 	 3 	 -7.351081e-18 	 -5.894386e-17
1 	 74 	 3 	 3 	 -8.303033e-18 	 -6.042823e-17
1 	 75 	 3 	 3 	 -9.254986e-18 	 -6.191261e-17
1 	 76 	 3 	 3 	 -1.020694e-17 	 -6.339699e-17
1 	 77 	 3 	 3 	 -1.115889e-17 	 -6.488136e-17
1 	 78 	 3 	 3 	 -1.215705e-17 	 -6.639496e-17
1 	 79 	 3 	 3 	 -1.334001e-17 	 -6.802542e-17
1 	 80 	 3 	 3 	 -1.452297e-17 	 -6.965589e-17
1 	 81 	 3 	 3 	 -1.570593e-17 	 -7.128635e-17
1 	 82 	 3 	 3 	 -1.688889e-17 	 -7.291681e-17
1 	 83 	 3 	 3 	 -1.809383e-17 	 -7.455952e-17
1 	 84 	 3 	 3 	 -1.955159e-17 	 -7.634298e-17
1 	 85 	 3 	 3 	 -2.100935e-17 	 -7.812644e-17
1 	 86 	 3 	 3 	 -2.246710e-17 	 -7.990990e-17
1 	 87 	 3 	 3 	 -2.392486e-17 	 -8.169336e-17
1 	 88 	 3 	 3 	 -2.538261e-17 	 -8.347683e-17
1 	 89 	 3 	 3 	 -2.715516e-17 	 -8.541100e-17
1 	 90 	 3 	 3 	 -2.894083e-17 	 -8.735144e-17
1 	 91 	 3 	 3 	 -3.072650e-17 	 -8.929190e-17
1 	 92 	 3 	 3 	 -3.251217e-17 	 -9.123234e-17
1 	 93 	 3 	 3 	 -3.429783e-17 	 -9.317280e-17
1 	 94 	 3 	 3 	 -3.641121e-17 	 -9.524278e-17
1 	 95 	 3 	 3 	 -3.858700e-17 	 -9.733743e-17
1 	 96 	 3 	 3 	 -4.076280e-17 	 -9.943209e-17
1 	 97 	 3 	 3 	 -4.293859e-17 	 -1.015267e-16
1 	 98 	 3 	 3 	 -4.511439e-17 	 -1.036214e-16
1 	 99 	 3 	 3 	 -4.762080e-17 	 -1.058191e-16
1 	 100 	 3 	 3 	 -5.025579e-17 	 -1.080569e-16
1 	 101 	 3 	 3 	 -5.289079e-17 	 -1.102946e-16
1 	 102 	 3 	 3 	 -5.552578e-17 	 -1.125324e-16
1 	 103 	 3 	 3 	 -5.816076e-17 	 -1.147701e-16
1 	 104 	 3 	 3 	 -6.111709e-17 	 -1.170821e-16
1 	 105 	 3 	 3 	 -6.428764e-17 	 -1.194436e-16
1 	 106 	 3 	 3 	 -6.745819e-17 	 -1.218052e-16
1 	 107 	 3 	 3 	 -7.062874e-17 	 -1.241667e-16
1 	 108 	 3 	 3 	 -7.379928e-17 	 -1.265281e-16
1 	 109 	 3 	 3 	 -7.726805e-17 	 -1.289333e-16
1 	 110 	 3 	 3 	 -8.105987e-17 	 -1.313857e-16
1 	 111 	 3 	 3 	 -8.485169e-17 	 -1.338382e-16
1 	 112 	 3 	 3 	 -8.864352e-17 	 -1.362906e-16
1 	 113 	 3 	 3 	 -9.243534e-17 	 -1.387430e-16
1 	 114 	 3 	 3 	 -9.648265e-17 	 -1.412080e-16
1 	 115 	 3 	 3 	 -1.009841e-16 	 -1.436952e-16
1 	 116 	 3 	 3 	 -1.054856e-16 	 -1.461825e-16
1 	 117 	 3 	 3 	 -1.099871e-16 	 -1.486698e-16
1 	 118 	 3 	 3 	 -1.144886e-16 	 -1.511571e-16
1 	 119 	 3 	 3 	 -1.191781e-16 	 -1.536334e-16
1 	 120 	 3 	 3 	 -1.244630e-16 	 -1.560750e-16
1 	 121 	 3 	 3 	 -1.297478e-16 	 -1.585166e-16
1 	 122 	 3 	 3 	 -1.350326e-16 	 -1.609582e-16
1 	 123 	 3 	 3 	 -1.403175e-16 	 -1.633998e-16
1 	 124 	 3 	 3 	 -1.457016e-16 	 -1.658247e-16
1 	 125 	 3 	 3 	 -1.518141e-16 	 -1.681274e-16
1 	 126 	 3 	 3 	 -1.579265e-16 	 -1.704302e-16
1 	 127 	 3 	 3 	 -1.640390e-16 	 -1.727329e-16
1 	 128 	 3 	 3 	 -1.701514e-16 	 -1.750356e-16
1 	 129 	 3 	 3 	 -1.762639e-16 	 -1.773383e-16
1 	 130 	 3 	 3 	 -1.832077e-16 	 -1.794081e-16
1 	 131 	 3 	 3 	 -1.901514e-16 	 -1.814778e-16
1 	 132 	 3 	 3 	 -1.970952e-16 	 -1.835475e-16
1 	 133 	 3 	 3 	 -2.040390e-16 	 -1.856173e-16
1 	 134 	 3 	 3 	 -2.109828e-16 	 -1.876870e-16
1 	 135 	 3 	 3 	 -2.186016e-16 	 -1.894857e-16
1 	 136 	 3 	 3 	 -2.263125e-16 	 -1.912474e-16
1 	 137 	 3 	 3 	 -2.340234e-16 	 -1.930091e-16
1 	 138 	 3 	 3 	 -2.417343e-16 	 -1.947709e-16
1 	 139 	 3 	 3 	 -2.494451e-16 	 -1.965326e-16
1 	 140 	 3 	 3 	 -2.576130e-16 	 -1.980671e-16
1 	 141 	 3 	 3 	 -2.659251e-16 	 -1.995297e-16
1 	 142 	 3 	 3 	 -2.742373e-16 	 -2.009924e-16
1 	 143 	 3 	 3 	 -2.825495e-16 	 -2.024551e-16
1 	 144 	 3 	 3 	 -2.908616e-16 	 -2.039178e-16
1 	 145 	 3 	 3 	 -2.993913e-16 	 -2.053229e-16
1 	 146 	 3 	 3 	 -3.080434e-16 	 -2.066958e-16
1 	 147 	 3 	 3 	 -3.166954e-16 	 -2.080686e-16
1 	 148 	 3 	 3 	 -3.253475e-16 	 -2.094414e-16
1 	 149 	 3 	 3 	 -3.339995e-16 	 -2.108142e-16
1 	 150 	 3 	 3 	 -3.426763e-16 	 -2.124286e-16
1 	 151 	 3 	 3 	 -3.513760e-16 	 -2.142660e-16
1 	 152 	 3 	 3 	 -3.600757e-16 	 -2.161034e-16
1 	 153 	 3 	 3 	 -3.687754e-16 	 -2.179409e-16
1 	 154 	 3 	 3 	 -3.774751e-16 	 -2.197783e-16
1 	 155 	 3 	 3 	 -3.861207e-16 	 -2.222392e-16
1 	 156 	 3 	 3 	 -3.946851e-16 	 -2.256354e-16
1 	 157 	 3 	 3 	 -4.032496e-16 	 -2.290315e-16
1 	 158 	 3 	 3 	 -4.118141e-16 	 -2.324277e-16
1 	 159 	 3 	 3 	 -4.203785e-16 	 -2.358239e-16
1 	 160 	 3 	 3 	 -4.289743e-16 	 -2.401836e-16
1 	 161 	 3 	 3 	 -4.376507e-16 	 -2.470209e-16
1 	 162 	 3 	 3 	 -4.463270e-16 	 -2.538582e-16
1 	 163 	 3 	 3 	 -4.550034e-16 	 -2.606955e-16
1 	 164 	 3 	 3 	 -4.636798e-16 	 -2.675328e-16
1 	 165 	 3 	 3 	 -4.725813e-16 	 -2.753785e-16
1 	 166 	 3 	 3 	 -4.826653e-16 	 -2.885182e-16
1 	 167 	 3 	 3 	 -4.927492e-16 	 -3.016579e-16
1 	 168 	 3 	 3 	 -5.028332e-16 	 -3.147976e-16
1 	 169 	 3 	 3 	 -5.129171e-16 	 -3.279372e-16
1 	 170 	 3 	 3 	 -5.231903e-16 	 -3.414818e-16
1 	 171 	 3 	 3 	 -5.380043e-16 	 -3.647431e-16
1 	 172 	 3 	 3 	 -5.528183e-16 	 -3.880044e-16
1 	 173 	 3 	 3 	 -5.676322e-16 	 -4.112657e-16
1 	 174 	 3 	 3 	 -5.824462e-16 	 -4.345269e-16
1 	 175 	 3 	 3 	 -5.972602e-16 	 -4.577882e-16
1 	 176 	 3 	 3 	 -6.226931e-16 	 -4.943332e-16
1 	 177 	 3 	 3 	 -6.490495e-16 	 -5.320332e-16
1 	 178 	 3 	 3 	 -6.754059e-16 	 -5.697333e-16
1 	 179 	 3 	 3 	 -7.017622e-16 	 -6.074333e-16
1 	 180 	 3 	 3 	 -7.281186e-16 	 -6.451333e-16
1 	 181 	 3 	 3 	 -7.735500e-16 	 -6.970855e-16
1 	 182 	 3 	 3 	 -8.237503e-16 	 -7.526006e-16
1 	 183 	 3 	 3 	 -8.739505e-16 	 -8.081158e-16
1 	 184 	 3 	 3 	 -9.241509e-16 	 -8.636310e-16
1 	 185 	 3 	 3 	 -9.743511e-16 	 -9.191462e-16
1 	 186 	 3 	 3 	 -1.054362e-15 	 -9.862966e-16
1 	 187 	 3 	 3 	 -1.148401e-15 	 -1.058923e-15
1 	 188 	 3 	 3 	 -1.242440e-15 	 -1.131549e-15
1 	 189 	 3 	 3 	 -1.336479e-15 	 -1.204175e-15
1 	 190 	 3 	 3 	 -1.430518e-15 	 -1.276801e-15
1 	 191 	 3 	 3 	 -1.565608e-15 	 -1.353164e-15
1 	 192 	 3 	 3 	 -1.732952e-15 	 -1.432463e-15
1 	 193 	 3 	 3 	 -1.900296e-15 	 -1.511762e-15
1 	 194 	 3 	 3 	 -2.067640e-15 	 -1.591061e-15
1 	 195 	 3 	 3 	 -2.234984e-15 	 -1.670360e-15
1 	 196 	 3 	 3 	 -2.451724e-15 	 -1.739581e-15
1 	 197 	 3 	 3 	 -2.731332e-15 	 -1.795976e-15
1 	 198 	 3 	 3 	 -3.010939e-15 	 -1.852372e-15
1 	 199 	 3 	 3 	 -3.290547e-15 	 -1.908767e-15
1 	 200 	 3 	 3 	 -3.570154e-15 	 -1.965162e-15
1 	 201 	 3 	 3 	 -3.899675e-15 	 -1.994085e-15
1 	 202 	 3 	 3 	 -4.335260e-15 	 -1.964629e-15
1 	 203 	 3 	 3 	 -4.770846e-15 	 -1.935172e-15
1 	 204 	 3 	 3 	 -5.206432e-15 	 -1.905716e-15
1 	 205 	 3 	 3 	 -5.642017e-15 	 -1.876260e-15
1 	 206 	 3 	 3 	 -6.115655e-15 	 -1.806592e-15
1 	 207 	 3 	 3 	 -6.741505e-15 	 -1.576078e-15
1 	 208 	 3 	 3 	 -7.367355e-15 	 -1.345564e-15
1 	 209 	 3 	 3 	 -7.993204e-15 	 -1.115051e-15
1 	 210 	 3 	 3 	 -8.619054e-15 	 -8.845374e-16
1 	 211 	 3 	 3 	 -9.259666e-15 	 -6.228097e-16
1 	 212 	 3 	 3 	 -1.007005e-14 	 -2.119472e-18
1 	 213 	 3 	 3 	 -1.088043e-14 	 6.185707e-16
1 	 214 	 3 	 3 	 -1.169081e-14 	 1.239261e-15
1 	 215 	 3 	 3 	 -1.250120e-14 	 1.859951e-15
1 	 216 	 3 	 3 	 -1.331158e-14 	 2.480641e-15
1 	 217 	 3 	 3 	 -1.419988e-14 	 3.745597e-15
1 	 218 	 3 	 3 	 -1.509142e-14 	 5.037397e-15
1 	 219 	 3 	 3 	 -1.598297e-14 	 6.329197e-15
1 	 220 	 3 	 3 	 -1.687451e-14 	 7.620997e-15
1 	 221 	 3 	 3 	 -1.776606e-14 	 8.912797e-15
1 	 222 	 3 	 3 	 -1.847513e-14 	 1.107985e-14
1 	 223 	 3 	 3 	 -1.914944e-14 	 1.341361e-14
1 	 224 	 3 	 3 	 -1.982376e-14 	 1.574737e-14
1 	 225 	 3 	 3 	 -2.049808e-14 	 1.808114e-14
1 	 226 	 3 	 3 	 -2.117239e-14 	 2.041490e-14
1 	 227 	 3 	 3 	 -2.122758e-14 	 2.379304e-14
1 	 228 	 3 	 3 	 -2.104201e-14 	 2.757733e-14
1 	 229 	 3 	 3 	 -2.085643e-14 	 3.136162e-14
1 	 230 	 3 	 3 	 -2.067086e-14 	 3.514591e-14
1 	 231 	 3 	 3 	 -2.048528e-14 	 3.893020e-14
1 	 232 	 3 	 3 	 -1.906778e-14 	 4.375752e-14
1 	 233 	 3 	 3 	 -1.682900e-14 	 4.928019e-14
1 	 234 	 3 	 3 	 -1.459023e-14 	 5.480286e-14
1 	 235 	 3 	 3 	 -1.235145e-14 	 6.032554e-14
1 	 236 	 3 	 3 	 -1.011267e-14 	 6.584821e-14
1 	 237 	 3 	 3 	 -5.935330e-15 	 7.211348e-14
1 	 238 	 3 	 3 	 3.421143e-16 	 7.918326e-14
1 	 239 	 3 	 3 	 6.619558e-15 	 8.625303e-14
1 	 240 	 3 	 3 	 1.289700e-14 	 9.332280e-14
1 	 241 	 3 	 3 	 1.917445e-14 	 1.003926e-13
1 	 242 	 3 	 3 	 2.797492e-14 	 1.075263e-13
1 	 243 	 3 	 3 	 4.126079e-14 	 1.147738e-13
1 	 244 	 3 	 3 	 5.454666e-14 	 1.220213e-13
1 	 245 	 3 	 3 	 6.783253e-14 	 1.292687e-13
1 	 246 	 3 	 3 	 8.111839e-14 	 1.365162e-13
1 	 247 	 3 	 3 	 9.701772e-14 	 1.428997e-13
1 	 248 	 3 	 3 	 1.211930e-13 	 1.465471e-13
1 	 249 	 3 	 3 	 1.453683e-13 	 1.501945e-13
1 	 250 	 3 	 3 	 1.695436e-13 	 1.538419e-13
1 	 251 	 3 	 3 	 1.937188e-13 	 1.574893e-13
1 	 252 	 3 	 3 	 2.196786e-13 	 1.597273e-13
1 	 253 	 3 	 3 	 2.587242e-13 	 1.516291e-13
1 	 254 	 3 	 3 	 2.977699e-13 	 1.435309e-13
1 	 255 	 3 	 3 	 3.368156e-13 	 1.354327e-13
1 	 256 	 3 	 3 	 3.758612e-13 	 1.273345e-13
1 	 257 	 3 	 3 	 4.149069e-13 	 1.192363e-13
1 	 258 	 3 	 3 	 4.704436e-13 	 8.413033e-14
1 	 259 	 3 	 3 	 5.259802e-13 	 4.902431e-14
1 	 260 	 3 	 3 	 5.815169e-13 	 1.391829e-14
1 	 261 	 3 	 3 	 6.370536e-13 	 -2.118772e-14
1 	 262 	 3 	 3 	 6.925902e-13 	 -5.629374e-14
1 	 263 	 3 	 3 	 7.569754e-13 	 -1.375964e-13
1 	 264 	 3 	 3 	 8.225671e-13 	 -2.251987e-13
1 	 265 	 3 	 3 	 8.881588e-13 	 -3.128009e-13
1 	 266 	 3 	 3 	 9.537505e-13 	 -4.004032e-13
1 	 267 	 3 	 3 	 1.019342e-12 	 -4.880054e-13
1 	 268 	 3 	 3 	 1.072907e-12 	 -6.440110e-13
1 	 269 	 3 	 3 	 1.122673e-12 	 -8.216178e-13
1 	 270 	 3 	 3 	 1.172440e-12 	 -9.992246e-13
1 	 271 	 3 	 3 	 1.222206e-12 	 -1.176831e-12
1 	 272 	 3 	 3 	 1.271973e-12 	 -1.354438e-12
1 	 273 	 3 	 3 	 1.269624e-12 	 -1.618914e-12
1 	 274 	 3 	 3 	 1.237960e-12 	 -1.932253e-12
1 	 275 	 3 	 3 	 1.206296e-12 	 -2.245592e-12
1 	 276 	 3 	 3 	 1.174632e-12 	 -2.558930e-12
1 	 277 	 3 	 3 	 1.142968e-12 	 -2.872269e-12
1 	 278 	 3 	 3 	 9.974141e-13 	 -3.274709e-12
1 	 279 	 3 	 3 	 7.467314e-13 	 -3.759396e-12
1 	 280 	 3 	 3 	 4.960487e-13 	 -4.244083e-12
1 	 281 	 3 	 3 	 2.453659e-13 	 -4.728770e-12
1 	 282 	 3 	 3 	 -5.316792e-15 	 -5.213457e-12
1 	 283 	 3 	 3 	 -4.455723e-13 	 -5.757401e-12
1 	 284 	 3 	 3 	 -1.170187e-12 	 -6.390228e-12
1 	 285 	 3 	 3 	 -1.894801e-12 	 -7.023055e-12
1 	 286 	 3 	 3 	 -2.619416e-12 	 -7.655882e-12
1 	 287 	 3 	 3 	 -3.344031e-12 	 -8.288709e-12
1 	 288 	 3 	 3 	 -4.321787e-12 	 -8.911506e-12
1 	 289 	 3 	 3 	 -5.950478e-12 	 -9.508512e-12
1 	 290 	 3 	 3 	 -7.579170e-12 	 -1.010552e-11
1 	 291 	 3 	 3 	 -9.207861e-12 	 -1.070252e-11
1 	 292 	 3 	 3 	 -1.083655e-11 	 -1.129953e-11
1 	 293 	 3 	 3 	 -1.272226e-11 	 -1.180769e-11
1 	 294 	 3 	 3 	 -1.595727e-11 	 -1.184940e-11
1 	 295 	 3 	 3 	 -1.919229e-11 	 -1.189111e-11
1 	 296 	 3 	 3 	 -2.242730e-11 	 -1.193282e-11
1 	 297 	 3 	 3 	 -2.566232e-11 	 -1.197453e-11
1 	 298 	 3 	 3 	 -2.901813e-11 	 -1.195135e-11
1 	 299 	 3 	 3 	 -3.527305e-11 	 -1.037081e-11
1 	 300 	 3 	 3 	 -4.152797e-11 	 -8.790259e-12
1 	 301 	 3 	 3 	 -4.778289e-11 	 -7.209713e-12
1 	 302 	 3 	 3 	 -5.403781e-11 	 -5.629166e-12
1 	 303 	 3 	 3 	 -6.029273e-11 	 -4.048619e-12
1 	 304 	 3 	 3 	 -7.461683e-11 	 4.219259e-13
1 	 305 	 3 	 3 	 -8.964259e-11 	 5.143775e-12
1 	 306 	 3 	 3 	 -1.046683e-10 	 9.865625e-12
1 	 307 	 3 	 3 	 -1.196941e-10 	 1.458747e-11
1 	 308 	 3 	 3 	 -1.347199e-10 	 1.930932e-11
1 	 309 	 3 	 3 	 -1.964110e-10 	 2.613158e-11
1 	 310 	 3 	 3 	 -2.697686e-10 	 3.347894e-11
1 	 311 	 3 	 3 	 -3.431261e-10 	 4.082630e-11
1 	 312 	 3 	 3 	 -4.164836e-10 	 4.817367e-11
1 	 313 	 3 	 3 	 -4.898411e-10 	 5.552103e-11
1 	 314 	 3 	 3 	 -1.070946e-09 	 5.260786e-11
1 	 315 	 3 	 3 	 -1.890990e-09 	 4.486620e-11
1 	 316 	 3 	 3 	 -2.711034e-09 	 3.712455e-11
1 	 317 	 3 	 3 	 -3.531078e-09 	 2.938290e-11
1 	 318 	 3 	 3 	 -4.351123e-09 	 2.164124e-11
1 	 319 	 3 	 3 	 -3.681205e-09 	 1.424603e-11
1 	 320 	 3 	 3 	 -1.840602e-09 	 7.123014e-12
1 	 321 	 3 	 3 	 -4.671007e-21 	 5.713253e-21
1 	 322 	 3 	 3 	 1.840602e-09 	 -7.123014e-12
1 	 323 	 3 	 3 	 3.681205e-09 	 -1.424603e-11
1 	 324 	 3 	 3 	 4.351123e-09 	 -2.164124e-11
1 	 325 	 3 	 3 	 3.531078e-09 	 -2.938290e-11
1 	 326 	 3 	 3 	 2.711034e-09 	 -3.712455e-11
1 	 327 	 3 	 3 	 1.890990e-09 	 -4.486620e-11
1 	 328 	 3 	 3 	 1.070946e-09 	 -5.260786e-11
1 	 329 	 3 	 3 	 4.898411e-10 	 -5.552103e-11
1 	 330 	 3 	 3 	 4.164836e-10 	 -4.817367e-11
1 	 331 	 3 	 3 	 3.431261e-10 	 -4.082630e-11
1 	 332 	 3 	 3 	 2.697686e-10 	 -3.347894e-11
1 	 333 	 3 	 3 	 1.964110e-10 	 -2.613158e-11
1 	 334 	 3 	 3 	 1.347199e-10 	 -1.930932e-11
1 	 335 	 3 	 3 	 1.196941e-10 	 -1.458747e-11
1 	 336 	 3 	 3 	 1.046683e-10 	 -9.865625e-12
1 	 337 	 3 	 3 	 8.964259e-11 	 -5.143775e-12
1 	 338 	 3 	 3 	 7.461683e-11 	 -4.219260e-13
1 	 339 	 3 	 3 	 6.029273e-11 	 4.048619e-12
1 	 340 	 3 	 3 	 5.403781e-11 	 5.629166e-12
1 	 341 	 3 	 3 	 4.778289e-11 	 7.209713e-12
1 	 342 	 3 	 3 	 4.152797e-11 	 8.790259e-12
1 	 343 	 3 	 3 	 3.527305e-11 	 1.037081e-11
1 	 344 	 3 	 3 	 2.901813e-11 	 1.195135e-11
1 	 345 	 3 	 3 	 2.566232e-11 	 1.197453e-11
1 	 346 	 3 	 3 	 2.242730e-11 	 1.193282e-11
1 	 347 	 3 	 3 	 1.919229e-11 	 1.189111e-11
1 	 348 	 3 	 3 	 1.595727e-11 	 1.184940e-11
1 	 349 	 3 	 3 	 1.272226e-11 	 1.180769e-11
1 	 350 	 3 	 3 	 1.083655e-11 	 1.129953e-11
1 	 351 	 3 	 3 	 9.207861e-12 	 1.070252e-11
1 	 352 	 3 	 3 	 7.579170e-12 	 1.010552e-11
1 	 353 	 3 	 3 	 5.950478e-12 	 9.508512e-12
1 	 354 	 3 	 3 	 4.321787e-12 	 8.911506e-12
1 	 355 	 3 	 3 	 3.344031e-12 	 8.288709e-12
1 	 356 	 3 	 3 	 2.619416e-12 	 7.655882e-12
1 	 357 	 3 	 3 	 1.894801e-12 	 7.023055e-12
1 	 358 	 3 	 3 	 1.170187e-12 	 6.390228e-12
1 	 359 	 3 	 3 	 4.455722e-13 	 5.757401e-12
1 	 360 	 3 	 3 	 5.316740e-15 	 5.213457e-12
1 	 361 	 3 	 3 	 -2.453660e-13 	 4.728770e-12
1 	 362 	 3 	 3 	 -4.960487e-13 	 4.244083e-12
1 	 363 	 3 	 3 	 -7.467315e-13 	 3.759396e-12
1 	 364 	 3 	 3 	 -9.974142e-13 	 3.274709e-12
1 	 365 	 3 	 3 	 -1.142968e-12 	 2.872269e-12
1 	 366 	 3 	 3 	 -1.174632e-12 	 2.558930e-12
1 	 367 	 3 	 3 	 -1.206296e-12 	 2.245592e-12
1 	 368 	 3 	 3 	 -1.237960e-12 	 1.932253e-12
1 	 369 	 3 	 3 	 -1.269624e-12 	 1.618913e-12
1 	 370 	 3 	 3 	 -1.271973e-12 	 1.354438e-12
1 	 371 	 3 	 3 	 -1.222206e-12 	 1.176831e-12
1 	 372 	 3 	 3 	 -1.172440e-12 	 9.992246e-13
1 	 373 	 3 	 3 	 -1.122673e-12 	 8.216178e-13
1 	 374 	 3 	 3 	 -1.072907e-12 	 6.440111e-13
1 	 375 	 3 	 3 	 -1.019342e-12 	 4.880054e-13
1 	 376 	 3 	 3 	 -9.537505e-13 	 4.004032e-13
1 	 377 	 3 	 3 	 -8.881588e-13 	 3.128009e-13
1 	 378 	 3 	 3 	 -8.225671e-13 	 2.251987e-13
1 	 379 	 3 	 3 	 -7.569754e-13 	 1.375965e-13
1 	 380 	 3 	 3 	 -6.925903e-13 	 5.629377e-14
1 	 381 	 3 	 3 	 -6.370536e-13 	 2.118774e-14
1 	 382 	 3 	 3 	 -5.815169e-13 	 -1.391829e-14
1 	 383 	 3 	 3 	 -5.259802e-13 	 -4.902432e-14
1 	 384 	 3 	 3 	 -4.704436e-13 	 -8.413034e-14
1 	 385 	 3 	 3 	 -4.149069e-13 	 -1.192364e-13
1 	 386 	 3 	 3 	 -3.758612e-13 	 -1.273346e-13
1 	 387 	 3 	 3 	 -3.368156e-13 	 -1.354327e-13
1 	 388 	 3 	 3 	 -2.977699e-13 	 -1.435309e-13
1 	 389 	 3 	 3 	 -2.587242e-13 	 -1.516291e-13
1 	 390 	 3 	 3 	 -2.196786e-13 	 -1.597273e-13
1 	 391 	 3 	 3 	 -1.937188e-13 	 -1.574894e-13
1 	 392 	 3 	 3 	 -1.695435e-13 	 -1.538419e-13
1 	 393 	 3 	 3 	 -1.453683e-13 	 -1.501945e-13
1 	 394 	 3 	 3 	 -1.211930e-13 	 -1.465471e-13
1 	 395 	 3 	 3 	 -9.701769e-14 	 -1.428997e-13
1 	 396 	 3 	 3 	 -8.111837e-14 	 -1.365162e-13
1 	 397 	 3 	 3 	 -6.783251e-14 	 -1.292687e-13
1 	 398 	 3 	 3 	 -5.454664e-14 	 -1.220212e-13
1 	 399 	 3 	 3 	 -4.126078e-14 	 -1.147738e-13
1 	 400 	 3 	 3 	 -2.797492e-14 	 -1.075263e-13
1 	 401 	 3 	 3 	 -1.917445e-14 	 -1.003926e-13
1 	 402 	 3 	 3 	 -1.289701e-14 	 -9.332279e-14
1 	 403 	 3 	 3 	 -6.619567e-15 	 -8.625303e-14
1 	 404 	 3 	 3 	 -3.421248e-16 	 -7.918326e-14
1 	 405 	 3 	 3 	 5.935317e-15 	 -7.211348e-14
1 	 406 	 3 	 3 	 1.011266e-14 	 -6.584821e-14
1 	 407 	 3 	 3 	 1.235144e-14 	 -6.032554e-14
1 	 408 	 3 	 3 	 1.459022e-14 	 -5.480287e-14
1 	 409 	 3 	 3 	 1.682900e-14 	 -4.928020e-14
1 	 410 	 3 	 3 	 1.906778e-14 	 -4.375753e-14
1 	 411 	 3 	 3 	 2.048528e-14 	 -3.893021e-14
1 	 412 	 3 	 3 	 2.067086e-14 	 -3.514591e-14
1 	 413 	 3 	 3 	 2.085643e-14 	 -3.136163e-14
1 	 414 	 3 	 3 	 2.104201e-14 	 -2.757733e-14
1 	 415 	 3 	 3 	 2.122758e-14 	 -2.379304e-14
1 	 416 	 3 	 3 	 2.117239e-14 	 -2.041490e-14
1 	 417 	 3 	 3 	 2.049807e-14 	 -1.808114e-14
1 	 418 	 3 	 3 	 1.982376e-14 	 -1.574737e-14
1 	 419 	 3 	 3 	 1.914944e-14 	 -1.341361e-14
1 	 420 	 3 	 3 	 1.847513e-14 	 -1.107985e-14
1 	 421 	 3 	 3 	 1.776606e-14 	 -8.912799e-15
1 	 422 	 3 	 3 	 1.687451e-14 	 -7.620998e-15
1 	 423 	 3 	 3 	 1.598297e-14 	 -6.329197e-15
1 	 424 	 3 	 3 	 1.509142e-14 	 -5.037396e-15
1 	 425 	 3 	 3 	 1.419988e-14 	 -3.745596e-15
1 	 426 	 3 	 3 	 1.331158e-14 	 -2.480640e-15
1 	 427 	 3 	 3 	 1.250120e-14 	 -1.859950e-15
1 	 428 	 3 	 3 	 1.169081e-14 	 -1.239260e-15
1 	 429 	 3 	 3 	 1.088043e-14 	 -6.185701e-16
1 	 430 	 3 	 3 	 1.007005e-14 	 2.119638e-18
1 	 431 	 3 	 3 	 9.259663e-15 	 6.228094e-16
1 	 432 	 3 	 3 	 8.619052e-15 	 8.845369e-16
1 	 433 	 3 	 3 	 7.993203e-15 	 1.115050e-15
1 	 434 	 3 	 3 	 7.367354e-15 	 1.345564e-15
1 	 435 	 3 	 3 	 6.741505e-15 	 1.576077e-15
1 	 436 	 3 	 3 	 6.115656e-15 	 1.806590e-15
1 	 437 	 3 	 3 	 5.642018e-15 	 1.876259e-15
1 	 438 	 3 	 3 	 5.206432e-15 	 1.905716e-15
1 	 439 	 3 	 3 	 4.770846e-15 	 1.935173e-15
1 	 440 	 3 	 3 	 4.335260e-15 	 1.964630e-15
1 	 441 	 3 	 3 	 3.899674e-15 	 1.994087e-15
1 	 442 	 3 	 3 	 3.570154e-15 	 1.965164e-15
1 	 443 	 3 	 3 	 3.290546e-15 	 1.908768e-15
1 	 444 	 3 	 3 	 3.010937e-15 	 1.852373e-15
1 	 445 	 3 	 3 	 2.731329e-15 	 1.795977e-15
1 	 446 	 3 	 3 	 2.451721e-15 	 1.739581e-15
1 	 447 	 3 	 3 	 2.234982e-15 	 1.670359e-15
1 	 448 	 3 	 3 	 2.067638e-15 	 1.591060e-15
1 	 449 	 3 	 3 	 1.900295e-15 	 1.511760e-15
1 	 450 	 3 	 3 	 1.732951e-15 	 1.432461e-15
1 	 451 	 3 	 3 	 1.565608e-15 	 1.353162e-15
1 	 452 	 3 	 3 	 1.430518e-15 	 1.276799e-15
1 	 453 	 3 	 3 	 1.336479e-15 	 1.204173e-15
1 	 454 	 3 	 3 	 1.242440e-15 	 1.131548e-15
1 	 455 	 3 	 3 	 1.148401e-15 	 1.058923e-15
1 	 456 	 3 	 3 	 1.054362e-15 	 9.862971e-16
1 	 457 	 3 	 3 	 9.743515e-16 	 9.191470e-16
1 	 458 	 3 	 3 	 9.241510e-16 	 8.636317e-16
1 	 459 	 3 	 3 	 8.739503e-16 	 8.081165e-16
1 	 460 	 3 	 3 	 8.237497e-16 	 7.526013e-16
1 	 461 	 3 	 3 	 7.735490e-16 	 6.970861e-16
1 	 462 	 3 	 3 	 7.281173e-16 	 6.451339e-16
1 	 463 	 3 	 3 	 7.017611e-16 	 6.074336e-16
1 	 464 	 3 	 3 	 6.754049e-16 	 5.697334e-16
1 	 465 	 3 	 3 	 6.490486e-16 	 5.320331e-16
1 	 466 	 3 	 3 	 6.226925e-16 	 4.943329e-16
1 	 467 	 3 	 3 	 5.972596e-16 	 4.577877e-16
1 	 468 	 3 	 3 	 5.824457e-16 	 4.345266e-16
1 	 469 	 3 	 3 	 5.676318e-16 	 4.112655e-16
1 	 470 	 3 	 3 	 5.528179e-16 	 3.880044e-16
1 	 471 	 3 	 3 	 5.380040e-16 	 3.647432e-16
1 	 472 	 3 	 3 	 5.231901e-16 	 3.414821e-16
1 	 473 	 3 	 3 	 5.129168e-16 	 3.279375e-16
1 	 474 	 3 	 3 	 5.028328e-16 	 3.147978e-16
1 	 475 	 3 	 3 	 4.927487e-16 	 3.016581e-16
1 	 476 	 3 	 3 	 4.826647e-16 	 2.885183e-16
1 	 477 	 3 	 3 	 4.725806e-16 	 2.753786e-16
1 	 478 	 3 	 3 	 4.636791e-16 	 2.675328e-16
1 	 479 	 3 	 3 	 4.550029e-16 	 2.606955e-16
1 	 480 	 3 	 3 	 4.463266e-16 	 2.538581e-16
1 	 481 	 3 	 3 	 4.376504e-16 	 2.470207e-16
1 	 482 	 3 	 3 	 4.289742e-16 	 2.401833e-16
1 	 483 	 3 	 3 	 4.203784e-16 	 2.358237e-16
1 	 484 	 3 	 3 	 4.118140e-16 	 2.324277e-16
1 	 485 	 3 	 3 	 4.032496e-16 	 2.290317e-16
1 	 486 	 3 	 3 	 3.946851e-16 	 2.256357e-16
1 	 487 	 3 	 3 	 3.861207e-16 	 2.222397e-16
1 	 488 	 3 	 3 	 3.774750e-16 	 2.197788e-16
1 	 489 	 3 	 3 	 3.687752e-16 	 2.179414e-16
1 	 490 	 3 	 3 	 3.600754e-16 	 2.161039e-16
1 	 491 	 3 	 3 	 3.513756e-16 	 2.142664e-16
1 	 492 	 3 	 3 	 3.426758e-16 	 2.124290e-16
1 	 493 	 3 	 3 	 3.339989e-16 	 2.108145e-16
1 	 494 	 3 	 3 	 3.253470e-16 	 2.094416e-16
1 	 495 	 3 	 3 	 3.166950e-16 	 2.080687e-16
1 	 496 	 3 	 3 	 3.080430e-16 	 2.066957e-16
1 	 497 	 3 	 3 	 2.993910e-16 	 2.053228e-16
1 	 498 	 3 	 3 	 2.908615e-16 	 2.039176e-16
1 	 499 	 3 	 3 	 2.825494e-16 	 2.024550e-16
1 	 500 	 3 	 3 	 2.742374e-16 	 2.009924e-16
1 	 501 	 3 	 3 	 2.659253e-16 	 1.995298e-16
1 	 502 	 3 	 3 	 2.576133e-16 	 1.980672e-16
1 	 503 	 3 	 3 	 2.494455e-16 	 1.965328e-16
1 	 504 	 3 	 3 	 2.417345e-16 	 1.947712e-16
1 	 505 	 3 	 3 	 2.340235e-16 	 1.930095e-16
1 	 506 	 3 	 3 	 2.263126e-16 	 1.912479e-16
1 	 507 	 3 	 3 	 2.186016e-16 	 1.894862e-16
1 	 508 	 3 	 3 	 2.109827e-16 	 1.876876e-16
1 	 509 	 3 	 3 	 2.040389e-16 	 1.856178e-16
1 	 510 	 3 	 3 	 1.970950e-16 	 1.835479e-16
1 	 511 	 3 	 3 	 1.901512e-16 	 1.814781e-16
1 	 512 	 3 	 3 	 1.832074e-16 	 1.794083e-16
1 	 513 	 3 	 3 	 1.762636e-16 	 1.773384e-16
1 	 514 	 3 	 3 	 1.701512e-16 	 1.750356e-16
1 	 515 	 3 	 3 	 1.640389e-16 	 1.727329e-16
1 	 516 	 3 	 3 	 1.579265e-16 	 1.704301e-16
1 	 517 	 3 	 3 	 1.518142e-16 	 1.681273e-16
1 	 518 	 3 	 3 	 1.457019e-16 	 1.658246e-16
1 	 519 	 3 	 3 	 1.403178e-16 	 1.633997e-16
1 	 520 	 3 	 3 	 1.350330e-16 	 1.609582e-16
1 	 521 	 3 	 3 	 1.297482e-16 	 1.585167e-16
1 	 522 	 3 	 3 	 1.244634e-16 	 1.560752e-16
1 	 523 	 3 	 3 	 1.191786e-16 	 1.536337e-16
1 	 524 	 3 	 3 	 1.144891e-16 	 1.511574e-16
1 	 525 	 3 	 3 	 1.099875e-16 	 1.486702e-16
1 	 526 	 3 	 3 	 1.054859e-16 	 1.461829e-16
1 	 527 	 3 	 3 	 1.009843e-16 	 1.436957e-16
1 	 528 	 3 	 3 	 9.648274e-17 	 1.412084e-16
1 	 529 	 3 	 3 	 9.243538e-17 	 1.387434e-16
1 	 530 	 3 	 3 	 8.864352e-17 	 1.362909e-16
1 	 531 	 3 	 3 	 8.485166e-17 	 1.338384e-16
1 	 532 	 3 	 3 	 8.105981e-17 	 1.313859e-16
1 	 533 	 3 	 3 	 7.726795e-17 	 1.289333e-16
1 	 534 	 3 	 3 	 7.379921e-17 	 1.265281e-16
1 	 535 	 3 	 3 	 7.062873e-17 	 1.241666e-16
1 	 536 	 3 	 3 	 6.745825e-17 	 1.218051e-16
1 	 537 	 3 	 3 	 6.428777e-17 	 1.194435e-16
1 	 538 	 3 	 3 	 6.111729e-17 	 1.170820e-16
1 	 539 	 3 	 3 	 5.816101e-17 	 1.147699e-16
1 	 540 	 3 	 3 	 5.552606e-17 	 1.125322e-16
1 	 541 	 3 	 3 	 5.289110e-17 	 1.102945e-16
1 	 542 	 3 	 3 	 5.025614e-17 	 1.080568e-16
1 	 543 	 3 	 3 	 4.762118e-17 	 1.058191e-16
1 	 544 	 3 	 3 	 4.511478e-17 	 1.036214e-16
1 	 545 	 3 	 3 	 4.293894e-17 	 1.015268e-16
1 	 546 	 3 	 3 	 4.076310e-17 	 9.943216e-17
1 	 547 	 3 	 3 	 3.858725e-17 	 9.733752e-17
1 	 548 	 3 	 3 	 3.641141e-17 	 9.524289e-17
1 	 549 	 3 	 3 	 3.429799e-17 	 9.317292e-17
1 	 550 	 3 	 3 	 3.251229e-17 	 9.123243e-17
1 	 551 	 3 	 3 	 3.072659e-17 	 8.929194e-17
1 	 552 	 3 	 3 	 2.894089e-17 	 8.735144e-17
1 	 553 	 3 	 3 	 2.715518e-17 	 8.541096e-17
1 	 554 	 3 	 3 	 2.538260e-17 	 8.347674e-17
1 	 555 	 3 	 3 	 2.392486e-17 	 8.169324e-17
1 	 556 	 3 	 3 	 2.246712e-17 	 7.990975e-17
1 	 557 	 3 	 3 	 2.100938e-17 	 7.812625e-17
1 	 558 	 3 	 3 	 1.955164e-17 	 7.634275e-17
1 	 559 	 3 	 3 	 1.809390e-17 	 7.455925e-17
1 	 560 	 3 	 3 	 1.688898e-17 	 7.291655e-17
1 	 561 	 3 	 3 	 1.570603e-17 	 7.128608e-17
1 	 562 	 3 	 3 	 1.452309e-17 	 6.965562e-17
1 	 563 	 3 	 3 	 1.334015e-17 	 6.802516e-17
1 	 564 	 3 	 3 	 1.215721e-17 	 6.639470e-17
1 	 565 	 3 	 3 	 1.115905e-17 	 6.488112e-17
1 	 566 	 3 	 3 	 1.020709e-17 	 6.339676e-17
1 	 567 	 3 	 3 	 9.255127e-18 	 6.191240e-17
1 	 568 	 3 	 3 	 8.303164e-18 	 6.042803e-17
1 	 569 	 3 	 3 	 7.351201e-18 	 5.894367e-17
1 	 570 	 3 	 3 	 6.531271e-18 	 5.755357e-17
1 	 571 	 3 	 3 	 5.773475e-18 	 5.620784e-17
1 	 572 	 3 	 3 	 5.015678e-18 	 5.486209e-17
1 	 573 	 3 	 3 	 4.257882e-18 	 5.351635e-17
1 	 574 	 3 	 3 	 3.500085e-18 	 5.217061e-17
1 	 575 	 3 	 3 	 2.833176e-18 	 5.089805e-17
1 	 576 	 3 	 3 	 2.237677e-18 	 4.968299e-17
1 	 577 	 3 	 3 	 1.642179e-18 	 4.846792e-17
1 	 578 	 3 	 3 	 1.046681e-18 	 4.725286e-17
1 	 579 	 3 	 3 	 4.511823e-19 	 4.603779e-17
1 	 580 	 3 	 3 	 -8.498755e-20 	 4.487636e-17
1 	 581 	 3 	 3 	 -5.456484e-19 	 4.378320e-17
1 	 582 	 3 	 3 	 -1.006309e-18 	 4.269003e-17
1 	 583 	 3 	 3 	 -1.466970e-18 	 4.159687e-17
1 	 584 	 3 	 3 	 -1.927631e-18 	 4.050370e-17
1 	 585 	 3 	 3 	 -2.352543e-18 	 3.944659e-17
1 	 586 	 3 	 3 	 -2.701489e-18 	 3.846610e-17
1 	 587 	 3 	 3 	 -3.050435e-18 	 3.748561e-17
1 	 588 	 3 	 3 	 -3.399381e-18 	 3.650512e-17
1 	 589 	 3 	 3 	 -3.748328e-18 	 3.552463e-17
1 	 590 	 3 	 3 	 -4.078795e-18 	 3.456487e-17
1 	 591 	 3 	 3 	 -4.335346e-18 	 3.368806e-17
1 	 592 	 3 	 3 	 -4.591897e-18 	 3.281125e-17
1 	 593 	 3 	 3 	 -4.848448e-18 	 3.193444e-17
1 	 594 	 3 	 3 	 -5.104999e-18 	 3.105762e-17
1 	 595 	 3 	 3 	 -5.355466e-18 	 3.018843e-17
1 	 596 	 3 	 3 	 -5.535965e-18 	 2.940682e-17
1 	 597 	 3 	 3 	 -5.716464e-18 	 2.862521e-17
1 	 598 	 3 	 3 	 -5.896963e-18 	 2.784359e-17
1 	 599 	 3 	 3 	 -6.077462e-18 	 2.706198e-17
1 	 600 	 3 	 3 	 -6.257961e-18 	 2.628037e-17
1 	 601 	 3 	 3 	 -6.378886e-18 	 2.558241e-17
1 	 602 	 3 	 3 	 -6.497328e-18 	 2.488794e-17
1 	 603 	 3 	 3 	 -6.615770e-18 	 2.419347e-17
1 	 604 	 3 	 3 	 -6.734213e-18 	 2.349900e-17
1 	 605 	 3 	 3 	 -6.852655e-18 	 2.280452e-17
1 	 606 	 3 	 3 	 -6.929002e-18 	 2.217669e-17
1 	 607 	 3 	 3 	 -6.997331e-18 	 2.156156e-17
1 	 608 	 3 	 3 	 -7.065659e-18 	 2.094642e-17
1 	 609 	 3 	 3 	 -7.133989e-18 	 2.033129e-17
1 	 610 	 3 	 3 	 -7.202318e-18 	 1.971615e-17
1 	 611 	 3 	 3 	 -7.241790e-18 	 1.915271e-17
1 	 612 	 3 	 3 	 -7.270041e-18 	 1.860937e-17
1 	 613 	 3 	 3 	 -7.298291e-18 	 1.806603e-17
1 	 614 	 3 	 3 	 -7.326542e-18 	 1.752269e-17
1 	 615 	 3 	 3 	 -7.354793e-18 	 1.697935e-17
1 	 616 	 3 	 3 	 -7.363990e-18 	 1.647480e-17
1 	 617 	 3 	 3 	 -7.360486e-18 	 1.599609e-17
1 	 618 	 3 	 3 	 -7.356982e-18 	 1.551738e-17
1 	 619 	 3 	 3 	 -7.353478e-18 	 1.503867e-17
1 	 620 	 3 	 3 	 -7.349975e-18 	 1.455997e-17
1 	 621 	 3 	 3 	 -7.334544e-18 	 1.410907e-17
1 	 622 	 3 	 3 	 -7.306194e-18 	 1.368831e-17
1 	 623 	 3 	 3 	 -7.277842e-18 	 1.326755e-17
1 	 624 	 3 	 3 	 -7.249491e-18 	 1.284679e-17
1 	 625 	 3 	 3 	 -7.221140e-18 	 1.242603e-17
1 	 626 	 3 	 3 	 -7.185931e-18 	 1.202391e-17
1 	 627 	 3 	 3 	 -7.138529e-18 	 1.165491e-17
1 	 628 	 3 	 3 	 -7.091127e-18 	 1.128591e-17
1 	 629 	 3 	 3 	 -7.043724e-18 	 1.091692e-17
1 	 630 	 3 	 3 	 -6.996322e-18 	 1.054792e-17
1 	 631 	 3 	 3 	 -6.945525e-18 	 1.018998e-17
1 	 632 	 3 	 3 	 -6.883975e-18 	 9.867063e-18
1 	 633 	 3 	 3 	 -6.822426e-18 	 9.544145e-18
1 	 634 	 3 	 3 	 -6.760876e-18 	 9.221226e-18
1 	 635 	 3 	 3 	 -6.699327e-18 	 8.898308e-18
1 	 636 	 3 	 3 	 -6.636578e-18 	 8.580303e-18
1 	 637 	 3 	 3 	 -6.565030e-18 	 8.298335e-18
1 	 638 	 3 	 3 	 -6.493483e-18 	 8.016367e-18
1 	 639 	 3 	 3 	 -6.421936e-18 	 7.734399e-18
1 	 640 	 3 	 3 	 -6.350388e-18 	 7.452432e-18
1 	 641 	 3 	 3 	 -6.278841e-18 	 7.170464e-18
