iTx 	 iRx    ichrec  ifreq 	 emf_real 	 emf_imag
1 	 1 	 1 	 1 	 -1.049892e-14 	 7.530426e-15
1 	 2 	 1 	 1 	 -1.097460e-14 	 7.836354e-15
1 	 3 	 1 	 1 	 -1.145081e-14 	 8.143325e-15
1 	 4 	 1 	 1 	 -1.192822e-14 	 8.451594e-15
1 	 5 	 1 	 1 	 -1.247331e-14 	 8.829425e-15
1 	 6 	 1 	 1 	 -1.302015e-14 	 9.208719e-15
1 	 7 	 1 	 1 	 -1.356800e-14 	 9.589388e-15
1 	 8 	 1 	 1 	 -1.418788e-14 	 1.004915e-14
1 	 9 	 1 	 1 	 -1.481927e-14 	 1.052327e-14
1 	 10 	 1 	 1 	 -1.544893e-14 	 1.099824e-14
1 	 11 	 1 	 1 	 -1.612494e-14 	 1.154198e-14
1 	 12 	 1 	 1 	 -1.681289e-14 	 1.210586e-14
1 	 13 	 1 	 1 	 -1.749958e-14 	 1.267020e-14
1 	 14 	 1 	 1 	 -1.827634e-14 	 1.334687e-14
1 	 15 	 1 	 1 	 -1.908391e-14 	 1.406153e-14
1 	 16 	 1 	 1 	 -1.989361e-14 	 1.477868e-14
1 	 17 	 1 	 1 	 -2.078484e-14 	 1.562494e-14
1 	 18 	 1 	 1 	 -2.169726e-14 	 1.650596e-14
1 	 19 	 1 	 1 	 -2.261011e-14 	 1.739069e-14
1 	 20 	 1 	 1 	 -2.365149e-14 	 1.848413e-14
1 	 21 	 1 	 1 	 -2.470718e-14 	 1.960424e-14
1 	 22 	 1 	 1 	 -2.576933e-14 	 2.074324e-14
1 	 23 	 1 	 1 	 -2.692759e-14 	 2.209433e-14
1 	 24 	 1 	 1 	 -2.808380e-14 	 2.344924e-14
1 	 25 	 1 	 1 	 -2.927077e-14 	 2.488163e-14
1 	 26 	 1 	 1 	 -3.053783e-14 	 2.650341e-14
1 	 27 	 1 	 1 	 -3.180208e-14 	 2.812835e-14
1 	 28 	 1 	 1 	 -3.310545e-14 	 2.989880e-14
1 	 29 	 1 	 1 	 -3.443628e-14 	 3.178133e-14
1 	 30 	 1 	 1 	 -3.576164e-14 	 3.366502e-14
1 	 31 	 1 	 1 	 -3.719807e-14 	 3.589937e-14
1 	 32 	 1 	 1 	 -3.864124e-14 	 3.817622e-14
1 	 33 	 1 	 1 	 -4.016083e-14 	 4.064857e-14
1 	 34 	 1 	 1 	 -4.188652e-14 	 4.361823e-14
1 	 35 	 1 	 1 	 -4.360684e-14 	 4.659815e-14
1 	 36 	 1 	 1 	 -4.535726e-14 	 4.993915e-14
1 	 37 	 1 	 1 	 -4.710188e-14 	 5.342939e-14
1 	 38 	 1 	 1 	 -4.887297e-14 	 5.708948e-14
1 	 39 	 1 	 1 	 -5.077181e-14 	 6.134144e-14
1 	 40 	 1 	 1 	 -5.266013e-14 	 6.559232e-14
1 	 41 	 1 	 1 	 -5.463408e-14 	 7.047641e-14
1 	 42 	 1 	 1 	 -5.662547e-14 	 7.556015e-14
1 	 43 	 1 	 1 	 -5.865715e-14 	 8.101438e-14
1 	 44 	 1 	 1 	 -6.077000e-14 	 8.714004e-14
1 	 45 	 1 	 1 	 -6.286609e-14 	 9.327025e-14
1 	 46 	 1 	 1 	 -6.506367e-14 	 1.005611e-13
1 	 47 	 1 	 1 	 -6.723678e-14 	 1.078621e-13
1 	 48 	 1 	 1 	 -6.950243e-14 	 1.160455e-13
1 	 49 	 1 	 1 	 -7.178920e-14 	 1.246321e-13
1 	 50 	 1 	 1 	 -7.386867e-14 	 1.334221e-13
1 	 51 	 1 	 1 	 -7.566861e-14 	 1.424445e-13
1 	 52 	 1 	 1 	 -7.739403e-14 	 1.519765e-13
1 	 53 	 1 	 1 	 -7.900526e-14 	 1.634554e-13
1 	 54 	 1 	 1 	 -8.052851e-14 	 1.750930e-13
1 	 55 	 1 	 1 	 -8.220598e-14 	 1.903635e-13
1 	 56 	 1 	 1 	 -8.382477e-14 	 2.056660e-13
1 	 57 	 1 	 1 	 -8.510559e-14 	 2.230747e-13
1 	 58 	 1 	 1 	 -8.629533e-14 	 2.406396e-13
1 	 59 	 1 	 1 	 -8.698553e-14 	 2.610435e-13
1 	 60 	 1 	 1 	 -8.751870e-14 	 2.819679e-13
1 	 61 	 1 	 1 	 -8.735408e-14 	 3.061608e-13
1 	 62 	 1 	 1 	 -8.695451e-14 	 3.311422e-13
1 	 63 	 1 	 1 	 -8.560224e-14 	 3.602971e-13
1 	 64 	 1 	 1 	 -8.394170e-14 	 3.904504e-13
1 	 65 	 1 	 1 	 -8.116077e-14 	 4.256775e-13
1 	 66 	 1 	 1 	 -7.808961e-14 	 4.617959e-13
1 	 67 	 1 	 1 	 -7.256276e-14 	 5.023292e-13
1 	 68 	 1 	 1 	 -6.654453e-14 	 5.436907e-13
1 	 69 	 1 	 1 	 -5.705144e-14 	 5.964957e-13
1 	 70 	 1 	 1 	 -4.623987e-14 	 6.508460e-13
1 	 71 	 1 	 1 	 -3.136660e-14 	 7.109896e-13
1 	 72 	 1 	 1 	 -1.323063e-14 	 7.779811e-13
1 	 73 	 1 	 1 	 9.490527e-15 	 8.549349e-13
1 	 74 	 1 	 1 	 3.798079e-14 	 9.413628e-13
1 	 75 	 1 	 1 	 6.974263e-14 	 1.032814e-12
1 	 76 	 1 	 1 	 1.133010e-13 	 1.141420e-12
1 	 77 	 1 	 1 	 1.621491e-13 	 1.256748e-12
1 	 78 	 1 	 1 	 2.249044e-13 	 1.390573e-12
1 	 79 	 1 	 1 	 3.015234e-13 	 1.540332e-12
1 	 80 	 1 	 1 	 3.889741e-13 	 1.702059e-12
1 	 81 	 1 	 1 	 5.072653e-13 	 1.900403e-12
1 	 82 	 1 	 1 	 6.416847e-13 	 2.113201e-12
1 	 83 	 1 	 1 	 8.018566e-13 	 2.348757e-12
1 	 84 	 1 	 1 	 1.005720e-12 	 2.625911e-12
1 	 85 	 1 	 1 	 1.239140e-12 	 2.919883e-12
1 	 86 	 1 	 1 	 1.521807e-12 	 3.229087e-12
1 	 87 	 1 	 1 	 1.927568e-12 	 3.636592e-12
1 	 88 	 1 	 1 	 2.416056e-12 	 4.097900e-12
1 	 89 	 1 	 1 	 3.005630e-12 	 4.612435e-12
1 	 90 	 1 	 1 	 3.818934e-12 	 5.254846e-12
1 	 91 	 1 	 1 	 4.831420e-12 	 5.993634e-12
1 	 92 	 1 	 1 	 6.082576e-12 	 6.841484e-12
1 	 93 	 1 	 1 	 7.837234e-12 	 7.904640e-12
1 	 94 	 1 	 1 	 1.020354e-11 	 9.196953e-12
1 	 95 	 1 	 1 	 1.333624e-11 	 1.075357e-11
1 	 96 	 1 	 1 	 1.749469e-11 	 1.264084e-11
1 	 97 	 1 	 1 	 2.350822e-11 	 1.506547e-11
1 	 98 	 1 	 1 	 3.250010e-11 	 1.823094e-11
1 	 99 	 1 	 1 	 4.573708e-11 	 2.233360e-11
1 	 100 	 1 	 1 	 6.557279e-11 	 2.769871e-11
1 	 101 	 1 	 1 	 9.586203e-11 	 3.476628e-11
1 	 102 	 1 	 1 	 1.430759e-10 	 4.415014e-11
1 	 103 	 1 	 1 	 1.421556e-10 	 4.294708e-11
1 	 104 	 1 	 1 	 9.498762e-11 	 3.379384e-11
1 	 105 	 1 	 1 	 6.486690e-11 	 2.688285e-11
1 	 106 	 1 	 1 	 4.514304e-11 	 2.161495e-11
1 	 107 	 1 	 1 	 3.203284e-11 	 1.761445e-11
1 	 108 	 1 	 1 	 2.325166e-11 	 1.458803e-11
1 	 109 	 1 	 1 	 1.735314e-11 	 1.224172e-11
1 	 110 	 1 	 1 	 1.328051e-11 	 1.039264e-11
1 	 111 	 1 	 1 	 1.019384e-11 	 8.860186e-12
1 	 112 	 1 	 1 	 7.850375e-12 	 7.584438e-12
1 	 113 	 1 	 1 	 6.083939e-12 	 6.522793e-12
1 	 114 	 1 	 1 	 4.842788e-12 	 5.686401e-12
1 	 115 	 1 	 1 	 3.838873e-12 	 4.960935e-12
1 	 116 	 1 	 1 	 3.032877e-12 	 4.332030e-12
1 	 117 	 1 	 1 	 2.433015e-12 	 3.812162e-12
1 	 118 	 1 	 1 	 1.970731e-12 	 3.373489e-12
1 	 119 	 1 	 1 	 1.582259e-12 	 2.977805e-12
1 	 120 	 1 	 1 	 1.261533e-12 	 2.618935e-12
1 	 121 	 1 	 1 	 1.012420e-12 	 2.328418e-12
1 	 122 	 1 	 1 	 7.995871e-13 	 2.068781e-12
1 	 123 	 1 	 1 	 6.350977e-13 	 1.843133e-12
1 	 124 	 1 	 1 	 5.071921e-13 	 1.652409e-12
1 	 125 	 1 	 1 	 3.973617e-13 	 1.479613e-12
1 	 126 	 1 	 1 	 3.163784e-13 	 1.334736e-12
1 	 127 	 1 	 1 	 2.482679e-13 	 1.204464e-12
1 	 128 	 1 	 1 	 1.909675e-13 	 1.086505e-12
1 	 129 	 1 	 1 	 1.487122e-13 	 9.871673e-13
1 	 130 	 1 	 1 	 1.104567e-13 	 8.937859e-13
1 	 131 	 1 	 1 	 8.144980e-14 	 8.133474e-13
1 	 132 	 1 	 1 	 5.658277e-14 	 7.401500e-13
1 	 133 	 1 	 1 	 3.592454e-14 	 6.742375e-13
1 	 134 	 1 	 1 	 1.993884e-14 	 6.169390e-13
1 	 135 	 1 	 1 	 5.330209e-15 	 5.626952e-13
1 	 136 	 1 	 1 	 -4.948176e-15 	 5.174924e-13
1 	 137 	 1 	 1 	 -1.480727e-14 	 4.738360e-13
1 	 138 	 1 	 1 	 -2.165393e-14 	 4.368861e-13
1 	 139 	 1 	 1 	 -2.800200e-14 	 4.016546e-13
1 	 140 	 1 	 1 	 -3.264017e-14 	 3.708110e-13
1 	 141 	 1 	 1 	 -3.703212e-14 	 3.409089e-13
1 	 142 	 1 	 1 	 -4.090129e-14 	 3.124403e-13
1 	 143 	 1 	 1 	 -4.428982e-14 	 2.867776e-13
1 	 144 	 1 	 1 	 -4.703386e-14 	 2.648945e-13
1 	 145 	 1 	 1 	 -4.901302e-14 	 2.452613e-13
1 	 146 	 1 	 1 	 -4.995704e-14 	 2.283675e-13
1 	 147 	 1 	 1 	 -5.064294e-14 	 2.126310e-13
1 	 148 	 1 	 1 	 -5.095795e-14 	 1.983555e-13
1 	 149 	 1 	 1 	 -5.119247e-14 	 1.848842e-13
1 	 150 	 1 	 1 	 -5.120332e-14 	 1.727498e-13
1 	 151 	 1 	 1 	 -5.120752e-14 	 1.610859e-13
1 	 152 	 1 	 1 	 -5.097052e-14 	 1.507164e-13
1 	 153 	 1 	 1 	 -5.075952e-14 	 1.405433e-13
1 	 154 	 1 	 1 	 -5.032065e-14 	 1.318112e-13
1 	 155 	 1 	 1 	 -4.993640e-14 	 1.230838e-13
1 	 156 	 1 	 1 	 -4.931931e-14 	 1.155728e-13
1 	 157 	 1 	 1 	 -4.873008e-14 	 1.081670e-13
1 	 158 	 1 	 1 	 -4.787558e-14 	 1.009532e-13
1 	 159 	 1 	 1 	 -4.691878e-14 	 9.379977e-14
1 	 160 	 1 	 1 	 -4.596946e-14 	 8.712042e-14
1 	 161 	 1 	 1 	 -4.501239e-14 	 8.115163e-14
1 	 162 	 1 	 1 	 -4.409608e-14 	 7.527615e-14
1 	 163 	 1 	 1 	 -4.322563e-14 	 7.076972e-14
1 	 164 	 1 	 1 	 -4.238613e-14 	 6.626081e-14
1 	 165 	 1 	 1 	 -4.147211e-14 	 6.224323e-14
1 	 166 	 1 	 1 	 -4.053372e-14 	 5.843539e-14
1 	 167 	 1 	 1 	 -3.959282e-14 	 5.477379e-14
1 	 168 	 1 	 1 	 -3.861234e-14 	 5.150646e-14
1 	 169 	 1 	 1 	 -3.764710e-14 	 4.823538e-14
1 	 170 	 1 	 1 	 -3.666281e-14 	 4.534424e-14
1 	 171 	 1 	 1 	 -3.568343e-14 	 4.254628e-14
1 	 172 	 1 	 1 	 -3.471991e-14 	 3.986139e-14
1 	 173 	 1 	 1 	 -3.377293e-14 	 3.749999e-14
1 	 174 	 1 	 1 	 -3.283893e-14 	 3.512931e-14
1 	 175 	 1 	 1 	 -3.192204e-14 	 3.301002e-14
1 	 176 	 1 	 1 	 -3.101641e-14 	 3.100594e-14
1 	 177 	 1 	 1 	 -3.011056e-14 	 2.900829e-14
1 	 178 	 1 	 1 	 -2.904336e-14 	 2.712286e-14
1 	 179 	 1 	 1 	 -2.797787e-14 	 2.522627e-14
1 	 180 	 1 	 1 	 -2.697162e-14 	 2.349025e-14
1 	 181 	 1 	 1 	 -2.606969e-14 	 2.204480e-14
1 	 182 	 1 	 1 	 -2.517440e-14 	 2.059397e-14
1 	 183 	 1 	 1 	 -2.437118e-14 	 1.936530e-14
1 	 184 	 1 	 1 	 -2.362612e-14 	 1.826958e-14
1 	 185 	 1 	 1 	 -2.288790e-14 	 1.716874e-14
1 	 186 	 1 	 1 	 -2.218744e-14 	 1.622833e-14
1 	 187 	 1 	 1 	 -2.149786e-14 	 1.531777e-14
1 	 188 	 1 	 1 	 -2.081252e-14 	 1.440242e-14
1 	 189 	 1 	 1 	 -2.019382e-14 	 1.365898e-14
1 	 190 	 1 	 1 	 -1.958187e-14 	 1.291958e-14
1 	 191 	 1 	 1 	 -1.897103e-14 	 1.217940e-14
1 	 192 	 1 	 1 	 -1.827838e-14 	 1.147719e-14
1 	 193 	 1 	 1 	 -1.758496e-14 	 1.076683e-14
1 	 194 	 1 	 1 	 -1.689734e-14 	 1.006104e-14
1 	 195 	 1 	 1 	 -1.629020e-14 	 9.506041e-15
1 	 196 	 1 	 1 	 -1.568249e-14 	 8.944681e-15
1 	 197 	 1 	 1 	 -1.508089e-14 	 8.384675e-15
1 	 198 	 1 	 1 	 -1.463676e-14 	 7.993246e-15
1 	 199 	 1 	 1 	 -1.419496e-14 	 7.599919e-15
1 	 200 	 1 	 1 	 -1.375449e-14 	 7.208359e-15
1 	 201 	 1 	 1 	 -1.335837e-14 	 6.883459e-15
1 	 202 	 1 	 1 	 -1.296678e-14 	 6.560437e-15
1 	 203 	 1 	 1 	 -1.257698e-14 	 6.234584e-15
1 	 204 	 1 	 1 	 -1.217051e-14 	 5.925820e-15
1 	 205 	 1 	 1 	 -1.026556e-14 	 7.004110e-15
1 	 206 	 1 	 1 	 -1.070105e-14 	 7.271933e-15
1 	 207 	 1 	 1 	 -1.113721e-14 	 7.540340e-15
1 	 208 	 1 	 1 	 -1.157414e-14 	 7.809536e-15
1 	 209 	 1 	 1 	 -1.208268e-14 	 8.147501e-15
1 	 210 	 1 	 1 	 -1.259127e-14 	 8.486454e-15
1 	 211 	 1 	 1 	 -1.309946e-14 	 8.827334e-15
1 	 212 	 1 	 1 	 -1.367933e-14 	 9.244872e-15
1 	 213 	 1 	 1 	 -1.427227e-14 	 9.676467e-15
1 	 214 	 1 	 1 	 -1.486689e-14 	 1.010974e-14
1 	 215 	 1 	 1 	 -1.552783e-14 	 1.062284e-14
1 	 216 	 1 	 1 	 -1.620996e-14 	 1.116126e-14
1 	 217 	 1 	 1 	 -1.689498e-14 	 1.170284e-14
1 	 218 	 1 	 1 	 -1.763982e-14 	 1.232923e-14
1 	 219 	 1 	 1 	 -1.840543e-14 	 1.298583e-14
1 	 220 	 1 	 1 	 -1.917296e-14 	 1.364642e-14
1 	 221 	 1 	 1 	 -1.994468e-14 	 1.435905e-14
1 	 222 	 1 	 1 	 -2.071494e-14 	 1.508534e-14
1 	 223 	 1 	 1 	 -2.148224e-14 	 1.581263e-14
1 	 224 	 1 	 1 	 -2.241491e-14 	 1.675450e-14
1 	 225 	 1 	 1 	 -2.336480e-14 	 1.772287e-14
1 	 226 	 1 	 1 	 -2.432252e-14 	 1.871622e-14
1 	 227 	 1 	 1 	 -2.541854e-14 	 1.997038e-14
1 	 228 	 1 	 1 	 -2.651126e-14 	 2.122870e-14
1 	 229 	 1 	 1 	 -2.762131e-14 	 2.255928e-14
1 	 230 	 1 	 1 	 -2.877914e-14 	 2.406531e-14
1 	 231 	 1 	 1 	 -2.993293e-14 	 2.557581e-14
1 	 232 	 1 	 1 	 -3.113509e-14 	 2.725353e-14
1 	 233 	 1 	 1 	 -3.237329e-14 	 2.906220e-14
1 	 234 	 1 	 1 	 -3.360673e-14 	 3.087416e-14
1 	 235 	 1 	 1 	 -3.489824e-14 	 3.294924e-14
1 	 236 	 1 	 1 	 -3.619115e-14 	 3.505668e-14
1 	 237 	 1 	 1 	 -3.748389e-14 	 3.724726e-14
1 	 238 	 1 	 1 	 -3.878270e-14 	 3.964292e-14
1 	 239 	 1 	 1 	 -4.007372e-14 	 4.203350e-14
1 	 240 	 1 	 1 	 -4.158469e-14 	 4.498771e-14
1 	 241 	 1 	 1 	 -4.317886e-14 	 4.815902e-14
1 	 242 	 1 	 1 	 -4.476659e-14 	 5.144954e-14
1 	 243 	 1 	 1 	 -4.633933e-14 	 5.516651e-14
1 	 244 	 1 	 1 	 -4.790181e-14 	 5.889182e-14
1 	 245 	 1 	 1 	 -4.947751e-14 	 6.315789e-14
1 	 246 	 1 	 1 	 -5.104689e-14 	 6.759863e-14
1 	 247 	 1 	 1 	 -5.260308e-14 	 7.232115e-14
1 	 248 	 1 	 1 	 -5.414450e-14 	 7.754726e-14
1 	 249 	 1 	 1 	 -5.566697e-14 	 8.277839e-14
1 	 250 	 1 	 1 	 -5.712364e-14 	 8.890772e-14
1 	 251 	 1 	 1 	 -5.855701e-14 	 9.504151e-14
1 	 252 	 1 	 1 	 -5.992613e-14 	 1.019369e-13
1 	 253 	 1 	 1 	 -6.124996e-14 	 1.091737e-13
1 	 254 	 1 	 1 	 -6.249898e-14 	 1.169480e-13
1 	 255 	 1 	 1 	 -6.365376e-14 	 1.254323e-13
1 	 256 	 1 	 1 	 -6.473934e-14 	 1.342178e-13
1 	 257 	 1 	 1 	 -6.566429e-14 	 1.440910e-13
1 	 258 	 1 	 1 	 -6.652583e-14 	 1.540222e-13
1 	 259 	 1 	 1 	 -6.711478e-14 	 1.650573e-13
1 	 260 	 1 	 1 	 -6.763969e-14 	 1.760809e-13
1 	 261 	 1 	 1 	 -6.761360e-14 	 1.883852e-13
1 	 262 	 1 	 1 	 -6.743941e-14 	 2.007632e-13
1 	 263 	 1 	 1 	 -6.670580e-14 	 2.160483e-13
1 	 264 	 1 	 1 	 -6.580337e-14 	 2.318996e-13
1 	 265 	 1 	 1 	 -6.414654e-14 	 2.494665e-13
1 	 266 	 1 	 1 	 -6.223424e-14 	 2.674323e-13
1 	 267 	 1 	 1 	 -5.943390e-14 	 2.875105e-13
1 	 268 	 1 	 1 	 -5.633400e-14 	 3.080722e-13
1 	 269 	 1 	 1 	 -5.199578e-14 	 3.312131e-13
1 	 270 	 1 	 1 	 -4.732196e-14 	 3.547727e-13
1 	 271 	 1 	 1 	 -4.096605e-14 	 3.814960e-13
1 	 272 	 1 	 1 	 -3.427421e-14 	 4.085890e-13
1 	 273 	 1 	 1 	 -2.581251e-14 	 4.391994e-13
1 	 274 	 1 	 1 	 -1.703351e-14 	 4.704904e-13
1 	 275 	 1 	 1 	 -7.213222e-15 	 5.044535e-13
1 	 276 	 1 	 1 	 3.569019e-15 	 5.408384e-13
1 	 277 	 1 	 1 	 1.577597e-14 	 5.807008e-13
1 	 278 	 1 	 1 	 3.151198e-14 	 6.243185e-13
1 	 279 	 1 	 1 	 4.932058e-14 	 6.698898e-13
1 	 280 	 1 	 1 	 7.385564e-14 	 7.213716e-13
1 	 281 	 1 	 1 	 1.005358e-13 	 7.743454e-13
1 	 282 	 1 	 1 	 1.317337e-13 	 8.310148e-13
1 	 283 	 1 	 1 	 1.661893e-13 	 8.904483e-13
1 	 284 	 1 	 1 	 2.031711e-13 	 9.518680e-13
1 	 285 	 1 	 1 	 2.463873e-13 	 1.019100e-12
1 	 286 	 1 	 1 	 2.925055e-13 	 1.088174e-12
1 	 287 	 1 	 1 	 3.431076e-13 	 1.160214e-12
1 	 288 	 1 	 1 	 3.991879e-13 	 1.236890e-12
1 	 289 	 1 	 1 	 4.577180e-13 	 1.315375e-12
1 	 290 	 1 	 1 	 5.188577e-13 	 1.395773e-12
1 	 291 	 1 	 1 	 5.801528e-13 	 1.478395e-12
1 	 292 	 1 	 1 	 6.386270e-13 	 1.560492e-12
1 	 293 	 1 	 1 	 6.903658e-13 	 1.639873e-12
1 	 294 	 1 	 1 	 7.249528e-13 	 1.721018e-12
1 	 295 	 1 	 1 	 7.443369e-13 	 1.808531e-12
1 	 296 	 1 	 1 	 7.472045e-13 	 1.904112e-12
1 	 297 	 1 	 1 	 7.322768e-13 	 2.003326e-12
1 	 298 	 1 	 1 	 6.586646e-13 	 2.073520e-12
1 	 299 	 1 	 1 	 4.807609e-13 	 2.107727e-12
1 	 300 	 1 	 1 	 1.506798e-13 	 2.101186e-12
1 	 301 	 1 	 1 	 -4.205997e-13 	 2.065035e-12
1 	 302 	 1 	 1 	 -1.325704e-12 	 1.987946e-12
1 	 303 	 1 	 1 	 -2.643329e-12 	 1.861710e-12
1 	 304 	 1 	 1 	 -4.510270e-12 	 1.673273e-12
1 	 305 	 1 	 1 	 -7.098084e-12 	 1.408324e-12
1 	 306 	 1 	 1 	 -1.061827e-11 	 1.051588e-12
1 	 307 	 1 	 1 	 -1.063662e-11 	 1.136467e-12
1 	 308 	 1 	 1 	 -7.129702e-12 	 1.453425e-12
1 	 309 	 1 	 1 	 -4.556465e-12 	 1.679929e-12
1 	 310 	 1 	 1 	 -2.694644e-12 	 1.831571e-12
1 	 311 	 1 	 1 	 -1.365896e-12 	 1.927189e-12
1 	 312 	 1 	 1 	 -4.361803e-13 	 1.977603e-12
1 	 313 	 1 	 1 	 1.620254e-13 	 1.969962e-12
1 	 314 	 1 	 1 	 4.594976e-13 	 1.891786e-12
1 	 315 	 1 	 1 	 6.276620e-13 	 1.815212e-12
1 	 316 	 1 	 1 	 7.126577e-13 	 1.741218e-12
1 	 317 	 1 	 1 	 7.453881e-13 	 1.656832e-12
1 	 318 	 1 	 1 	 7.286561e-13 	 1.577623e-12
1 	 319 	 1 	 1 	 7.007304e-13 	 1.501689e-12
1 	 320 	 1 	 1 	 6.648751e-13 	 1.428820e-12
1 	 321 	 1 	 1 	 6.206875e-13 	 1.359004e-12
1 	 322 	 1 	 1 	 5.714504e-13 	 1.288448e-12
1 	 323 	 1 	 1 	 5.200145e-13 	 1.217718e-12
1 	 324 	 1 	 1 	 4.673356e-13 	 1.146776e-12
1 	 325 	 1 	 1 	 4.170382e-13 	 1.078141e-12
1 	 326 	 1 	 1 	 3.687553e-13 	 1.011393e-12
1 	 327 	 1 	 1 	 3.240360e-13 	 9.476660e-13
1 	 328 	 1 	 1 	 2.834772e-13 	 8.874484e-13
1 	 329 	 1 	 1 	 2.453599e-13 	 8.295547e-13
1 	 330 	 1 	 1 	 2.127507e-13 	 7.768315e-13
1 	 331 	 1 	 1 	 1.830716e-13 	 7.269267e-13
1 	 332 	 1 	 1 	 1.557869e-13 	 6.794710e-13
1 	 333 	 1 	 1 	 1.339781e-13 	 6.341753e-13
1 	 334 	 1 	 1 	 1.129072e-13 	 5.884554e-13
1 	 335 	 1 	 1 	 9.256423e-14 	 5.391601e-13
1 	 336 	 1 	 1 	 7.326321e-14 	 4.953429e-13
1 	 337 	 1 	 1 	 5.500041e-14 	 4.572670e-13
1 	 338 	 1 	 1 	 4.090792e-14 	 4.265368e-13
1 	 339 	 1 	 1 	 2.810587e-14 	 3.984973e-13
1 	 340 	 1 	 1 	 1.888453e-14 	 3.742627e-13
1 	 341 	 1 	 1 	 9.953895e-15 	 3.506567e-13
1 	 342 	 1 	 1 	 2.857368e-15 	 3.291612e-13
1 	 343 	 1 	 1 	 -3.934443e-15 	 3.083670e-13
1 	 344 	 1 	 1 	 -9.584581e-15 	 2.892808e-13
1 	 345 	 1 	 1 	 -1.481093e-14 	 2.710606e-13
1 	 346 	 1 	 1 	 -1.919691e-14 	 2.542600e-13
1 	 347 	 1 	 1 	 -2.311063e-14 	 2.384326e-13
1 	 348 	 1 	 1 	 -2.638639e-14 	 2.238703e-13
1 	 349 	 1 	 1 	 -2.929056e-14 	 2.102060e-13
1 	 350 	 1 	 1 	 -3.173315e-14 	 1.976174e-13
1 	 351 	 1 	 1 	 -3.385308e-14 	 1.857010e-13
1 	 352 	 1 	 1 	 -3.551319e-14 	 1.746579e-13
1 	 353 	 1 	 1 	 -3.689481e-14 	 1.637957e-13
1 	 354 	 1 	 1 	 -3.772580e-14 	 1.531985e-13
1 	 355 	 1 	 1 	 -3.849360e-14 	 1.427954e-13
1 	 356 	 1 	 1 	 -3.896325e-14 	 1.329273e-13
1 	 357 	 1 	 1 	 -3.946487e-14 	 1.233172e-13
1 	 358 	 1 	 1 	 -3.988591e-14 	 1.158770e-13
1 	 359 	 1 	 1 	 -4.037142e-14 	 1.084497e-13
1 	 360 	 1 	 1 	 -4.045527e-14 	 1.022835e-13
1 	 361 	 1 	 1 	 -4.055030e-14 	 9.622533e-14
1 	 362 	 1 	 1 	 -4.042597e-14 	 9.065884e-14
1 	 363 	 1 	 1 	 -4.022132e-14 	 8.530929e-14
1 	 364 	 1 	 1 	 -3.994212e-14 	 8.022678e-14
1 	 365 	 1 	 1 	 -3.953240e-14 	 7.553216e-14
1 	 366 	 1 	 1 	 -3.914272e-14 	 7.088212e-14
1 	 367 	 1 	 1 	 -3.861796e-14 	 6.684448e-14
1 	 368 	 1 	 1 	 -3.812378e-14 	 6.279905e-14
1 	 369 	 1 	 1 	 -3.752000e-14 	 5.911346e-14
1 	 370 	 1 	 1 	 -3.687738e-14 	 5.558388e-14
1 	 371 	 1 	 1 	 -3.615654e-14 	 5.209506e-14
1 	 372 	 1 	 1 	 -3.518847e-14 	 4.870099e-14
1 	 373 	 1 	 1 	 -3.423290e-14 	 4.528857e-14
1 	 374 	 1 	 1 	 -3.329882e-14 	 4.234477e-14
1 	 375 	 1 	 1 	 -3.238025e-14 	 3.951291e-14
1 	 376 	 1 	 1 	 -3.151342e-14 	 3.685699e-14
1 	 377 	 1 	 1 	 -3.076585e-14 	 3.471426e-14
1 	 378 	 1 	 1 	 -3.003355e-14 	 3.256616e-14
1 	 379 	 1 	 1 	 -2.928230e-14 	 3.065587e-14
1 	 380 	 1 	 1 	 -2.852603e-14 	 2.885074e-14
1 	 381 	 1 	 1 	 -2.777787e-14 	 2.705553e-14
1 	 382 	 1 	 1 	 -2.701362e-14 	 2.551945e-14
1 	 383 	 1 	 1 	 -2.625637e-14 	 2.397773e-14
1 	 384 	 1 	 1 	 -2.551532e-14 	 2.252978e-14
1 	 385 	 1 	 1 	 -2.479244e-14 	 2.125327e-14
1 	 386 	 1 	 1 	 -2.407653e-14 	 1.997110e-14
1 	 387 	 1 	 1 	 -2.335835e-14 	 1.880403e-14
1 	 388 	 1 	 1 	 -2.264028e-14 	 1.770447e-14
1 	 389 	 1 	 1 	 -2.192764e-14 	 1.659982e-14
1 	 390 	 1 	 1 	 -2.114525e-14 	 1.558002e-14
1 	 391 	 1 	 1 	 -2.034682e-14 	 1.457173e-14
1 	 392 	 1 	 1 	 -1.954783e-14 	 1.355583e-14
1 	 393 	 1 	 1 	 -1.891047e-14 	 1.281100e-14
1 	 394 	 1 	 1 	 -1.828171e-14 	 1.207264e-14
1 	 395 	 1 	 1 	 -1.766256e-14 	 1.134112e-14
1 	 396 	 1 	 1 	 -1.715849e-14 	 1.078722e-14
1 	 397 	 1 	 1 	 -1.665727e-14 	 1.023119e-14
1 	 398 	 1 	 1 	 -1.616094e-14 	 9.683578e-15
1 	 399 	 1 	 1 	 -1.570218e-14 	 9.227390e-15
1 	 400 	 1 	 1 	 -1.524671e-14 	 8.768640e-15
1 	 401 	 1 	 1 	 -1.479307e-14 	 8.308606e-15
1 	 402 	 1 	 1 	 -1.430545e-14 	 7.884893e-15
1 	 403 	 1 	 1 	 -1.381745e-14 	 7.455548e-15
1 	 404 	 1 	 1 	 -1.332840e-14 	 7.019559e-15
1 	 405 	 1 	 1 	 -1.284780e-14 	 6.644027e-15
1 	 406 	 1 	 1 	 -1.236591e-14 	 6.267852e-15
1 	 407 	 1 	 1 	 -1.188219e-14 	 5.887629e-15
1 	 408 	 1 	 1 	 -1.151678e-14 	 5.609508e-15
1 	 1 	 1 	 2 	 -3.750300e-15 	 5.751324e-16
1 	 2 	 1 	 2 	 -3.878380e-15 	 4.965934e-16
1 	 3 	 1 	 2 	 -4.007347e-15 	 4.171393e-16
1 	 4 	 1 	 2 	 -4.137409e-15 	 3.362307e-16
1 	 5 	 1 	 2 	 -4.301711e-15 	 2.303951e-16
1 	 6 	 1 	 2 	 -4.467602e-15 	 1.221150e-16
1 	 7 	 1 	 2 	 -4.634899e-15 	 1.213265e-17
1 	 8 	 1 	 2 	 -4.845514e-15 	 -1.208496e-16
1 	 9 	 1 	 2 	 -5.064426e-15 	 -2.575956e-16
1 	 10 	 1 	 2 	 -5.283967e-15 	 -3.930273e-16
1 	 11 	 1 	 2 	 -5.545153e-15 	 -5.458815e-16
1 	 12 	 1 	 2 	 -5.818731e-15 	 -7.028888e-16
1 	 13 	 1 	 2 	 -6.092928e-15 	 -8.593323e-16
1 	 14 	 1 	 2 	 -6.434719e-15 	 -1.037618e-15
1 	 15 	 1 	 2 	 -6.800647e-15 	 -1.225649e-15
1 	 16 	 1 	 2 	 -7.169904e-15 	 -1.417235e-15
1 	 17 	 1 	 2 	 -7.624341e-15 	 -1.627808e-15
1 	 18 	 1 	 2 	 -8.103203e-15 	 -1.844907e-15
1 	 19 	 1 	 2 	 -8.586232e-15 	 -2.064019e-15
1 	 20 	 1 	 2 	 -9.207158e-15 	 -2.293386e-15
1 	 21 	 1 	 2 	 -9.848016e-15 	 -2.525221e-15
1 	 22 	 1 	 2 	 -1.050430e-14 	 -2.757136e-15
1 	 23 	 1 	 2 	 -1.131278e-14 	 -2.978641e-15
1 	 24 	 1 	 2 	 -1.212601e-14 	 -3.198842e-15
1 	 25 	 1 	 2 	 -1.299658e-14 	 -3.407271e-15
1 	 26 	 1 	 2 	 -1.400506e-14 	 -3.588021e-15
1 	 27 	 1 	 2 	 -1.501778e-14 	 -3.766028e-15
1 	 28 	 1 	 2 	 -1.613905e-14 	 -3.904270e-15
1 	 29 	 1 	 2 	 -1.734504e-14 	 -4.010023e-15
1 	 30 	 1 	 2 	 -1.855480e-14 	 -4.112284e-15
1 	 31 	 1 	 2 	 -1.999422e-14 	 -4.133390e-15
1 	 32 	 1 	 2 	 -2.146446e-14 	 -4.141175e-15
1 	 33 	 1 	 2 	 -2.305902e-14 	 -4.102242e-15
1 	 34 	 1 	 2 	 -2.496447e-14 	 -3.950169e-15
1 	 35 	 1 	 2 	 -2.688106e-14 	 -3.791807e-15
1 	 36 	 1 	 2 	 -2.902514e-14 	 -3.427213e-15
1 	 37 	 1 	 2 	 -3.126203e-14 	 -2.965451e-15
1 	 38 	 1 	 2 	 -3.359675e-14 	 -2.413317e-15
1 	 39 	 1 	 2 	 -3.626096e-14 	 -1.568586e-15
1 	 40 	 1 	 2 	 -3.892257e-14 	 -7.099646e-16
1 	 41 	 1 	 2 	 -4.189454e-14 	 5.187372e-16
1 	 42 	 1 	 2 	 -4.496286e-14 	 1.874978e-15
1 	 43 	 1 	 2 	 -4.819156e-14 	 3.462140e-15
1 	 44 	 1 	 2 	 -5.171126e-14 	 5.458211e-15
1 	 45 	 1 	 2 	 -5.523089e-14 	 7.474680e-15
1 	 46 	 1 	 2 	 -5.916064e-14 	 1.026800e-14
1 	 47 	 1 	 2 	 -6.309115e-14 	 1.309228e-14
1 	 48 	 1 	 2 	 -6.725019e-14 	 1.655197e-14
1 	 49 	 1 	 2 	 -7.150939e-14 	 2.032452e-14
1 	 50 	 1 	 2 	 -7.564150e-14 	 2.445855e-14
1 	 51 	 1 	 2 	 -7.958255e-14 	 2.905317e-14
1 	 52 	 1 	 2 	 -8.361900e-14 	 3.400336e-14
1 	 53 	 1 	 2 	 -8.809969e-14 	 4.012622e-14
1 	 54 	 1 	 2 	 -9.255739e-14 	 4.643157e-14
1 	 55 	 1 	 2 	 -9.777614e-14 	 5.487471e-14
1 	 56 	 1 	 2 	 -1.029593e-13 	 6.339952e-14
1 	 57 	 1 	 2 	 -1.077399e-13 	 7.360144e-14
1 	 58 	 1 	 2 	 -1.124127e-13 	 8.400262e-14
1 	 59 	 1 	 2 	 -1.167573e-13 	 9.631669e-14
1 	 60 	 1 	 2 	 -1.209611e-13 	 1.090458e-13
1 	 61 	 1 	 2 	 -1.246387e-13 	 1.238400e-13
1 	 62 	 1 	 2 	 -1.280985e-13 	 1.391902e-13
1 	 63 	 1 	 2 	 -1.308442e-13 	 1.569716e-13
1 	 64 	 1 	 2 	 -1.333098e-13 	 1.753971e-13
1 	 65 	 1 	 2 	 -1.346931e-13 	 1.964027e-13
1 	 66 	 1 	 2 	 -1.357383e-13 	 2.179302e-13
1 	 67 	 1 	 2 	 -1.347987e-13 	 2.416541e-13
1 	 68 	 1 	 2 	 -1.334280e-13 	 2.658796e-13
1 	 69 	 1 	 2 	 -1.305730e-13 	 2.961381e-13
1 	 70 	 1 	 2 	 -1.266852e-13 	 3.272419e-13
1 	 71 	 1 	 2 	 -1.200348e-13 	 3.610467e-13
1 	 72 	 1 	 2 	 -1.116720e-13 	 3.984185e-13
1 	 73 	 1 	 2 	 -1.009919e-13 	 4.409191e-13
1 	 74 	 1 	 2 	 -8.710535e-14 	 4.874919e-13
1 	 75 	 1 	 2 	 -7.119821e-14 	 5.362138e-13
1 	 76 	 1 	 2 	 -4.987998e-14 	 5.929540e-13
1 	 77 	 1 	 2 	 -2.594131e-14 	 6.529975e-13
1 	 78 	 1 	 2 	 4.035730e-15 	 7.221929e-13
1 	 79 	 1 	 2 	 3.987020e-14 	 7.997844e-13
1 	 80 	 1 	 2 	 8.061816e-14 	 8.836626e-13
1 	 81 	 1 	 2 	 1.328394e-13 	 9.874512e-13
1 	 82 	 1 	 2 	 1.910808e-13 	 1.099886e-12
1 	 83 	 1 	 2 	 2.581471e-13 	 1.226125e-12
1 	 84 	 1 	 2 	 3.391168e-13 	 1.380341e-12
1 	 85 	 1 	 2 	 4.322858e-13 	 1.550428e-12
1 	 86 	 1 	 2 	 5.479520e-13 	 1.744155e-12
1 	 87 	 1 	 2 	 7.307506e-13 	 2.018076e-12
1 	 88 	 1 	 2 	 9.565118e-13 	 2.341700e-12
1 	 89 	 1 	 2 	 1.230668e-12 	 2.722545e-12
1 	 90 	 1 	 2 	 1.627673e-12 	 3.239106e-12
1 	 91 	 1 	 2 	 2.142569e-12 	 3.872857e-12
1 	 92 	 1 	 2 	 2.803182e-12 	 4.645532e-12
1 	 93 	 1 	 2 	 3.791845e-12 	 5.709123e-12
1 	 94 	 1 	 2 	 5.211311e-12 	 7.111649e-12
1 	 95 	 1 	 2 	 7.198275e-12 	 8.921002e-12
1 	 96 	 1 	 2 	 9.971834e-12 	 1.125570e-11
1 	 97 	 1 	 2 	 1.423613e-11 	 1.448883e-11
1 	 98 	 1 	 2 	 2.102933e-11 	 1.901713e-11
1 	 99 	 1 	 2 	 3.155350e-11 	 2.521677e-11
1 	 100 	 1 	 2 	 4.805616e-11 	 3.374124e-11
1 	 101 	 1 	 2 	 7.428414e-11 	 4.550103e-11
1 	 102 	 1 	 2 	 1.166095e-10 	 6.178386e-11
1 	 103 	 1 	 2 	 1.163423e-10 	 5.971382e-11
1 	 104 	 1 	 2 	 7.399318e-11 	 4.395031e-11
1 	 105 	 1 	 2 	 4.788153e-11 	 3.254711e-11
1 	 106 	 1 	 2 	 3.145388e-11 	 2.427262e-11
1 	 107 	 1 	 2 	 2.099947e-11 	 1.829425e-11
1 	 108 	 1 	 2 	 1.432698e-11 	 1.398770e-11
1 	 109 	 1 	 2 	 1.013178e-11 	 1.085725e-11
1 	 110 	 1 	 2 	 7.425792e-12 	 8.581576e-12
1 	 111 	 1 	 2 	 5.475014e-12 	 6.813078e-12
1 	 112 	 1 	 2 	 4.071964e-12 	 5.442108e-12
1 	 113 	 1 	 2 	 3.074216e-12 	 4.391593e-12
1 	 114 	 1 	 2 	 2.415923e-12 	 3.643954e-12
1 	 115 	 1 	 2 	 1.900128e-12 	 3.036119e-12
1 	 116 	 1 	 2 	 1.499837e-12 	 2.545826e-12
1 	 117 	 1 	 2 	 1.213292e-12 	 2.177392e-12
1 	 118 	 1 	 2 	 9.983310e-13 	 1.891091e-12
1 	 119 	 1 	 2 	 8.169883e-13 	 1.647759e-12
1 	 120 	 1 	 2 	 6.599905e-13 	 1.440582e-12
1 	 121 	 1 	 2 	 5.317785e-13 	 1.275962e-12
1 	 122 	 1 	 2 	 4.195548e-13 	 1.131820e-12
1 	 123 	 1 	 2 	 3.319762e-13 	 1.012029e-12
1 	 124 	 1 	 2 	 2.620859e-13 	 9.131905e-13
1 	 125 	 1 	 2 	 2.005467e-13 	 8.249328e-13
1 	 126 	 1 	 2 	 1.530014e-13 	 7.523608e-13
1 	 127 	 1 	 2 	 1.113665e-13 	 6.872243e-13
1 	 128 	 1 	 2 	 7.465305e-14 	 6.283205e-13
1 	 129 	 1 	 2 	 4.545359e-14 	 5.778065e-13
1 	 130 	 1 	 2 	 1.802086e-14 	 5.297791e-13
1 	 131 	 1 	 2 	 -4.224892e-15 	 4.868968e-13
1 	 132 	 1 	 2 	 -2.397564e-14 	 4.469274e-13
1 	 133 	 1 	 2 	 -4.113904e-14 	 4.098738e-13
1 	 134 	 1 	 2 	 -5.492085e-14 	 3.763786e-13
1 	 135 	 1 	 2 	 -6.787802e-14 	 3.440465e-13
1 	 136 	 1 	 2 	 -7.714178e-14 	 3.155828e-13
1 	 137 	 1 	 2 	 -8.615201e-14 	 2.877027e-13
1 	 138 	 1 	 2 	 -9.237132e-14 	 2.629736e-13
1 	 139 	 1 	 2 	 -9.806584e-14 	 2.389895e-13
1 	 140 	 1 	 2 	 -1.017876e-13 	 2.171100e-13
1 	 141 	 1 	 2 	 -1.044327e-13 	 1.955539e-13
1 	 142 	 1 	 2 	 -1.050193e-13 	 1.745351e-13
1 	 143 	 1 	 2 	 -1.050051e-13 	 1.554312e-13
1 	 144 	 1 	 2 	 -1.041624e-13 	 1.389121e-13
1 	 145 	 1 	 2 	 -1.030204e-13 	 1.240326e-13
1 	 146 	 1 	 2 	 -1.014309e-13 	 1.112128e-13
1 	 147 	 1 	 2 	 -9.951032e-14 	 9.924517e-14
1 	 148 	 1 	 2 	 -9.708062e-14 	 8.839359e-14
1 	 149 	 1 	 2 	 -9.447852e-14 	 7.814780e-14
1 	 150 	 1 	 2 	 -9.147954e-14 	 6.900058e-14
1 	 151 	 1 	 2 	 -8.842249e-14 	 6.021042e-14
1 	 152 	 1 	 2 	 -8.505310e-14 	 5.261925e-14
1 	 153 	 1 	 2 	 -8.170886e-14 	 4.515198e-14
1 	 154 	 1 	 2 	 -7.824140e-14 	 3.903571e-14
1 	 155 	 1 	 2 	 -7.480994e-14 	 3.286378e-14
1 	 156 	 1 	 2 	 -7.135411e-14 	 2.787883e-14
1 	 157 	 1 	 2 	 -6.792351e-14 	 2.294118e-14
1 	 158 	 1 	 2 	 -6.421305e-14 	 1.865467e-14
1 	 159 	 1 	 2 	 -6.036729e-14 	 1.462926e-14
1 	 160 	 1 	 2 	 -5.666397e-14 	 1.105335e-14
1 	 161 	 1 	 2 	 -5.316899e-14 	 8.169331e-15
1 	 162 	 1 	 2 	 -4.972303e-14 	 5.315739e-15
1 	 163 	 1 	 2 	 -4.688963e-14 	 3.332931e-15
1 	 164 	 1 	 2 	 -4.405976e-14 	 1.320647e-15
1 	 165 	 1 	 2 	 -4.143130e-14 	 -2.611712e-16
1 	 166 	 1 	 2 	 -3.888894e-14 	 -1.666885e-15
1 	 167 	 1 	 2 	 -3.642364e-14 	 -2.953563e-15
1 	 168 	 1 	 2 	 -3.416075e-14 	 -3.885214e-15
1 	 169 	 1 	 2 	 -3.189648e-14 	 -4.833851e-15
1 	 170 	 1 	 2 	 -2.986206e-14 	 -5.481604e-15
1 	 171 	 1 	 2 	 -2.788324e-14 	 -6.062308e-15
1 	 172 	 1 	 2 	 -2.597958e-14 	 -6.579301e-15
1 	 173 	 1 	 2 	 -2.429127e-14 	 -6.891527e-15
1 	 174 	 1 	 2 	 -2.259506e-14 	 -7.216289e-15
1 	 175 	 1 	 2 	 -2.107557e-14 	 -7.405071e-15
1 	 176 	 1 	 2 	 -1.963530e-14 	 -7.533320e-15
1 	 177 	 1 	 2 	 -1.819975e-14 	 -7.656249e-15
1 	 178 	 1 	 2 	 -1.688857e-14 	 -7.579161e-15
1 	 179 	 1 	 2 	 -1.556883e-14 	 -7.508154e-15
1 	 180 	 1 	 2 	 -1.437023e-14 	 -7.407675e-15
1 	 181 	 1 	 2 	 -1.339055e-14 	 -7.250611e-15
1 	 182 	 1 	 2 	 -1.240602e-14 	 -7.098942e-15
1 	 183 	 1 	 2 	 -1.157608e-14 	 -6.931580e-15
1 	 184 	 1 	 2 	 -1.083764e-14 	 -6.755768e-15
1 	 185 	 1 	 2 	 -1.009374e-14 	 -6.583964e-15
1 	 186 	 1 	 2 	 -9.474423e-15 	 -6.387901e-15
1 	 187 	 1 	 2 	 -8.877592e-15 	 -6.188120e-15
1 	 188 	 1 	 2 	 -8.276006e-15 	 -5.990700e-15
1 	 189 	 1 	 2 	 -7.804117e-15 	 -5.789946e-15
1 	 190 	 1 	 2 	 -7.333909e-15 	 -5.590597e-15
1 	 191 	 1 	 2 	 -6.863124e-15 	 -5.392048e-15
1 	 192 	 1 	 2 	 -6.442960e-15 	 -5.162130e-15
1 	 193 	 1 	 2 	 -6.016712e-15 	 -4.932111e-15
1 	 194 	 1 	 2 	 -5.593776e-15 	 -4.703523e-15
1 	 195 	 1 	 2 	 -5.281607e-15 	 -4.494980e-15
1 	 196 	 1 	 2 	 -4.965034e-15 	 -4.285465e-15
1 	 197 	 1 	 2 	 -4.648887e-15 	 -4.077242e-15
1 	 198 	 1 	 2 	 -4.437861e-15 	 -3.918429e-15
1 	 199 	 1 	 2 	 -4.225188e-15 	 -3.759862e-15
1 	 200 	 1 	 2 	 -4.012744e-15 	 -3.600279e-15
1 	 201 	 1 	 2 	 -3.842512e-15 	 -3.462518e-15
1 	 202 	 1 	 2 	 -3.673217e-15 	 -3.326180e-15
1 	 203 	 1 	 2 	 -3.501864e-15 	 -3.189726e-15
1 	 204 	 1 	 2 	 -3.343781e-15 	 -3.058385e-15
1 	 205 	 1 	 2 	 -3.541854e-15 	 3.383492e-16
1 	 206 	 1 	 2 	 -3.650986e-15 	 2.599190e-16
1 	 207 	 1 	 2 	 -3.760698e-15 	 1.804519e-16
1 	 208 	 1 	 2 	 -3.871066e-15 	 9.999733e-17
1 	 209 	 1 	 2 	 -4.013882e-15 	 -4.429844e-18
1 	 210 	 1 	 2 	 -4.157378e-15 	 -1.092960e-16
1 	 211 	 1 	 2 	 -4.301615e-15 	 -2.141959e-16
1 	 212 	 1 	 2 	 -4.486579e-15 	 -3.425049e-16
1 	 213 	 1 	 2 	 -4.679577e-15 	 -4.763043e-16
1 	 214 	 1 	 2 	 -4.874229e-15 	 -6.124060e-16
1 	 215 	 1 	 2 	 -5.116481e-15 	 -7.720590e-16
1 	 216 	 1 	 2 	 -5.374733e-15 	 -9.411246e-16
1 	 217 	 1 	 2 	 -5.636213e-15 	 -1.114079e-15
1 	 218 	 1 	 2 	 -5.955733e-15 	 -1.307403e-15
1 	 219 	 1 	 2 	 -6.297154e-15 	 -1.509591e-15
1 	 220 	 1 	 2 	 -6.642955e-15 	 -1.714864e-15
1 	 221 	 1 	 2 	 -7.034410e-15 	 -1.932655e-15
1 	 222 	 1 	 2 	 -7.439908e-15 	 -2.154708e-15
1 	 223 	 1 	 2 	 -7.848714e-15 	 -2.377988e-15
1 	 224 	 1 	 2 	 -8.385983e-15 	 -2.632009e-15
1 	 225 	 1 	 2 	 -8.941265e-15 	 -2.889816e-15
1 	 226 	 1 	 2 	 -9.513272e-15 	 -3.146362e-15
1 	 227 	 1 	 2 	 -1.025696e-14 	 -3.401118e-15
1 	 228 	 1 	 2 	 -1.100625e-14 	 -3.653950e-15
1 	 229 	 1 	 2 	 -1.181053e-14 	 -3.894644e-15
1 	 230 	 1 	 2 	 -1.274470e-14 	 -4.107212e-15
1 	 231 	 1 	 2 	 -1.368461e-14 	 -4.316933e-15
1 	 232 	 1 	 2 	 -1.474605e-14 	 -4.489960e-15
1 	 233 	 1 	 2 	 -1.590304e-14 	 -4.632417e-15
1 	 234 	 1 	 2 	 -1.706425e-14 	 -4.770183e-15
1 	 235 	 1 	 2 	 -1.842070e-14 	 -4.809495e-15
1 	 236 	 1 	 2 	 -1.980300e-14 	 -4.831831e-15
1 	 237 	 1 	 2 	 -2.124449e-14 	 -4.808083e-15
1 	 238 	 1 	 2 	 -2.282899e-14 	 -4.675400e-15
1 	 239 	 1 	 2 	 -2.441050e-14 	 -4.535972e-15
1 	 240 	 1 	 2 	 -2.633155e-14 	 -4.257238e-15
1 	 241 	 1 	 2 	 -2.838286e-14 	 -3.921902e-15
1 	 242 	 1 	 2 	 -3.050226e-14 	 -3.507983e-15
1 	 243 	 1 	 2 	 -3.286794e-14 	 -2.825496e-15
1 	 244 	 1 	 2 	 -3.524171e-14 	 -2.132843e-15
1 	 245 	 1 	 2 	 -3.790239e-14 	 -1.098858e-15
1 	 246 	 1 	 2 	 -4.065672e-14 	 5.381812e-17
1 	 247 	 1 	 2 	 -4.354019e-14 	 1.418135e-15
1 	 248 	 1 	 2 	 -4.665110e-14 	 3.156063e-15
1 	 249 	 1 	 2 	 -4.976378e-14 	 4.915239e-15
1 	 250 	 1 	 2 	 -5.320347e-14 	 7.380992e-15
1 	 251 	 1 	 2 	 -5.664105e-14 	 9.873620e-15
1 	 252 	 1 	 2 	 -6.029786e-14 	 1.298099e-14
1 	 253 	 1 	 2 	 -6.404698e-14 	 1.638203e-14
1 	 254 	 1 	 2 	 -6.789308e-14 	 2.025385e-14
1 	 255 	 1 	 2 	 -7.186567e-14 	 2.474310e-14
1 	 256 	 1 	 2 	 -7.585204e-14 	 2.952877e-14
1 	 257 	 1 	 2 	 -7.991845e-14 	 3.529005e-14
1 	 258 	 1 	 2 	 -8.395176e-14 	 4.116397e-14
1 	 259 	 1 	 2 	 -8.774534e-14 	 4.819214e-14
1 	 260 	 1 	 2 	 -9.149343e-14 	 5.528716e-14
1 	 261 	 1 	 2 	 -9.487413e-14 	 6.363598e-14
1 	 262 	 1 	 2 	 -9.812888e-14 	 7.217181e-14
1 	 263 	 1 	 2 	 -1.014833e-13 	 8.284016e-14
1 	 264 	 1 	 2 	 -1.047990e-13 	 9.398314e-14
1 	 265 	 1 	 2 	 -1.072925e-13 	 1.067851e-13
1 	 266 	 1 	 2 	 -1.094929e-13 	 1.200506e-13
1 	 267 	 1 	 2 	 -1.106233e-13 	 1.351142e-13
1 	 268 	 1 	 2 	 -1.113789e-13 	 1.506739e-13
1 	 269 	 1 	 2 	 -1.106362e-13 	 1.682925e-13
1 	 270 	 1 	 2 	 -1.094647e-13 	 1.863500e-13
1 	 271 	 1 	 2 	 -1.061527e-13 	 2.067408e-13
1 	 272 	 1 	 2 	 -1.023500e-13 	 2.274737e-13
1 	 273 	 1 	 2 	 -9.586462e-14 	 2.503794e-13
1 	 274 	 1 	 2 	 -8.863641e-14 	 2.734518e-13
1 	 275 	 1 	 2 	 -7.905926e-14 	 2.971859e-13
1 	 276 	 1 	 2 	 -6.823519e-14 	 3.216981e-13
1 	 277 	 1 	 2 	 -5.560176e-14 	 3.473597e-13
1 	 278 	 1 	 2 	 -3.980398e-14 	 3.751359e-13
1 	 279 	 1 	 2 	 -2.204332e-14 	 4.040633e-13
1 	 280 	 1 	 2 	 2.522068e-15 	 4.369332e-13
1 	 281 	 1 	 2 	 2.991661e-14 	 4.703535e-13
1 	 282 	 1 	 2 	 6.373515e-14 	 5.043991e-13
1 	 283 	 1 	 2 	 1.022600e-13 	 5.376958e-13
1 	 284 	 1 	 2 	 1.445419e-13 	 5.702676e-13
1 	 285 	 1 	 2 	 1.947751e-13 	 6.010502e-13
1 	 286 	 1 	 2 	 2.488284e-13 	 6.299946e-13
1 	 287 	 1 	 2 	 3.085884e-13 	 6.559419e-13
1 	 288 	 1 	 2 	 3.752779e-13 	 6.770042e-13
1 	 289 	 1 	 2 	 4.453657e-13 	 6.935350e-13
1 	 290 	 1 	 2 	 5.192916e-13 	 7.015748e-13
1 	 291 	 1 	 2 	 5.947353e-13 	 6.977242e-13
1 	 292 	 1 	 2 	 6.682662e-13 	 6.827913e-13
1 	 293 	 1 	 2 	 7.360661e-13 	 6.508521e-13
1 	 294 	 1 	 2 	 7.838070e-13 	 5.949507e-13
1 	 295 	 1 	 2 	 8.050531e-13 	 5.266801e-13
1 	 296 	 1 	 2 	 7.942434e-13 	 4.478439e-13
1 	 297 	 1 	 2 	 7.415192e-13 	 3.607019e-13
1 	 298 	 1 	 2 	 6.448881e-13 	 2.223880e-13
1 	 299 	 1 	 2 	 4.593041e-13 	 1.449836e-14
1 	 300 	 1 	 2 	 1.342385e-13 	 -2.797476e-13
1 	 301 	 1 	 2 	 -4.448322e-13 	 -6.701382e-13
1 	 302 	 1 	 2 	 -1.375588e-12 	 -1.165280e-12
1 	 303 	 1 	 2 	 -2.733157e-12 	 -1.776176e-12
1 	 304 	 1 	 2 	 -4.654185e-12 	 -2.525604e-12
1 	 305 	 1 	 2 	 -7.310093e-12 	 -3.438508e-12
1 	 306 	 1 	 2 	 -1.091106e-11 	 -4.542734e-12
1 	 307 	 1 	 2 	 -1.105963e-11 	 -4.406770e-12
1 	 308 	 1 	 2 	 -7.441983e-12 	 -3.363126e-12
1 	 309 	 1 	 2 	 -4.766703e-12 	 -2.510074e-12
1 	 310 	 1 	 2 	 -2.813408e-12 	 -1.814565e-12
1 	 311 	 1 	 2 	 -1.406361e-12 	 -1.246298e-12
1 	 312 	 1 	 2 	 -4.107859e-13 	 -7.832242e-13
1 	 313 	 1 	 2 	 2.478044e-13 	 -4.230657e-13
1 	 314 	 1 	 2 	 5.958636e-13 	 -1.672250e-13
1 	 315 	 1 	 2 	 7.967810e-13 	 3.689135e-14
1 	 316 	 1 	 2 	 8.972490e-13 	 2.027602e-13
1 	 317 	 1 	 2 	 9.303654e-13 	 3.378865e-13
1 	 318 	 1 	 2 	 9.090865e-13 	 4.282737e-13
1 	 319 	 1 	 2 	 8.707380e-13 	 5.020090e-13
1 	 320 	 1 	 2 	 8.192023e-13 	 5.614621e-13
1 	 321 	 1 	 2 	 7.547973e-13 	 6.022063e-13
1 	 322 	 1 	 2 	 6.854272e-13 	 6.266098e-13
1 	 323 	 1 	 2 	 6.140960e-13 	 6.408688e-13
1 	 324 	 1 	 2 	 5.422465e-13 	 6.430960e-13
1 	 325 	 1 	 2 	 4.737171e-13 	 6.357930e-13
1 	 326 	 1 	 2 	 4.077538e-13 	 6.240477e-13
1 	 327 	 1 	 2 	 3.464198e-13 	 6.066218e-13
1 	 328 	 1 	 2 	 2.907057e-13 	 5.852122e-13
1 	 329 	 1 	 2 	 2.381094e-13 	 5.622285e-13
1 	 330 	 1 	 2 	 1.926234e-13 	 5.373420e-13
1 	 331 	 1 	 2 	 1.508859e-13 	 5.117183e-13
1 	 332 	 1 	 2 	 1.121711e-13 	 4.854623e-13
1 	 333 	 1 	 2 	 8.049757e-14 	 4.586448e-13
1 	 334 	 1 	 2 	 5.042974e-14 	 4.304373e-13
1 	 335 	 1 	 2 	 2.458575e-14 	 3.964827e-13
1 	 336 	 1 	 2 	 1.642115e-15 	 3.642762e-13
1 	 337 	 1 	 2 	 -1.828607e-14 	 3.338867e-13
1 	 338 	 1 	 2 	 -3.404024e-14 	 3.082735e-13
1 	 339 	 1 	 2 	 -4.860665e-14 	 2.843051e-13
1 	 340 	 1 	 2 	 -5.886932e-14 	 2.631433e-13
1 	 341 	 1 	 2 	 -6.873838e-14 	 2.423141e-13
1 	 342 	 1 	 2 	 -7.558224e-14 	 2.229479e-13
1 	 343 	 1 	 2 	 -8.183504e-14 	 2.040136e-13
1 	 344 	 1 	 2 	 -8.602967e-14 	 1.863755e-13
1 	 345 	 1 	 2 	 -8.946772e-14 	 1.694410e-13
1 	 346 	 1 	 2 	 -9.146494e-14 	 1.537677e-13
1 	 347 	 1 	 2 	 -9.276301e-14 	 1.390055e-13
1 	 348 	 1 	 2 	 -9.309698e-14 	 1.254420e-13
1 	 349 	 1 	 2 	 -9.290779e-14 	 1.127438e-13
1 	 350 	 1 	 2 	 -9.205077e-14 	 1.010944e-13
1 	 351 	 1 	 2 	 -9.081505e-14 	 9.015859e-14
1 	 352 	 1 	 2 	 -8.903621e-14 	 8.018532e-14
1 	 353 	 1 	 2 	 -8.686378e-14 	 7.063822e-14
1 	 354 	 1 	 2 	 -8.393813e-14 	 6.186590e-14
1 	 355 	 1 	 2 	 -8.083837e-14 	 5.342743e-14
1 	 356 	 1 	 2 	 -7.713905e-14 	 4.606138e-14
1 	 357 	 1 	 2 	 -7.351391e-14 	 3.886793e-14
1 	 358 	 1 	 2 	 -7.032232e-14 	 3.344322e-14
1 	 359 	 1 	 2 	 -6.716908e-14 	 2.796514e-14
1 	 360 	 1 	 2 	 -6.416900e-14 	 2.370356e-14
1 	 361 	 1 	 2 	 -6.120441e-14 	 1.949579e-14
1 	 362 	 1 	 2 	 -5.824722e-14 	 1.593398e-14
1 	 363 	 1 	 2 	 -5.529642e-14 	 1.264109e-14
1 	 364 	 1 	 2 	 -5.240123e-14 	 9.657311e-15
1 	 365 	 1 	 2 	 -4.957590e-14 	 7.148042e-15
1 	 366 	 1 	 2 	 -4.677259e-14 	 4.656122e-15
1 	 367 	 1 	 2 	 -4.418053e-14 	 2.797117e-15
1 	 368 	 1 	 2 	 -4.158816e-14 	 9.055783e-16
1 	 369 	 1 	 2 	 -3.914207e-14 	 -6.082781e-16
1 	 370 	 1 	 2 	 -3.675809e-14 	 -1.966371e-15
1 	 371 	 1 	 2 	 -3.438650e-14 	 -3.202451e-15
1 	 372 	 1 	 2 	 -3.203862e-14 	 -4.083144e-15
1 	 373 	 1 	 2 	 -2.967947e-14 	 -4.985299e-15
1 	 374 	 1 	 2 	 -2.763646e-14 	 -5.563180e-15
1 	 375 	 1 	 2 	 -2.566898e-14 	 -6.068165e-15
1 	 376 	 1 	 2 	 -2.381777e-14 	 -6.516760e-15
1 	 377 	 1 	 2 	 -2.230500e-14 	 -6.780092e-15
1 	 378 	 1 	 2 	 -2.078722e-14 	 -7.055692e-15
1 	 379 	 1 	 2 	 -1.943309e-14 	 -7.200408e-15
1 	 380 	 1 	 2 	 -1.815025e-14 	 -7.288985e-15
1 	 381 	 1 	 2 	 -1.687391e-14 	 -7.377863e-15
1 	 382 	 1 	 2 	 -1.579737e-14 	 -7.330743e-15
1 	 383 	 1 	 2 	 -1.471533e-14 	 -7.289658e-15
1 	 384 	 1 	 2 	 -1.370467e-14 	 -7.221087e-15
1 	 385 	 1 	 2 	 -1.282445e-14 	 -7.094550e-15
1 	 386 	 1 	 2 	 -1.193879e-14 	 -6.973126e-15
1 	 387 	 1 	 2 	 -1.114492e-14 	 -6.815336e-15
1 	 388 	 1 	 2 	 -1.040450e-14 	 -6.636437e-15
1 	 389 	 1 	 2 	 -9.659006e-15 	 -6.461237e-15
1 	 390 	 1 	 2 	 -9.001619e-15 	 -6.230995e-15
1 	 391 	 1 	 2 	 -8.358029e-15 	 -5.989616e-15
1 	 392 	 1 	 2 	 -7.708460e-15 	 -5.749542e-15
1 	 393 	 1 	 2 	 -7.254323e-15 	 -5.531698e-15
1 	 394 	 1 	 2 	 -6.804177e-15 	 -5.316161e-15
1 	 395 	 1 	 2 	 -6.357764e-15 	 -5.103806e-15
1 	 396 	 1 	 2 	 -6.029790e-15 	 -4.920796e-15
1 	 397 	 1 	 2 	 -5.699440e-15 	 -4.738171e-15
1 	 398 	 1 	 2 	 -5.373774e-15 	 -4.555578e-15
1 	 399 	 1 	 2 	 -5.114253e-15 	 -4.386163e-15
1 	 400 	 1 	 2 	 -4.852298e-15 	 -4.217658e-15
1 	 401 	 1 	 2 	 -4.589113e-15 	 -4.049939e-15
1 	 402 	 1 	 2 	 -4.358369e-15 	 -3.880988e-15
1 	 403 	 1 	 2 	 -4.123795e-15 	 -3.711313e-15
1 	 404 	 1 	 2 	 -3.884895e-15 	 -3.540364e-15
1 	 405 	 1 	 2 	 -3.689833e-15 	 -3.381409e-15
1 	 406 	 1 	 2 	 -3.494825e-15 	 -3.222170e-15
1 	 407 	 1 	 2 	 -3.297250e-15 	 -3.061859e-15
1 	 408 	 1 	 2 	 -3.158958e-15 	 -2.939805e-15
1 	 1 	 1 	 3 	 -1.297117e-15 	 -7.200313e-16
1 	 2 	 1 	 3 	 -1.322424e-15 	 -7.317376e-16
1 	 3 	 1 	 3 	 -1.347308e-15 	 -7.434887e-16
1 	 4 	 1 	 3 	 -1.371575e-15 	 -7.553325e-16
1 	 5 	 1 	 3 	 -1.392360e-15 	 -7.654470e-16
1 	 6 	 1 	 3 	 -1.411971e-15 	 -7.757992e-16
1 	 7 	 1 	 3 	 -1.430700e-15 	 -7.863053e-16
1 	 8 	 1 	 3 	 -1.444300e-15 	 -7.971596e-16
1 	 9 	 1 	 3 	 -1.456792e-15 	 -8.081330e-16
1 	 10 	 1 	 3 	 -1.469554e-15 	 -8.190223e-16
1 	 11 	 1 	 3 	 -1.474056e-15 	 -8.310837e-16
1 	 12 	 1 	 3 	 -1.476246e-15 	 -8.434981e-16
1 	 13 	 1 	 3 	 -1.478328e-15 	 -8.559740e-16
1 	 14 	 1 	 3 	 -1.470428e-15 	 -8.745717e-16
1 	 15 	 1 	 3 	 -1.457627e-15 	 -8.957290e-16
1 	 16 	 1 	 3 	 -1.442504e-15 	 -9.176984e-16
1 	 17 	 1 	 3 	 -1.410673e-15 	 -9.513748e-16
1 	 18 	 1 	 3 	 -1.372923e-15 	 -9.888515e-16
1 	 19 	 1 	 3 	 -1.332924e-15 	 -1.027309e-15
1 	 20 	 1 	 3 	 -1.273173e-15 	 -1.091030e-15
1 	 21 	 1 	 3 	 -1.208957e-15 	 -1.159193e-15
1 	 22 	 1 	 3 	 -1.140998e-15 	 -1.231734e-15
1 	 23 	 1 	 3 	 -1.049675e-15 	 -1.344418e-15
1 	 24 	 1 	 3 	 -9.567968e-16 	 -1.459236e-15
1 	 25 	 1 	 3 	 -8.573071e-16 	 -1.593274e-15
1 	 26 	 1 	 3 	 -7.431750e-16 	 -1.773053e-15
1 	 27 	 1 	 3 	 -6.281643e-16 	 -1.955352e-15
1 	 28 	 1 	 3 	 -5.054300e-16 	 -2.183537e-15
1 	 29 	 1 	 3 	 -3.766277e-16 	 -2.448489e-15
1 	 30 	 1 	 3 	 -2.468495e-16 	 -2.716666e-15
1 	 31 	 1 	 3 	 -1.132265e-16 	 -3.080418e-15
1 	 32 	 1 	 3 	 2.171994e-17 	 -3.459157e-15
1 	 33 	 1 	 3 	 1.512399e-16 	 -3.888918e-15
1 	 34 	 1 	 3 	 2.649952e-16 	 -4.442749e-15
1 	 35 	 1 	 3 	 3.801059e-16 	 -5.004283e-15
1 	 36 	 1 	 3 	 4.369205e-16 	 -5.701673e-15
1 	 37 	 1 	 3 	 4.659111e-16 	 -6.456937e-15
1 	 38 	 1 	 3 	 4.612266e-16 	 -7.269537e-15
1 	 39 	 1 	 3 	 3.400535e-16 	 -8.265497e-15
1 	 40 	 1 	 3 	 2.112787e-16 	 -9.265178e-15
1 	 41 	 1 	 3 	 -9.685969e-17 	 -1.045413e-14
1 	 42 	 1 	 3 	 -4.676406e-16 	 -1.170568e-14
1 	 43 	 1 	 3 	 -9.662565e-16 	 -1.305567e-14
1 	 44 	 1 	 3 	 -1.692069e-15 	 -1.458040e-14
1 	 45 	 1 	 3 	 -2.429173e-15 	 -1.611093e-14
1 	 46 	 1 	 3 	 -3.653604e-15 	 -1.788626e-14
1 	 47 	 1 	 3 	 -4.895795e-15 	 -1.966926e-14
1 	 48 	 1 	 3 	 -6.587049e-15 	 -2.157567e-14
1 	 49 	 1 	 3 	 -8.497492e-15 	 -2.354135e-14
1 	 50 	 1 	 3 	 -1.070658e-14 	 -2.545556e-14
1 	 51 	 1 	 3 	 -1.330430e-14 	 -2.728813e-14
1 	 52 	 1 	 3 	 -1.615157e-14 	 -2.912780e-14
1 	 53 	 1 	 3 	 -1.981468e-14 	 -3.100846e-14
1 	 54 	 1 	 3 	 -2.361284e-14 	 -3.285113e-14
1 	 55 	 1 	 3 	 -2.894079e-14 	 -3.460893e-14
1 	 56 	 1 	 3 	 -3.433135e-14 	 -3.633464e-14
1 	 57 	 1 	 3 	 -4.113204e-14 	 -3.724347e-14
1 	 58 	 1 	 3 	 -4.810330e-14 	 -3.802319e-14
1 	 59 	 1 	 3 	 -5.654726e-14 	 -3.770867e-14
1 	 60 	 1 	 3 	 -6.531380e-14 	 -3.711325e-14
1 	 61 	 1 	 3 	 -7.555694e-14 	 -3.494416e-14
1 	 62 	 1 	 3 	 -8.619770e-14 	 -3.229666e-14
1 	 63 	 1 	 3 	 -9.836337e-14 	 -2.741921e-14
1 	 64 	 1 	 3 	 -1.109279e-13 	 -2.188447e-14
1 	 65 	 1 	 3 	 -1.247986e-13 	 -1.317182e-14
1 	 66 	 1 	 3 	 -1.389221e-13 	 -3.727559e-15
1 	 67 	 1 	 3 	 -1.534098e-13 	 9.961457e-15
1 	 68 	 1 	 3 	 -1.679823e-13 	 2.450004e-14
1 	 69 	 1 	 3 	 -1.842606e-13 	 4.517190e-14
1 	 70 	 1 	 3 	 -2.001753e-13 	 6.775568e-14
1 	 71 	 1 	 3 	 -2.148746e-13 	 9.619235e-14
1 	 72 	 1 	 3 	 -2.291602e-13 	 1.292494e-13
1 	 73 	 1 	 3 	 -2.428784e-13 	 1.688080e-13
1 	 74 	 1 	 3 	 -2.532308e-13 	 2.157650e-13
1 	 75 	 1 	 3 	 -2.614820e-13 	 2.669970e-13
1 	 76 	 1 	 3 	 -2.626990e-13 	 3.301814e-13
1 	 77 	 1 	 3 	 -2.603589e-13 	 3.982175e-13
1 	 78 	 1 	 3 	 -2.491412e-13 	 4.781203e-13
1 	 79 	 1 	 3 	 -2.284836e-13 	 5.675886e-13
1 	 80 	 1 	 3 	 -2.000700e-13 	 6.646280e-13
1 	 81 	 1 	 3 	 -1.513617e-13 	 7.789935e-13
1 	 82 	 1 	 3 	 -9.106747e-14 	 8.991590e-13
1 	 83 	 1 	 3 	 -1.264678e-14 	 1.027218e-12
1 	 84 	 1 	 3 	 8.949474e-14 	 1.166505e-12
1 	 85 	 1 	 3 	 2.072129e-13 	 1.310895e-12
1 	 86 	 1 	 3 	 3.486071e-13 	 1.460099e-12
1 	 87 	 1 	 3 	 5.444282e-13 	 1.664845e-12
1 	 88 	 1 	 3 	 7.758566e-13 	 1.892889e-12
1 	 89 	 1 	 3 	 1.047671e-12 	 2.132858e-12
1 	 90 	 1 	 3 	 1.394756e-12 	 2.434911e-12
1 	 91 	 1 	 3 	 1.801817e-12 	 2.794005e-12
1 	 92 	 1 	 3 	 2.278193e-12 	 3.224610e-12
1 	 93 	 1 	 3 	 2.893447e-12 	 3.838517e-12
1 	 94 	 1 	 3 	 3.685025e-12 	 4.711498e-12
1 	 95 	 1 	 3 	 4.723239e-12 	 5.938604e-12
1 	 96 	 1 	 3 	 6.121169e-12 	 7.666558e-12
1 	 97 	 1 	 3 	 8.257582e-12 	 1.036612e-11
1 	 98 	 1 	 3 	 1.185151e-11 	 1.467897e-11
1 	 99 	 1 	 3 	 1.785215e-11 	 2.127098e-11
1 	 100 	 1 	 3 	 2.807625e-11 	 3.129908e-11
1 	 101 	 1 	 3 	 4.574682e-11 	 4.647908e-11
1 	 102 	 1 	 3 	 7.663190e-11 	 6.937552e-11
1 	 103 	 1 	 3 	 7.796899e-11 	 6.648782e-11
1 	 104 	 1 	 3 	 4.667716e-11 	 4.454398e-11
1 	 105 	 1 	 3 	 2.884013e-11 	 3.000266e-11
1 	 106 	 1 	 3 	 1.846171e-11 	 2.041249e-11
1 	 107 	 1 	 3 	 1.232111e-11 	 1.414513e-11
1 	 108 	 1 	 3 	 8.661640e-12 	 1.008283e-11
1 	 109 	 1 	 3 	 6.524236e-12 	 7.494016e-12
1 	 110 	 1 	 3 	 5.148144e-12 	 5.846222e-12
1 	 111 	 1 	 3 	 4.110323e-12 	 4.679566e-12
1 	 112 	 1 	 3 	 3.302719e-12 	 3.853905e-12
1 	 113 	 1 	 3 	 2.655021e-12 	 3.268374e-12
1 	 114 	 1 	 3 	 2.149526e-12 	 2.863728e-12
1 	 115 	 1 	 3 	 1.710203e-12 	 2.527856e-12
1 	 116 	 1 	 3 	 1.327903e-12 	 2.246573e-12
1 	 117 	 1 	 3 	 1.014427e-12 	 2.014197e-12
1 	 118 	 1 	 3 	 7.539520e-13 	 1.815467e-12
1 	 119 	 1 	 3 	 5.234269e-13 	 1.627319e-12
1 	 120 	 1 	 3 	 3.249787e-13 	 1.435984e-12
1 	 121 	 1 	 3 	 1.730336e-13 	 1.262050e-12
1 	 122 	 1 	 3 	 4.470102e-14 	 1.099307e-12
1 	 123 	 1 	 3 	 -4.998587e-14 	 9.543169e-13
1 	 124 	 1 	 3 	 -1.187704e-13 	 8.281151e-13
1 	 125 	 1 	 3 	 -1.750694e-13 	 7.115260e-13
1 	 126 	 1 	 3 	 -2.096875e-13 	 6.121341e-13
1 	 127 	 1 	 3 	 -2.348501e-13 	 5.220946e-13
1 	 128 	 1 	 3 	 -2.520147e-13 	 4.398096e-13
1 	 129 	 1 	 3 	 -2.573920e-13 	 3.709955e-13
1 	 130 	 1 	 3 	 -2.598575e-13 	 3.061306e-13
1 	 131 	 1 	 3 	 -2.548529e-13 	 2.516200e-13
1 	 132 	 1 	 3 	 -2.471837e-13 	 2.028451e-13
1 	 133 	 1 	 3 	 -2.367239e-13 	 1.599021e-13
1 	 134 	 1 	 3 	 -2.238558e-13 	 1.245090e-13
1 	 135 	 1 	 3 	 -2.102796e-13 	 9.135111e-14
1 	 136 	 1 	 3 	 -1.952507e-13 	 6.640491e-14
1 	 137 	 1 	 3 	 -1.802188e-13 	 4.240930e-14
1 	 138 	 1 	 3 	 -1.650358e-13 	 2.452629e-14
1 	 139 	 1 	 3 	 -1.500325e-13 	 7.963690e-15
1 	 140 	 1 	 3 	 -1.354074e-13 	 -4.469496e-15
1 	 141 	 1 	 3 	 -1.208924e-13 	 -1.521523e-14
1 	 142 	 1 	 3 	 -1.065166e-13 	 -2.287865e-14
1 	 143 	 1 	 3 	 -9.337052e-14 	 -2.898313e-14
1 	 144 	 1 	 3 	 -8.186432e-14 	 -3.295560e-14
1 	 145 	 1 	 3 	 -7.143121e-14 	 -3.594949e-14
1 	 146 	 1 	 3 	 -6.233418e-14 	 -3.765666e-14
1 	 147 	 1 	 3 	 -5.392060e-14 	 -3.871147e-14
1 	 148 	 1 	 3 	 -4.640397e-14 	 -3.884266e-14
1 	 149 	 1 	 3 	 -3.940470e-14 	 -3.862183e-14
1 	 150 	 1 	 3 	 -3.334024e-14 	 -3.770781e-14
1 	 151 	 1 	 3 	 -2.758625e-14 	 -3.665240e-14
1 	 152 	 1 	 3 	 -2.284702e-14 	 -3.509027e-14
1 	 153 	 1 	 3 	 -1.820822e-14 	 -3.351877e-14
1 	 154 	 1 	 3 	 -1.465986e-14 	 -3.166112e-14
1 	 155 	 1 	 3 	 -1.106710e-14 	 -2.982311e-14
1 	 156 	 1 	 3 	 -8.404386e-15 	 -2.788323e-14
1 	 157 	 1 	 3 	 -5.779593e-15 	 -2.594441e-14
1 	 158 	 1 	 3 	 -3.704255e-15 	 -2.392043e-14
1 	 159 	 1 	 3 	 -1.858409e-15 	 -2.184976e-14
1 	 160 	 1 	 3 	 -3.076420e-16 	 -1.988412e-14
1 	 161 	 1 	 3 	 7.890154e-16 	 -1.807463e-14
1 	 162 	 1 	 3 	 1.869742e-15 	 -1.628738e-14
1 	 163 	 1 	 3 	 2.470479e-15 	 -1.485244e-14
1 	 164 	 1 	 3 	 3.087279e-15 	 -1.341188e-14
1 	 165 	 1 	 3 	 3.470215e-15 	 -1.213968e-14
1 	 166 	 1 	 3 	 3.756884e-15 	 -1.093689e-14
1 	 167 	 1 	 3 	 3.988416e-15 	 -9.794029e-15
1 	 168 	 1 	 3 	 4.052106e-15 	 -8.819753e-15
1 	 169 	 1 	 3 	 4.123541e-15 	 -7.839790e-15
1 	 170 	 1 	 3 	 4.080065e-15 	 -7.030840e-15
1 	 171 	 1 	 3 	 4.010313e-15 	 -6.261207e-15
1 	 172 	 1 	 3 	 3.922996e-15 	 -5.537444e-15
1 	 173 	 1 	 3 	 3.776766e-15 	 -4.952381e-15
1 	 174 	 1 	 3 	 3.632864e-15 	 -4.360459e-15
1 	 175 	 1 	 3 	 3.464589e-15 	 -3.872904e-15
1 	 176 	 1 	 3 	 3.284484e-15 	 -3.431600e-15
1 	 177 	 1 	 3 	 3.103367e-15 	 -2.993124e-15
1 	 178 	 1 	 3 	 2.895187e-15 	 -2.663365e-15
1 	 179 	 1 	 3 	 2.687454e-15 	 -2.328953e-15
1 	 180 	 1 	 3 	 2.490337e-15 	 -2.040133e-15
1 	 181 	 1 	 3 	 2.310761e-15 	 -1.834938e-15
1 	 182 	 1 	 3 	 2.131113e-15 	 -1.626493e-15
1 	 183 	 1 	 3 	 1.973226e-15 	 -1.468133e-15
1 	 184 	 1 	 3 	 1.827819e-15 	 -1.339272e-15
1 	 185 	 1 	 3 	 1.681316e-15 	 -1.207640e-15
1 	 186 	 1 	 3 	 1.556586e-15 	 -1.117434e-15
1 	 187 	 1 	 3 	 1.435405e-15 	 -1.034617e-15
1 	 188 	 1 	 3 	 1.313064e-15 	 -9.499064e-16
1 	 189 	 1 	 3 	 1.218058e-15 	 -8.990699e-16
1 	 190 	 1 	 3 	 1.122924e-15 	 -8.483151e-16
1 	 191 	 1 	 3 	 1.027881e-15 	 -7.969990e-16
1 	 192 	 1 	 3 	 9.498853e-16 	 -7.604672e-16
1 	 193 	 1 	 3 	 8.704027e-16 	 -7.226084e-16
1 	 194 	 1 	 3 	 7.914304e-16 	 -6.849599e-16
1 	 195 	 1 	 3 	 7.363893e-16 	 -6.650583e-16
1 	 196 	 1 	 3 	 6.799353e-16 	 -6.444976e-16
1 	 197 	 1 	 3 	 6.231656e-16 	 -6.238023e-16
1 	 198 	 1 	 3 	 5.883778e-16 	 -6.145432e-16
1 	 199 	 1 	 3 	 5.529949e-16 	 -6.050885e-16
1 	 200 	 1 	 3 	 5.166943e-16 	 -5.958923e-16
1 	 201 	 1 	 3 	 4.923542e-16 	 -5.874497e-16
1 	 202 	 1 	 3 	 4.682712e-16 	 -5.789000e-16
1 	 203 	 1 	 3 	 4.435450e-16 	 -5.701701e-16
1 	 204 	 1 	 3 	 4.244981e-16 	 -5.583036e-16
1 	 205 	 1 	 3 	 -1.153914e-15 	 -7.124151e-16
1 	 206 	 1 	 3 	 -1.175207e-15 	 -7.218926e-16
1 	 207 	 1 	 3 	 -1.196060e-15 	 -7.314230e-16
1 	 208 	 1 	 3 	 -1.216514e-15 	 -7.409869e-16
1 	 209 	 1 	 3 	 -1.234583e-15 	 -7.487065e-16
1 	 210 	 1 	 3 	 -1.252379e-15 	 -7.563485e-16
1 	 211 	 1 	 3 	 -1.270035e-15 	 -7.635694e-16
1 	 212 	 1 	 3 	 -1.282918e-15 	 -7.707191e-16
1 	 213 	 1 	 3 	 -1.294165e-15 	 -7.779965e-16
1 	 214 	 1 	 3 	 -1.304229e-15 	 -7.854670e-16
1 	 215 	 1 	 3 	 -1.305499e-15 	 -7.950818e-16
1 	 216 	 1 	 3 	 -1.302751e-15 	 -8.056538e-16
1 	 217 	 1 	 3 	 -1.297823e-15 	 -8.167060e-16
1 	 218 	 1 	 3 	 -1.280178e-15 	 -8.341064e-16
1 	 219 	 1 	 3 	 -1.256681e-15 	 -8.542026e-16
1 	 220 	 1 	 3 	 -1.230808e-15 	 -8.751532e-16
1 	 221 	 1 	 3 	 -1.185900e-15 	 -9.036911e-16
1 	 222 	 1 	 3 	 -1.134248e-15 	 -9.350322e-16
1 	 223 	 1 	 3 	 -1.080261e-15 	 -9.674674e-16
1 	 224 	 1 	 3 	 -1.007178e-15 	 -1.019247e-15
1 	 225 	 1 	 3 	 -9.301885e-16 	 -1.074491e-15
1 	 226 	 1 	 3 	 -8.503285e-16 	 -1.133044e-15
1 	 227 	 1 	 3 	 -7.487608e-16 	 -1.228726e-15
1 	 228 	 1 	 3 	 -6.454315e-16 	 -1.326822e-15
1 	 229 	 1 	 3 	 -5.342134e-16 	 -1.442757e-15
1 	 230 	 1 	 3 	 -4.058226e-16 	 -1.600328e-15
1 	 231 	 1 	 3 	 -2.758588e-16 	 -1.760914e-15
1 	 232 	 1 	 3 	 -1.357941e-16 	 -1.967519e-15
1 	 233 	 1 	 3 	 1.180648e-17 	 -2.211055e-15
1 	 234 	 1 	 3 	 1.596663e-16 	 -2.457718e-15
1 	 235 	 1 	 3 	 3.070228e-16 	 -2.796439e-15
1 	 236 	 1 	 3 	 4.538412e-16 	 -3.149171e-15
1 	 237 	 1 	 3 	 5.942859e-16 	 -3.536961e-15
1 	 238 	 1 	 3 	 7.185667e-16 	 -4.008224e-15
1 	 239 	 1 	 3 	 8.401602e-16 	 -4.481030e-15
1 	 240 	 1 	 3 	 9.290966e-16 	 -5.094835e-15
1 	 241 	 1 	 3 	 1.003845e-15 	 -5.763758e-15
1 	 242 	 1 	 3 	 1.050831e-15 	 -6.476879e-15
1 	 243 	 1 	 3 	 1.004690e-15 	 -7.346090e-15
1 	 244 	 1 	 3 	 9.569565e-16 	 -8.222405e-15
1 	 245 	 1 	 3 	 7.615156e-16 	 -9.280227e-15
1 	 246 	 1 	 3 	 5.153350e-16 	 -1.040034e-14
1 	 247 	 1 	 3 	 1.602315e-16 	 -1.161098e-14
1 	 248 	 1 	 3 	 -3.901572e-16 	 -1.297919e-14
1 	 249 	 1 	 3 	 -9.508378e-16 	 -1.435452e-14
1 	 250 	 1 	 3 	 -1.930906e-15 	 -1.595512e-14
1 	 251 	 1 	 3 	 -2.926503e-15 	 -1.756141e-14
1 	 252 	 1 	 3 	 -4.322001e-15 	 -1.930225e-14
1 	 253 	 1 	 3 	 -5.909244e-15 	 -2.110366e-14
1 	 254 	 1 	 3 	 -7.827691e-15 	 -2.294965e-14
1 	 255 	 1 	 3 	 -1.018226e-14 	 -2.485065e-14
1 	 256 	 1 	 3 	 -1.275770e-14 	 -2.674052e-14
1 	 257 	 1 	 3 	 -1.606641e-14 	 -2.858884e-14
1 	 258 	 1 	 3 	 -1.946222e-14 	 -3.041419e-14
1 	 259 	 1 	 3 	 -2.381947e-14 	 -3.190824e-14
1 	 260 	 1 	 3 	 -2.822949e-14 	 -3.337817e-14
1 	 261 	 1 	 3 	 -3.365505e-14 	 -3.428612e-14
1 	 262 	 1 	 3 	 -3.923416e-14 	 -3.507615e-14
1 	 263 	 1 	 3 	 -4.630526e-14 	 -3.522710e-14
1 	 264 	 1 	 3 	 -5.371218e-14 	 -3.519832e-14
1 	 265 	 1 	 3 	 -6.237906e-14 	 -3.385886e-14
1 	 266 	 1 	 3 	 -7.139842e-14 	 -3.211030e-14
1 	 267 	 1 	 3 	 -8.165752e-14 	 -2.854015e-14
1 	 268 	 1 	 3 	 -9.225558e-14 	 -2.441248e-14
1 	 269 	 1 	 3 	 -1.040427e-13 	 -1.770809e-14
1 	 270 	 1 	 3 	 -1.160745e-13 	 -1.037629e-14
1 	 271 	 1 	 3 	 -1.290795e-13 	 6.144048e-16
1 	 272 	 1 	 3 	 -1.421737e-13 	 1.232667e-14
1 	 273 	 1 	 3 	 -1.555956e-13 	 2.863692e-14
1 	 274 	 1 	 3 	 -1.687025e-13 	 4.618426e-14
1 	 275 	 1 	 3 	 -1.808146e-13 	 6.783984e-14
1 	 276 	 1 	 3 	 -1.922092e-13 	 9.203825e-14
1 	 277 	 1 	 3 	 -2.025811e-13 	 1.198943e-13
1 	 278 	 1 	 3 	 -2.112288e-13 	 1.529390e-13
1 	 279 	 1 	 3 	 -2.187911e-13 	 1.890434e-13
1 	 280 	 1 	 3 	 -2.223226e-13 	 2.350031e-13
1 	 281 	 1 	 3 	 -2.231980e-13 	 2.846499e-13
1 	 282 	 1 	 3 	 -2.169570e-13 	 3.427475e-13
1 	 283 	 1 	 3 	 -2.030485e-13 	 4.065850e-13
1 	 284 	 1 	 3 	 -1.829454e-13 	 4.748789e-13
1 	 285 	 1 	 3 	 -1.467541e-13 	 5.518216e-13
1 	 286 	 1 	 3 	 -1.012988e-13 	 6.317926e-13
1 	 287 	 1 	 3 	 -4.115503e-14 	 7.160214e-13
1 	 288 	 1 	 3 	 4.078603e-14 	 8.033684e-13
1 	 289 	 1 	 3 	 1.375210e-13 	 8.902103e-13
1 	 290 	 1 	 3 	 2.580301e-13 	 9.733506e-13
1 	 291 	 1 	 3 	 4.067369e-13 	 1.046268e-12
1 	 292 	 1 	 3 	 5.754453e-13 	 1.106423e-12
1 	 293 	 1 	 3 	 7.698192e-13 	 1.144325e-12
1 	 294 	 1 	 3 	 9.914812e-13 	 1.138151e-12
1 	 295 	 1 	 3 	 1.218311e-12 	 1.089603e-12
1 	 296 	 1 	 3 	 1.443960e-12 	 9.925909e-13
1 	 297 	 1 	 3 	 1.653710e-12 	 8.280674e-13
1 	 298 	 1 	 3 	 1.868248e-12 	 5.823816e-13
1 	 299 	 1 	 3 	 2.056409e-12 	 2.169257e-13
1 	 300 	 1 	 3 	 2.180467e-12 	 -3.115785e-13
1 	 301 	 1 	 3 	 2.131588e-12 	 -1.087224e-12
1 	 302 	 1 	 3 	 1.790584e-12 	 -2.149246e-12
1 	 303 	 1 	 3 	 1.072799e-12 	 -3.516055e-12
1 	 304 	 1 	 3 	 -1.634395e-13 	 -5.240405e-12
1 	 305 	 1 	 3 	 -2.096960e-12 	 -7.378652e-12
1 	 306 	 1 	 3 	 -4.945489e-12 	 -9.988405e-12
1 	 307 	 1 	 3 	 -5.254416e-12 	 -1.006114e-11
1 	 308 	 1 	 3 	 -2.326242e-12 	 -7.507294e-12
1 	 309 	 1 	 3 	 -3.086143e-13 	 -5.411367e-12
1 	 310 	 1 	 3 	 1.018442e-12 	 -3.706957e-12
1 	 311 	 1 	 3 	 1.833770e-12 	 -2.332890e-12
1 	 312 	 1 	 3 	 2.274447e-12 	 -1.237663e-12
1 	 313 	 1 	 3 	 2.416475e-12 	 -4.020390e-13
1 	 314 	 1 	 3 	 2.294835e-12 	 1.606738e-13
1 	 315 	 1 	 3 	 2.086778e-12 	 5.647283e-13
1 	 316 	 1 	 3 	 1.830458e-12 	 8.455887e-13
1 	 317 	 1 	 3 	 1.546217e-12 	 1.028172e-12
1 	 318 	 1 	 3 	 1.283958e-12 	 1.110692e-12
1 	 319 	 1 	 3 	 1.039944e-12 	 1.152217e-12
1 	 320 	 1 	 3 	 8.143503e-13 	 1.159519e-12
1 	 321 	 1 	 3 	 6.171694e-13 	 1.129282e-12
1 	 322 	 1 	 3 	 4.478496e-13 	 1.076311e-12
1 	 323 	 1 	 3 	 2.975190e-13 	 1.010886e-12
1 	 324 	 1 	 3 	 1.719183e-13 	 9.330223e-13
1 	 325 	 1 	 3 	 7.247572e-14 	 8.499416e-13
1 	 326 	 1 	 3 	 -1.301292e-14 	 7.658742e-13
1 	 327 	 1 	 3 	 -7.885892e-14 	 6.824305e-13
1 	 328 	 1 	 3 	 -1.278572e-13 	 6.030252e-13
1 	 329 	 1 	 3 	 -1.685503e-13 	 5.263799e-13
1 	 330 	 1 	 3 	 -1.941734e-13 	 4.572570e-13
1 	 331 	 1 	 3 	 -2.127733e-13 	 3.928220e-13
1 	 332 	 1 	 3 	 -2.254830e-13 	 3.321711e-13
1 	 333 	 1 	 3 	 -2.289683e-13 	 2.799782e-13
1 	 334 	 1 	 3 	 -2.294304e-13 	 2.296694e-13
1 	 335 	 1 	 3 	 -2.210131e-13 	 1.837669e-13
1 	 336 	 1 	 3 	 -2.109018e-13 	 1.434236e-13
1 	 337 	 1 	 3 	 -1.989871e-13 	 1.088535e-13
1 	 338 	 1 	 3 	 -1.870050e-13 	 8.173815e-14
1 	 339 	 1 	 3 	 -1.750753e-13 	 5.694948e-14
1 	 340 	 1 	 3 	 -1.626128e-13 	 3.877271e-14
1 	 341 	 1 	 3 	 -1.501721e-13 	 2.132174e-14
1 	 342 	 1 	 3 	 -1.375682e-13 	 8.400106e-15
1 	 343 	 1 	 3 	 -1.251178e-13 	 -3.544517e-15
1 	 344 	 1 	 3 	 -1.130636e-13 	 -1.238401e-14
1 	 345 	 1 	 3 	 -1.014157e-13 	 -2.005111e-14
1 	 346 	 1 	 3 	 -9.047556e-14 	 -2.556965e-14
1 	 347 	 1 	 3 	 -8.016505e-14 	 -3.001943e-14
1 	 348 	 1 	 3 	 -7.067377e-14 	 -3.301109e-14
1 	 349 	 1 	 3 	 -6.184074e-14 	 -3.520215e-14
1 	 350 	 1 	 3 	 -5.380199e-14 	 -3.638350e-14
1 	 351 	 1 	 3 	 -4.633767e-14 	 -3.702736e-14
1 	 352 	 1 	 3 	 -3.964565e-14 	 -3.691819e-14
1 	 353 	 1 	 3 	 -3.335441e-14 	 -3.643645e-14
1 	 354 	 1 	 3 	 -2.778790e-14 	 -3.525546e-14
1 	 355 	 1 	 3 	 -2.252558e-14 	 -3.391865e-14
1 	 356 	 1 	 3 	 -1.822850e-14 	 -3.205840e-14
1 	 357 	 1 	 3 	 -1.405060e-14 	 -3.021981e-14
1 	 358 	 1 	 3 	 -1.110660e-14 	 -2.842276e-14
1 	 359 	 1 	 3 	 -8.120872e-15 	 -2.664450e-14
1 	 360 	 1 	 3 	 -5.990682e-15 	 -2.489979e-14
1 	 361 	 1 	 3 	 -3.896416e-15 	 -2.316468e-14
1 	 362 	 1 	 3 	 -2.267803e-15 	 -2.147098e-14
1 	 363 	 1 	 3 	 -8.350142e-16 	 -1.979333e-14
1 	 364 	 1 	 3 	 3.932674e-16 	 -1.817767e-14
1 	 365 	 1 	 3 	 1.305395e-15 	 -1.664930e-14
1 	 366 	 1 	 3 	 2.207479e-15 	 -1.513221e-14
1 	 367 	 1 	 3 	 2.732330e-15 	 -1.380869e-14
1 	 368 	 1 	 3 	 3.274016e-15 	 -1.247723e-14
1 	 369 	 1 	 3 	 3.613629e-15 	 -1.128717e-14
1 	 370 	 1 	 3 	 3.868241e-15 	 -1.015476e-14
1 	 371 	 1 	 3 	 4.063976e-15 	 -9.063557e-15
1 	 372 	 1 	 3 	 4.087855e-15 	 -8.088902e-15
1 	 373 	 1 	 3 	 4.120197e-15 	 -7.104435e-15
1 	 374 	 1 	 3 	 4.043446e-15 	 -6.323302e-15
1 	 375 	 1 	 3 	 3.941562e-15 	 -5.589177e-15
1 	 376 	 1 	 3 	 3.829381e-15 	 -4.910026e-15
1 	 377 	 1 	 3 	 3.679305e-15 	 -4.397445e-15
1 	 378 	 1 	 3 	 3.531834e-15 	 -3.879074e-15
1 	 379 	 1 	 3 	 3.363613e-15 	 -3.457240e-15
1 	 380 	 1 	 3 	 3.186001e-15 	 -3.077155e-15
1 	 381 	 1 	 3 	 3.009179e-15 	 -2.698940e-15
1 	 382 	 1 	 3 	 2.826739e-15 	 -2.429526e-15
1 	 383 	 1 	 3 	 2.644369e-15 	 -2.156393e-15
1 	 384 	 1 	 3 	 2.467715e-15 	 -1.914000e-15
1 	 385 	 1 	 3 	 2.299116e-15 	 -1.729794e-15
1 	 386 	 1 	 3 	 2.130117e-15 	 -1.542356e-15
1 	 387 	 1 	 3 	 1.973933e-15 	 -1.392578e-15
1 	 388 	 1 	 3 	 1.825006e-15 	 -1.264839e-15
1 	 389 	 1 	 3 	 1.675337e-15 	 -1.134618e-15
1 	 390 	 1 	 3 	 1.541869e-15 	 -1.041564e-15
1 	 391 	 1 	 3 	 1.410926e-15 	 -9.549511e-16
1 	 392 	 1 	 3 	 1.278973e-15 	 -8.663756e-16
1 	 393 	 1 	 3 	 1.184600e-15 	 -8.219806e-16
1 	 394 	 1 	 3 	 1.090859e-15 	 -7.781235e-16
1 	 395 	 1 	 3 	 9.979189e-16 	 -7.343948e-16
1 	 396 	 1 	 3 	 9.323478e-16 	 -7.112360e-16
1 	 397 	 1 	 3 	 8.657233e-16 	 -6.875308e-16
1 	 398 	 1 	 3 	 7.991890e-16 	 -6.645012e-16
1 	 399 	 1 	 3 	 7.507760e-16 	 -6.505700e-16
1 	 400 	 1 	 3 	 7.016577e-16 	 -6.361161e-16
1 	 401 	 1 	 3 	 6.522895e-16 	 -6.211647e-16
1 	 402 	 1 	 3 	 6.153820e-16 	 -6.071956e-16
1 	 403 	 1 	 3 	 5.774468e-16 	 -5.927135e-16
1 	 404 	 1 	 3 	 5.382380e-16 	 -5.776995e-16
1 	 405 	 1 	 3 	 5.105776e-16 	 -5.640871e-16
1 	 406 	 1 	 3 	 4.829791e-16 	 -5.502720e-16
1 	 407 	 1 	 3 	 4.546973e-16 	 -5.361991e-16
1 	 408 	 1 	 3 	 4.366807e-16 	 -5.269787e-16
1 	 1 	 1 	 4 	 -1.693985e-16 	 -6.845698e-16
1 	 2 	 1 	 4 	 -1.727939e-16 	 -7.035316e-16
1 	 3 	 1 	 4 	 -1.760961e-16 	 -7.224194e-16
1 	 4 	 1 	 4 	 -1.792321e-16 	 -7.411916e-16
1 	 5 	 1 	 4 	 -1.843830e-16 	 -7.612415e-16
1 	 6 	 1 	 4 	 -1.891892e-16 	 -7.810275e-16
1 	 7 	 1 	 4 	 -1.937761e-16 	 -8.006219e-16
1 	 8 	 1 	 4 	 -2.003365e-16 	 -8.210354e-16
1 	 9 	 1 	 4 	 -2.072667e-16 	 -8.415394e-16
1 	 10 	 1 	 4 	 -2.144417e-16 	 -8.621235e-16
1 	 11 	 1 	 4 	 -2.234294e-16 	 -8.816899e-16
1 	 12 	 1 	 4 	 -2.330564e-16 	 -9.009651e-16
1 	 13 	 1 	 4 	 -2.427464e-16 	 -9.202007e-16
1 	 14 	 1 	 4 	 -2.539963e-16 	 -9.383987e-16
1 	 15 	 1 	 4 	 -2.652318e-16 	 -9.558236e-16
1 	 16 	 1 	 4 	 -2.757752e-16 	 -9.726407e-16
1 	 17 	 1 	 4 	 -2.864070e-16 	 -9.852716e-16
1 	 18 	 1 	 4 	 -2.965480e-16 	 -9.963466e-16
1 	 19 	 1 	 4 	 -3.061622e-16 	 -1.006682e-15
1 	 20 	 1 	 4 	 -3.142084e-16 	 -1.011281e-15
1 	 21 	 1 	 4 	 -3.212461e-16 	 -1.014503e-15
1 	 22 	 1 	 4 	 -3.270112e-16 	 -1.016367e-15
1 	 23 	 1 	 4 	 -3.245879e-16 	 -1.009358e-15
1 	 24 	 1 	 4 	 -3.213286e-16 	 -1.001685e-15
1 	 25 	 1 	 4 	 -3.128376e-16 	 -9.910649e-16
1 	 26 	 1 	 4 	 -2.920824e-16 	 -9.739086e-16
1 	 27 	 1 	 4 	 -2.703282e-16 	 -9.562784e-16
1 	 28 	 1 	 4 	 -2.331430e-16 	 -9.338973e-16
1 	 29 	 1 	 4 	 -1.833528e-16 	 -9.077228e-16
1 	 30 	 1 	 4 	 -1.320214e-16 	 -8.810061e-16
1 	 31 	 1 	 4 	 -4.697670e-17 	 -8.505920e-16
1 	 32 	 1 	 4 	 4.399323e-17 	 -8.192717e-16
1 	 33 	 1 	 4 	 1.527592e-16 	 -7.904593e-16
1 	 34 	 1 	 4 	 3.037828e-16 	 -7.691008e-16
1 	 35 	 1 	 4 	 4.586451e-16 	 -7.472262e-16
1 	 36 	 1 	 4 	 6.681940e-16 	 -7.491348e-16
1 	 37 	 1 	 4 	 9.008442e-16 	 -7.615690e-16
1 	 38 	 1 	 4 	 1.156679e-15 	 -7.902066e-16
1 	 39 	 1 	 4 	 1.484287e-15 	 -8.753295e-16
1 	 40 	 1 	 4 	 1.813794e-15 	 -9.638458e-16
1 	 41 	 1 	 4 	 2.217229e-15 	 -1.144140e-15
1 	 42 	 1 	 4 	 2.645484e-15 	 -1.356411e-15
1 	 43 	 1 	 4 	 3.109119e-15 	 -1.637061e-15
1 	 44 	 1 	 4 	 3.634856e-15 	 -2.039642e-15
1 	 45 	 1 	 4 	 4.163302e-15 	 -2.448145e-15
1 	 46 	 1 	 4 	 4.758144e-15 	 -3.123423e-15
1 	 47 	 1 	 4 	 5.355999e-15 	 -3.808316e-15
1 	 48 	 1 	 4 	 5.957311e-15 	 -4.741224e-15
1 	 49 	 1 	 4 	 6.560686e-15 	 -5.795067e-15
1 	 50 	 1 	 4 	 7.102677e-15 	 -7.010299e-15
1 	 51 	 1 	 4 	 7.557325e-15 	 -8.435151e-15
1 	 52 	 1 	 4 	 7.965249e-15 	 -9.994027e-15
1 	 53 	 1 	 4 	 8.215191e-15 	 -1.199120e-14
1 	 54 	 1 	 4 	 8.415886e-15 	 -1.405422e-14
1 	 55 	 1 	 4 	 8.183500e-15 	 -1.689687e-14
1 	 56 	 1 	 4 	 7.919374e-15 	 -1.976779e-14
1 	 57 	 1 	 4 	 6.818038e-15 	 -2.326259e-14
1 	 58 	 1 	 4 	 5.598724e-15 	 -2.682729e-14
1 	 59 	 1 	 4 	 3.276225e-15 	 -3.092943e-14
1 	 60 	 1 	 4 	 6.880405e-16 	 -3.514022e-14
1 	 61 	 1 	 4 	 -3.373120e-15 	 -3.969617e-14
1 	 62 	 1 	 4 	 -7.864517e-15 	 -4.433011e-14
1 	 63 	 1 	 4 	 -1.433324e-14 	 -4.901876e-14
1 	 64 	 1 	 4 	 -2.136510e-14 	 -5.369745e-14
1 	 65 	 1 	 4 	 -3.099638e-14 	 -5.782334e-14
1 	 66 	 1 	 4 	 -4.120342e-14 	 -6.179843e-14
1 	 67 	 1 	 4 	 -5.445450e-14 	 -6.406061e-14
1 	 68 	 1 	 4 	 -6.829911e-14 	 -6.596371e-14
1 	 69 	 1 	 4 	 -8.675337e-14 	 -6.550498e-14
1 	 70 	 1 	 4 	 -1.063029e-13 	 -6.374578e-14
1 	 71 	 1 	 4 	 -1.291972e-13 	 -5.786021e-14
1 	 72 	 1 	 4 	 -1.546764e-13 	 -4.874986e-14
1 	 73 	 1 	 4 	 -1.837805e-13 	 -3.507734e-14
1 	 74 	 1 	 4 	 -2.156381e-13 	 -1.403408e-14
1 	 75 	 1 	 4 	 -2.489870e-13 	 1.136021e-14
1 	 76 	 1 	 4 	 -2.850325e-13 	 5.059229e-14
1 	 77 	 1 	 4 	 -3.214394e-13 	 9.608165e-14
1 	 78 	 1 	 4 	 -3.582972e-13 	 1.573117e-13
1 	 79 	 1 	 4 	 -3.929222e-13 	 2.334115e-13
1 	 80 	 1 	 4 	 -4.255618e-13 	 3.214130e-13
1 	 81 	 1 	 4 	 -4.488711e-13 	 4.397427e-13
1 	 82 	 1 	 4 	 -4.635183e-13 	 5.724147e-13
1 	 83 	 1 	 4 	 -4.634209e-13 	 7.269192e-13
1 	 84 	 1 	 4 	 -4.389179e-13 	 9.106742e-13
1 	 85 	 1 	 4 	 -3.955553e-13 	 1.110589e-12
1 	 86 	 1 	 4 	 -3.187941e-13 	 1.331499e-12
1 	 87 	 1 	 4 	 -1.946200e-13 	 1.625009e-12
1 	 88 	 1 	 4 	 -2.561891e-14 	 1.953669e-12
1 	 89 	 1 	 4 	 2.115674e-13 	 2.308555e-12
1 	 90 	 1 	 4 	 5.559464e-13 	 2.726203e-12
1 	 91 	 1 	 4 	 9.877322e-13 	 3.184651e-12
1 	 92 	 1 	 4 	 1.518126e-12 	 3.687408e-12
1 	 93 	 1 	 4 	 2.213006e-12 	 4.288931e-12
1 	 94 	 1 	 4 	 3.066004e-12 	 5.024852e-12
1 	 95 	 1 	 4 	 4.097931e-12 	 5.962618e-12
1 	 96 	 1 	 4 	 5.356615e-12 	 7.207495e-12
1 	 97 	 1 	 4 	 7.010687e-12 	 9.121250e-12
1 	 98 	 1 	 4 	 9.443018e-12 	 1.234577e-11
1 	 99 	 1 	 4 	 1.326632e-11 	 1.765503e-11
1 	 100 	 1 	 4 	 1.975490e-11 	 2.641516e-11
1 	 101 	 1 	 4 	 3.138253e-11 	 4.080156e-11
1 	 102 	 1 	 4 	 5.291066e-11 	 6.429105e-11
1 	 103 	 1 	 4 	 5.565915e-11 	 6.147949e-11
1 	 104 	 1 	 4 	 3.323823e-11 	 3.910083e-11
1 	 105 	 1 	 4 	 2.110733e-11 	 2.542282e-11
1 	 106 	 1 	 4 	 1.421870e-11 	 1.710484e-11
1 	 107 	 1 	 4 	 1.007854e-11 	 1.207486e-11
1 	 108 	 1 	 4 	 7.468086e-12 	 9.034480e-12
1 	 109 	 1 	 4 	 5.771245e-12 	 7.214692e-12
1 	 110 	 1 	 4 	 4.498742e-12 	 6.043054e-12
1 	 111 	 1 	 4 	 3.437034e-12 	 5.159070e-12
1 	 112 	 1 	 4 	 2.542150e-12 	 4.460361e-12
1 	 113 	 1 	 4 	 1.793128e-12 	 3.876092e-12
1 	 114 	 1 	 4 	 1.222028e-12 	 3.379459e-12
1 	 115 	 1 	 4 	 7.487009e-13 	 2.923379e-12
1 	 116 	 1 	 4 	 3.615991e-13 	 2.504188e-12
1 	 117 	 1 	 4 	 8.046591e-14 	 2.132420e-12
1 	 118 	 1 	 4 	 -1.263381e-13 	 1.807023e-12
1 	 119 	 1 	 4 	 -2.862144e-13 	 1.504734e-12
1 	 120 	 1 	 4 	 -3.888027e-13 	 1.220803e-12
1 	 121 	 1 	 4 	 -4.406405e-13 	 9.841799e-13
1 	 122 	 1 	 4 	 -4.699776e-13 	 7.736198e-13
1 	 123 	 1 	 4 	 -4.712904e-13 	 6.012864e-13
1 	 124 	 1 	 4 	 -4.567587e-13 	 4.631895e-13
1 	 125 	 1 	 4 	 -4.352235e-13 	 3.421438e-13
1 	 126 	 1 	 4 	 -4.038531e-13 	 2.511104e-13
1 	 127 	 1 	 4 	 -3.703147e-13 	 1.745136e-13
1 	 128 	 1 	 4 	 -3.347992e-13 	 1.100212e-13
1 	 129 	 1 	 4 	 -2.989847e-13 	 6.433299e-14
1 	 130 	 1 	 4 	 -2.636478e-13 	 2.368175e-14
1 	 131 	 1 	 4 	 -2.300073e-13 	 -4.254599e-15
1 	 132 	 1 	 4 	 -1.984562e-13 	 -2.653640e-14
1 	 133 	 1 	 4 	 -1.689592e-13 	 -4.300584e-14
1 	 134 	 1 	 4 	 -1.430255e-13 	 -5.321319e-14
1 	 135 	 1 	 4 	 -1.181518e-13 	 -6.153670e-14
1 	 136 	 1 	 4 	 -9.788561e-14 	 -6.423642e-14
1 	 137 	 1 	 4 	 -7.824506e-14 	 -6.641184e-14
1 	 138 	 1 	 4 	 -6.251019e-14 	 -6.529276e-14
1 	 139 	 1 	 4 	 -4.772316e-14 	 -6.366460e-14
1 	 140 	 1 	 4 	 -3.580629e-14 	 -6.033215e-14
1 	 141 	 1 	 4 	 -2.506510e-14 	 -5.644392e-14
1 	 142 	 1 	 4 	 -1.644298e-14 	 -5.149554e-14
1 	 143 	 1 	 4 	 -9.206395e-15 	 -4.664554e-14
1 	 144 	 1 	 4 	 -3.854310e-15 	 -4.189592e-14
1 	 145 	 1 	 4 	 5.485880e-16 	 -3.740473e-14
1 	 146 	 1 	 4 	 3.724278e-15 	 -3.321201e-14
1 	 147 	 1 	 4 	 6.297140e-15 	 -2.923460e-14
1 	 148 	 1 	 4 	 8.034056e-15 	 -2.552080e-14
1 	 149 	 1 	 4 	 9.423205e-15 	 -2.202077e-14
1 	 150 	 1 	 4 	 1.014760e-14 	 -1.889279e-14
1 	 151 	 1 	 4 	 1.071688e-14 	 -1.591293e-14
1 	 152 	 1 	 4 	 1.075592e-14 	 -1.340507e-14
1 	 153 	 1 	 4 	 1.076896e-14 	 -1.095055e-14
1 	 154 	 1 	 4 	 1.039893e-14 	 -9.050186e-15
1 	 155 	 1 	 4 	 1.004654e-14 	 -7.127552e-15
1 	 156 	 1 	 4 	 9.479909e-15 	 -5.699964e-15
1 	 157 	 1 	 4 	 8.904951e-15 	 -4.292910e-15
1 	 158 	 1 	 4 	 8.229898e-15 	 -3.178753e-15
1 	 159 	 1 	 4 	 7.507281e-15 	 -2.186721e-15
1 	 160 	 1 	 4 	 6.803760e-15 	 -1.355287e-15
1 	 161 	 1 	 4 	 6.126574e-15 	 -7.708422e-16
1 	 162 	 1 	 4 	 5.457499e-15 	 -1.956672e-16
1 	 163 	 1 	 4 	 4.906731e-15 	 1.151163e-16
1 	 164 	 1 	 4 	 4.353469e-15 	 4.340252e-16
1 	 165 	 1 	 4 	 3.869008e-15 	 6.312511e-16
1 	 166 	 1 	 4 	 3.412583e-15 	 7.781816e-16
1 	 167 	 1 	 4 	 2.982102e-15 	 8.980453e-16
1 	 168 	 1 	 4 	 2.625090e-15 	 9.353227e-16
1 	 169 	 1 	 4 	 2.265192e-15 	 9.761636e-16
1 	 170 	 1 	 4 	 1.980127e-15 	 9.646835e-16
1 	 171 	 1 	 4 	 1.712020e-15 	 9.410045e-16
1 	 172 	 1 	 4 	 1.463098e-15 	 9.101402e-16
1 	 173 	 1 	 4 	 1.273143e-15 	 8.550809e-16
1 	 174 	 1 	 4 	 1.080006e-15 	 8.006279e-16
1 	 175 	 1 	 4 	 9.297665e-16 	 7.389748e-16
1 	 176 	 1 	 4 	 7.983820e-16 	 6.735437e-16
1 	 177 	 1 	 4 	 6.677868e-16 	 6.079198e-16
1 	 178 	 1 	 4 	 5.818014e-16 	 5.406286e-16
1 	 179 	 1 	 4 	 4.939842e-16 	 4.732988e-16
1 	 180 	 1 	 4 	 4.212383e-16 	 4.110372e-16
1 	 181 	 1 	 4 	 3.764444e-16 	 3.572929e-16
1 	 182 	 1 	 4 	 3.303752e-16 	 3.031506e-16
1 	 183 	 1 	 4 	 2.993864e-16 	 2.584870e-16
1 	 184 	 1 	 4 	 2.772979e-16 	 2.191721e-16
1 	 185 	 1 	 4 	 2.542309e-16 	 1.790765e-16
1 	 186 	 1 	 4 	 2.423893e-16 	 1.492671e-16
1 	 187 	 1 	 4 	 2.325228e-16 	 1.210742e-16
1 	 188 	 1 	 4 	 2.220871e-16 	 9.221509e-17
1 	 189 	 1 	 4 	 2.189594e-16 	 7.425681e-17
1 	 190 	 1 	 4 	 2.157704e-16 	 5.609361e-17
1 	 191 	 1 	 4 	 2.123155e-16 	 3.787914e-17
1 	 192 	 1 	 4 	 2.103742e-16 	 2.800770e-17
1 	 193 	 1 	 4 	 2.081564e-16 	 1.757337e-17
1 	 194 	 1 	 4 	 2.058270e-16 	 7.117279e-18
1 	 195 	 1 	 4 	 2.054019e-16 	 3.135626e-18
1 	 196 	 1 	 4 	 2.048580e-16 	 -1.355407e-18
1 	 197 	 1 	 4 	 2.042391e-16 	 -6.114683e-18
1 	 198 	 1 	 4 	 2.043426e-16 	 -6.697523e-18
1 	 199 	 1 	 4 	 2.044590e-16 	 -7.498023e-18
1 	 200 	 1 	 4 	 2.046041e-16 	 -8.705936e-18
1 	 201 	 1 	 4 	 2.031762e-16 	 -7.423989e-18
1 	 202 	 1 	 4 	 2.016629e-16 	 -6.132185e-18
1 	 203 	 1 	 4 	 2.001541e-16 	 -5.040935e-18
1 	 204 	 1 	 4 	 1.965407e-16 	 -2.779922e-18
1 	 205 	 1 	 4 	 -1.183545e-16 	 -6.323869e-16
1 	 206 	 1 	 4 	 -1.206840e-16 	 -6.491244e-16
1 	 207 	 1 	 4 	 -1.228837e-16 	 -6.657717e-16
1 	 208 	 1 	 4 	 -1.249812e-16 	 -6.823453e-16
1 	 209 	 1 	 4 	 -1.292615e-16 	 -7.003840e-16
1 	 210 	 1 	 4 	 -1.335759e-16 	 -7.183419e-16
1 	 211 	 1 	 4 	 -1.382062e-16 	 -7.361339e-16
1 	 212 	 1 	 4 	 -1.448134e-16 	 -7.547315e-16
1 	 213 	 1 	 4 	 -1.515609e-16 	 -7.732480e-16
1 	 214 	 1 	 4 	 -1.580286e-16 	 -7.914603e-16
1 	 215 	 1 	 4 	 -1.656686e-16 	 -8.089412e-16
1 	 216 	 1 	 4 	 -1.732974e-16 	 -8.258184e-16
1 	 217 	 1 	 4 	 -1.804038e-16 	 -8.421156e-16
1 	 218 	 1 	 4 	 -1.873467e-16 	 -8.561445e-16
1 	 219 	 1 	 4 	 -1.938037e-16 	 -8.689591e-16
1 	 220 	 1 	 4 	 -1.996946e-16 	 -8.811219e-16
1 	 221 	 1 	 4 	 -2.037557e-16 	 -8.868485e-16
1 	 222 	 1 	 4 	 -2.067921e-16 	 -8.903032e-16
1 	 223 	 1 	 4 	 -2.091749e-16 	 -8.929856e-16
1 	 224 	 1 	 4 	 -2.112010e-16 	 -8.913106e-16
1 	 225 	 1 	 4 	 -2.126014e-16 	 -8.885191e-16
1 	 226 	 1 	 4 	 -2.138355e-16 	 -8.844153e-16
1 	 227 	 1 	 4 	 -2.107222e-16 	 -8.732133e-16
1 	 228 	 1 	 4 	 -2.067194e-16 	 -8.612470e-16
1 	 229 	 1 	 4 	 -1.981046e-16 	 -8.457133e-16
1 	 230 	 1 	 4 	 -1.789928e-16 	 -8.223074e-16
1 	 231 	 1 	 4 	 -1.586769e-16 	 -7.981154e-16
1 	 232 	 1 	 4 	 -1.242270e-16 	 -7.684496e-16
1 	 233 	 1 	 4 	 -7.829579e-17 	 -7.345554e-16
1 	 234 	 1 	 4 	 -3.111462e-17 	 -7.003118e-16
1 	 235 	 1 	 4 	 4.875555e-17 	 -6.630064e-16
1 	 236 	 1 	 4 	 1.338872e-16 	 -6.253075e-16
1 	 237 	 1 	 4 	 2.332140e-16 	 -5.888829e-16
1 	 238 	 1 	 4 	 3.662967e-16 	 -5.560506e-16
1 	 239 	 1 	 4 	 5.001600e-16 	 -5.240218e-16
1 	 240 	 1 	 4 	 6.842667e-16 	 -5.086334e-16
1 	 241 	 1 	 4 	 8.881024e-16 	 -5.002967e-16
1 	 242 	 1 	 4 	 1.109977e-15 	 -5.039912e-16
1 	 243 	 1 	 4 	 1.395886e-15 	 -5.488131e-16
1 	 244 	 1 	 4 	 1.685363e-15 	 -5.944280e-16
1 	 245 	 1 	 4 	 2.048373e-15 	 -7.131952e-16
1 	 246 	 1 	 4 	 2.437111e-15 	 -8.571146e-16
1 	 247 	 1 	 4 	 2.861220e-15 	 -1.057679e-15
1 	 248 	 1 	 4 	 3.346106e-15 	 -1.359970e-15
1 	 249 	 1 	 4 	 3.834411e-15 	 -1.667539e-15
1 	 250 	 1 	 4 	 4.394220e-15 	 -2.201060e-15
1 	 251 	 1 	 4 	 4.956273e-15 	 -2.742747e-15
1 	 252 	 1 	 4 	 5.537700e-15 	 -3.503448e-15
1 	 253 	 1 	 4 	 6.126965e-15 	 -4.368951e-15
1 	 254 	 1 	 4 	 6.690520e-15 	 -5.415093e-15
1 	 255 	 1 	 4 	 7.217486e-15 	 -6.699030e-15
1 	 256 	 1 	 4 	 7.700444e-15 	 -8.100836e-15
1 	 257 	 1 	 4 	 8.029183e-15 	 -9.894155e-15
1 	 258 	 1 	 4 	 8.330323e-15 	 -1.173182e-14
1 	 259 	 1 	 4 	 8.251145e-15 	 -1.405665e-14
1 	 260 	 1 	 4 	 8.150218e-15 	 -1.640677e-14
1 	 261 	 1 	 4 	 7.477291e-15 	 -1.922375e-14
1 	 262 	 1 	 4 	 6.700735e-15 	 -2.210469e-14
1 	 263 	 1 	 4 	 5.115639e-15 	 -2.561505e-14
1 	 264 	 1 	 4 	 3.327869e-15 	 -2.925955e-14
1 	 265 	 1 	 4 	 3.569522e-16 	 -3.326082e-14
1 	 266 	 1 	 4 	 -2.970540e-15 	 -3.735042e-14
1 	 267 	 1 	 4 	 -7.859740e-15 	 -4.156289e-14
1 	 268 	 1 	 4 	 -1.321193e-14 	 -4.579031e-14
1 	 269 	 1 	 4 	 -2.064679e-14 	 -4.974765e-14
1 	 270 	 1 	 4 	 -2.856956e-14 	 -5.361507e-14
1 	 271 	 1 	 4 	 -3.924535e-14 	 -5.651718e-14
1 	 272 	 1 	 4 	 -5.042495e-14 	 -5.915977e-14
1 	 273 	 1 	 4 	 -6.476308e-14 	 -5.985521e-14
1 	 274 	 1 	 4 	 -7.981670e-14 	 -5.973242e-14
1 	 275 	 1 	 4 	 -9.726319e-14 	 -5.690436e-14
1 	 276 	 1 	 4 	 -1.160719e-13 	 -5.215728e-14
1 	 277 	 1 	 4 	 -1.368311e-13 	 -4.464999e-14
1 	 278 	 1 	 4 	 -1.599692e-13 	 -3.284323e-14
1 	 279 	 1 	 4 	 -1.844619e-13 	 -1.846389e-14
1 	 280 	 1 	 4 	 -2.126212e-13 	 4.819629e-15
1 	 281 	 1 	 4 	 -2.414970e-13 	 3.230478e-14
1 	 282 	 1 	 4 	 -2.714370e-13 	 7.026635e-14
1 	 283 	 1 	 4 	 -3.001322e-13 	 1.177170e-13
1 	 284 	 1 	 4 	 -3.276773e-13 	 1.727139e-13
1 	 285 	 1 	 4 	 -3.494202e-13 	 2.458588e-13
1 	 286 	 1 	 4 	 -3.661766e-13 	 3.282097e-13
1 	 287 	 1 	 4 	 -3.745561e-13 	 4.248425e-13
1 	 288 	 1 	 4 	 -3.672184e-13 	 5.405042e-13
1 	 289 	 1 	 4 	 -3.471135e-13 	 6.672643e-13
1 	 290 	 1 	 4 	 -3.042170e-13 	 8.099200e-13
1 	 291 	 1 	 4 	 -2.288638e-13 	 9.669396e-13
1 	 292 	 1 	 4 	 -1.261791e-13 	 1.130091e-12
1 	 293 	 1 	 4 	 1.613180e-14 	 1.296807e-12
1 	 294 	 1 	 4 	 2.176441e-13 	 1.452528e-12
1 	 295 	 1 	 4 	 4.589821e-13 	 1.582671e-12
1 	 296 	 1 	 4 	 7.403896e-13 	 1.677974e-12
1 	 297 	 1 	 4 	 1.069092e-12 	 1.709270e-12
1 	 298 	 1 	 4 	 1.460616e-12 	 1.674088e-12
1 	 299 	 1 	 4 	 1.905924e-12 	 1.525737e-12
1 	 300 	 1 	 4 	 2.394167e-12 	 1.209312e-12
1 	 301 	 1 	 4 	 2.875320e-12 	 5.955372e-13
1 	 302 	 1 	 4 	 3.242021e-12 	 -4.084827e-13
1 	 303 	 1 	 4 	 3.402953e-12 	 -1.849812e-12
1 	 304 	 1 	 4 	 3.227245e-12 	 -3.824934e-12
1 	 305 	 1 	 4 	 2.541951e-12 	 -6.439387e-12
1 	 306 	 1 	 4 	 1.127795e-12 	 -9.800985e-12
1 	 307 	 1 	 4 	 9.145800e-13 	 -1.008159e-11
1 	 308 	 1 	 4 	 2.444984e-12 	 -6.734253e-12
1 	 309 	 1 	 4 	 3.239067e-12 	 -4.111116e-12
1 	 310 	 1 	 4 	 3.512051e-12 	 -2.100071e-12
1 	 311 	 1 	 4 	 3.435241e-12 	 -5.934416e-13
1 	 312 	 1 	 4 	 3.134966e-12 	 4.998025e-13
1 	 313 	 1 	 4 	 2.688526e-12 	 1.220621e-12
1 	 314 	 1 	 4 	 2.155939e-12 	 1.573039e-12
1 	 315 	 1 	 4 	 1.653225e-12 	 1.746053e-12
1 	 316 	 1 	 4 	 1.197254e-12 	 1.788798e-12
1 	 317 	 1 	 4 	 7.927775e-13 	 1.731883e-12
1 	 318 	 1 	 4 	 4.883691e-13 	 1.609631e-12
1 	 319 	 1 	 4 	 2.360720e-13 	 1.467786e-12
1 	 320 	 1 	 4 	 3.031843e-14 	 1.312326e-12
1 	 321 	 1 	 4 	 -1.179057e-13 	 1.149627e-12
1 	 322 	 1 	 4 	 -2.232740e-13 	 9.915620e-13
1 	 323 	 1 	 4 	 -3.022817e-13 	 8.391954e-13
1 	 324 	 1 	 4 	 -3.503673e-13 	 6.972326e-13
1 	 325 	 1 	 4 	 -3.725941e-13 	 5.721906e-13
1 	 326 	 1 	 4 	 -3.826535e-13 	 4.574620e-13
1 	 327 	 1 	 4 	 -3.774030e-13 	 3.586189e-13
1 	 328 	 1 	 4 	 -3.622387e-13 	 2.756547e-13
1 	 329 	 1 	 4 	 -3.427851e-13 	 2.009932e-13
1 	 330 	 1 	 4 	 -3.174751e-13 	 1.428725e-13
1 	 331 	 1 	 4 	 -2.906368e-13 	 9.312114e-14
1 	 332 	 1 	 4 	 -2.623872e-13 	 5.031165e-14
1 	 333 	 1 	 4 	 -2.339492e-13 	 1.954148e-14
1 	 334 	 1 	 4 	 -2.052438e-13 	 -7.950753e-15
1 	 335 	 1 	 4 	 -1.753792e-13 	 -2.668885e-14
1 	 336 	 1 	 4 	 -1.480771e-13 	 -4.103488e-14
1 	 337 	 1 	 4 	 -1.233877e-13 	 -5.077021e-14
1 	 338 	 1 	 4 	 -1.030664e-13 	 -5.620792e-14
1 	 339 	 1 	 4 	 -8.412667e-14 	 -6.032493e-14
1 	 340 	 1 	 4 	 -6.915859e-14 	 -6.068513e-14
1 	 341 	 1 	 4 	 -5.467693e-14 	 -6.071029e-14
1 	 342 	 1 	 4 	 -4.311476e-14 	 -5.854849e-14
1 	 343 	 1 	 4 	 -3.225827e-14 	 -5.607763e-14
1 	 344 	 1 	 4 	 -2.359208e-14 	 -5.255849e-14
1 	 345 	 1 	 4 	 -1.582854e-14 	 -4.884732e-14
1 	 346 	 1 	 4 	 -9.702215e-15 	 -4.475636e-14
1 	 347 	 1 	 4 	 -4.457350e-15 	 -4.067730e-14
1 	 348 	 1 	 4 	 -4.054581e-16 	 -3.658731e-14
1 	 349 	 1 	 4 	 2.949045e-15 	 -3.264184e-14
1 	 350 	 1 	 4 	 5.431488e-15 	 -2.885554e-14
1 	 351 	 1 	 4 	 7.428193e-15 	 -2.526291e-14
1 	 352 	 1 	 4 	 8.751018e-15 	 -2.192143e-14
1 	 353 	 1 	 4 	 9.762691e-15 	 -1.874166e-14
1 	 354 	 1 	 4 	 1.019538e-14 	 -1.584785e-14
1 	 355 	 1 	 4 	 1.047937e-14 	 -1.310041e-14
1 	 356 	 1 	 4 	 1.027210e-14 	 -1.081123e-14
1 	 357 	 1 	 4 	 1.005239e-14 	 -8.586693e-15
1 	 358 	 1 	 4 	 9.598142e-15 	 -7.011602e-15
1 	 359 	 1 	 4 	 9.159891e-15 	 -5.415364e-15
1 	 360 	 1 	 4 	 8.599587e-15 	 -4.281103e-15
1 	 361 	 1 	 4 	 8.036438e-15 	 -3.166668e-15
1 	 362 	 1 	 4 	 7.441306e-15 	 -2.305065e-15
1 	 363 	 1 	 4 	 6.831198e-15 	 -1.549880e-15
1 	 364 	 1 	 4 	 6.234074e-15 	 -9.053443e-16
1 	 365 	 1 	 4 	 5.652499e-15 	 -4.318099e-16
1 	 366 	 1 	 4 	 5.075255e-15 	 3.617609e-17
1 	 367 	 1 	 4 	 4.566363e-15 	 3.027943e-16
1 	 368 	 1 	 4 	 4.053921e-15 	 5.778805e-16
1 	 369 	 1 	 4 	 3.600632e-15 	 7.493618e-16
1 	 370 	 1 	 4 	 3.170931e-15 	 8.770486e-16
1 	 371 	 1 	 4 	 2.760756e-15 	 9.779482e-16
1 	 372 	 1 	 4 	 2.406785e-15 	 1.000132e-15
1 	 373 	 1 	 4 	 2.048390e-15 	 1.026338e-15
1 	 374 	 1 	 4 	 1.775496e-15 	 1.002225e-15
1 	 375 	 1 	 4 	 1.522083e-15 	 9.662667e-16
1 	 376 	 1 	 4 	 1.290330e-15 	 9.254626e-16
1 	 377 	 1 	 4 	 1.125282e-15 	 8.672271e-16
1 	 378 	 1 	 4 	 9.574724e-16 	 8.096750e-16
1 	 379 	 1 	 4 	 8.290626e-16 	 7.469790e-16
1 	 380 	 1 	 4 	 7.176728e-16 	 6.817538e-16
1 	 381 	 1 	 4 	 6.067328e-16 	 6.168155e-16
1 	 382 	 1 	 4 	 5.375465e-16 	 5.551871e-16
1 	 383 	 1 	 4 	 4.668345e-16 	 4.932299e-16
1 	 384 	 1 	 4 	 4.066821e-16 	 4.350001e-16
1 	 385 	 1 	 4 	 3.666399e-16 	 3.828775e-16
1 	 386 	 1 	 4 	 3.253592e-16 	 3.302447e-16
1 	 387 	 1 	 4 	 2.959006e-16 	 2.852284e-16
1 	 388 	 1 	 4 	 2.734041e-16 	 2.445501e-16
1 	 389 	 1 	 4 	 2.500680e-16 	 2.033110e-16
1 	 390 	 1 	 4 	 2.368486e-16 	 1.719152e-16
1 	 391 	 1 	 4 	 2.253859e-16 	 1.422086e-16
1 	 392 	 1 	 4 	 2.133734e-16 	 1.120194e-16
1 	 393 	 1 	 4 	 2.110622e-16 	 9.412929e-17
1 	 394 	 1 	 4 	 2.088672e-16 	 7.629751e-17
1 	 395 	 1 	 4 	 2.066063e-16 	 5.853929e-17
1 	 396 	 1 	 4 	 2.073133e-16 	 4.922139e-17
1 	 397 	 1 	 4 	 2.079117e-16 	 3.942476e-17
1 	 398 	 1 	 4 	 2.084203e-16 	 2.943234e-17
1 	 399 	 1 	 4 	 2.090126e-16 	 2.508854e-17
1 	 400 	 1 	 4 	 2.095590e-16 	 2.045421e-17
1 	 401 	 1 	 4 	 2.099617e-16 	 1.567326e-17
1 	 402 	 1 	 4 	 2.081542e-16 	 1.494364e-17
1 	 403 	 1 	 4 	 2.062694e-16 	 1.390029e-17
1 	 404 	 1 	 4 	 2.042805e-16 	 1.245294e-17
1 	 405 	 1 	 4 	 2.007077e-16 	 1.341732e-17
1 	 406 	 1 	 4 	 1.969760e-16 	 1.436975e-17
1 	 407 	 1 	 4 	 1.931957e-16 	 1.514801e-17
1 	 408 	 1 	 4 	 1.900371e-16 	 1.662549e-17
1 	 1 	 1 	 5 	 1.573059e-16 	 -3.217866e-16
1 	 2 	 1 	 5 	 1.631925e-16 	 -3.292265e-16
1 	 3 	 1 	 5 	 1.691149e-16 	 -3.366016e-16
1 	 4 	 1 	 5 	 1.750938e-16 	 -3.438679e-16
1 	 5 	 1 	 5 	 1.816176e-16 	 -3.524383e-16
1 	 6 	 1 	 5 	 1.882345e-16 	 -3.607852e-16
1 	 7 	 1 	 5 	 1.949136e-16 	 -3.689854e-16
1 	 8 	 1 	 5 	 2.020608e-16 	 -3.786404e-16
1 	 9 	 1 	 5 	 2.092776e-16 	 -3.885604e-16
1 	 10 	 1 	 5 	 2.164357e-16 	 -3.986279e-16
1 	 11 	 1 	 5 	 2.234265e-16 	 -4.098814e-16
1 	 12 	 1 	 5 	 2.303269e-16 	 -4.215479e-16
1 	 13 	 1 	 5 	 2.371983e-16 	 -4.332518e-16
1 	 14 	 1 	 5 	 2.438624e-16 	 -4.466925e-16
1 	 15 	 1 	 5 	 2.505568e-16 	 -4.603818e-16
1 	 16 	 1 	 5 	 2.573770e-16 	 -4.736540e-16
1 	 17 	 1 	 5 	 2.629630e-16 	 -4.879873e-16
1 	 18 	 1 	 5 	 2.682827e-16 	 -5.022987e-16
1 	 19 	 1 	 5 	 2.735489e-16 	 -5.162748e-16
1 	 20 	 1 	 5 	 2.763338e-16 	 -5.316626e-16
1 	 21 	 1 	 5 	 2.788617e-16 	 -5.467716e-16
1 	 22 	 1 	 5 	 2.811285e-16 	 -5.614083e-16
1 	 23 	 1 	 5 	 2.803749e-16 	 -5.745433e-16
1 	 24 	 1 	 5 	 2.795363e-16 	 -5.872937e-16
1 	 25 	 1 	 5 	 2.778319e-16 	 -5.985554e-16
1 	 26 	 1 	 5 	 2.741191e-16 	 -6.064655e-16
1 	 27 	 1 	 5 	 2.703680e-16 	 -6.139494e-16
1 	 28 	 1 	 5 	 2.657042e-16 	 -6.160222e-16
1 	 29 	 1 	 5 	 2.603967e-16 	 -6.135932e-16
1 	 30 	 1 	 5 	 2.551505e-16 	 -6.104444e-16
1 	 31 	 1 	 5 	 2.503005e-16 	 -5.952729e-16
1 	 32 	 1 	 5 	 2.456868e-16 	 -5.777437e-16
1 	 33 	 1 	 5 	 2.432875e-16 	 -5.544259e-16
1 	 34 	 1 	 5 	 2.463727e-16 	 -5.178732e-16
1 	 35 	 1 	 5 	 2.500154e-16 	 -4.795613e-16
1 	 36 	 1 	 5 	 2.681117e-16 	 -4.222800e-16
1 	 37 	 1 	 5 	 2.920439e-16 	 -3.568281e-16
1 	 38 	 1 	 5 	 3.254889e-16 	 -2.840905e-16
1 	 39 	 1 	 5 	 3.903689e-16 	 -1.902795e-16
1 	 40 	 1 	 5 	 4.569601e-16 	 -9.601304e-17
1 	 41 	 1 	 5 	 5.731705e-16 	 1.518128e-17
1 	 42 	 1 	 5 	 7.067216e-16 	 1.319861e-16
1 	 43 	 1 	 5 	 8.763195e-16 	 2.519997e-16
1 	 44 	 1 	 5 	 1.110064e-15 	 3.770790e-16
1 	 45 	 1 	 5 	 1.347181e-15 	 5.024343e-16
1 	 46 	 1 	 5 	 1.717689e-15 	 6.033837e-16
1 	 47 	 1 	 5 	 2.093521e-15 	 7.038836e-16
1 	 48 	 1 	 5 	 2.585160e-15 	 7.497289e-16
1 	 49 	 1 	 5 	 3.133636e-15 	 7.691154e-16
1 	 50 	 1 	 5 	 3.748129e-15 	 7.213491e-16
1 	 51 	 1 	 5 	 4.446990e-15 	 5.825317e-16
1 	 52 	 1 	 5 	 5.196615e-15 	 3.835417e-16
1 	 53 	 1 	 5 	 6.107915e-15 	 -1.792747e-17
1 	 54 	 1 	 5 	 7.036008e-15 	 -4.628242e-16
1 	 55 	 1 	 5 	 8.190963e-15 	 -1.361239e-15
1 	 56 	 1 	 5 	 9.349716e-15 	 -2.284410e-15
1 	 57 	 1 	 5 	 1.054146e-14 	 -3.835052e-15
1 	 58 	 1 	 5 	 1.172880e-14 	 -5.468691e-15
1 	 59 	 1 	 5 	 1.277577e-14 	 -7.856486e-15
1 	 60 	 1 	 5 	 1.377846e-14 	 -1.041901e-14
1 	 61 	 1 	 5 	 1.435997e-14 	 -1.386821e-14
1 	 62 	 1 	 5 	 1.480658e-14 	 -1.756813e-14
1 	 63 	 1 	 5 	 1.441384e-14 	 -2.229784e-14
1 	 64 	 1 	 5 	 1.376856e-14 	 -2.731048e-14
1 	 65 	 1 	 5 	 1.161837e-14 	 -3.340359e-14
1 	 66 	 1 	 5 	 9.119944e-15 	 -3.972290e-14
1 	 67 	 1 	 5 	 4.204950e-15 	 -4.681141e-14
1 	 68 	 1 	 5 	 -1.201302e-15 	 -5.402220e-14
1 	 69 	 1 	 5 	 -1.028388e-14 	 -6.222173e-14
1 	 70 	 1 	 5 	 -2.066328e-14 	 -7.026737e-14
1 	 71 	 1 	 5 	 -3.510527e-14 	 -7.774954e-14
1 	 72 	 1 	 5 	 -5.271294e-14 	 -8.454593e-14
1 	 73 	 1 	 5 	 -7.478185e-14 	 -9.033754e-14
1 	 74 	 1 	 5 	 -1.023974e-13 	 -9.285240e-14
1 	 75 	 1 	 5 	 -1.332028e-13 	 -9.335490e-14
1 	 76 	 1 	 5 	 -1.728495e-13 	 -8.586347e-14
1 	 77 	 1 	 5 	 -2.158840e-13 	 -7.415145e-14
1 	 78 	 1 	 5 	 -2.670986e-13 	 -5.142579e-14
1 	 79 	 1 	 5 	 -3.240381e-13 	 -1.644212e-14
1 	 80 	 1 	 5 	 -3.853905e-13 	 2.846069e-14
1 	 81 	 1 	 5 	 -4.542588e-13 	 1.019392e-13
1 	 82 	 1 	 5 	 -5.232884e-13 	 1.916969e-13
1 	 83 	 1 	 5 	 -5.913218e-13 	 3.072915e-13
1 	 84 	 1 	 5 	 -6.523600e-13 	 4.614556e-13
1 	 85 	 1 	 5 	 -7.041326e-13 	 6.404068e-13
1 	 86 	 1 	 5 	 -7.349279e-13 	 8.574622e-13
1 	 87 	 1 	 5 	 -7.462527e-13 	 1.160300e-12
1 	 88 	 1 	 5 	 -7.244828e-13 	 1.517533e-12
1 	 89 	 1 	 5 	 -6.403881e-13 	 1.936098e-12
1 	 90 	 1 	 5 	 -4.512688e-13 	 2.461728e-12
1 	 91 	 1 	 5 	 -1.618467e-13 	 3.059618e-12
1 	 92 	 1 	 5 	 2.469741e-13 	 3.733104e-12
1 	 93 	 1 	 5 	 8.705746e-13 	 4.530966e-12
1 	 94 	 1 	 5 	 1.710904e-12 	 5.443893e-12
1 	 95 	 1 	 5 	 2.780533e-12 	 6.500042e-12
1 	 96 	 1 	 5 	 4.116639e-12 	 7.756042e-12
1 	 97 	 1 	 5 	 5.831651e-12 	 9.432657e-12
1 	 98 	 1 	 5 	 8.098380e-12 	 1.202670e-11
1 	 99 	 1 	 5 	 1.123964e-11 	 1.625080e-11
1 	 100 	 1 	 5 	 1.605167e-11 	 2.343302e-11
1 	 101 	 1 	 5 	 2.426065e-11 	 3.585999e-11
1 	 102 	 1 	 5 	 3.948771e-11 	 5.745439e-11
1 	 103 	 1 	 5 	 4.322995e-11 	 5.514075e-11
1 	 104 	 1 	 5 	 2.667922e-11 	 3.460809e-11
1 	 105 	 1 	 5 	 1.769526e-11 	 2.281903e-11
1 	 106 	 1 	 5 	 1.231397e-11 	 1.598806e-11
1 	 107 	 1 	 5 	 8.760666e-12 	 1.194722e-11
1 	 108 	 1 	 5 	 6.273858e-12 	 9.461838e-12
1 	 109 	 1 	 5 	 4.494332e-12 	 7.862833e-12
1 	 110 	 1 	 5 	 3.124754e-12 	 6.668276e-12
1 	 111 	 1 	 5 	 2.008432e-12 	 5.654018e-12
1 	 112 	 1 	 5 	 1.113405e-12 	 4.764220e-12
1 	 113 	 1 	 5 	 4.265562e-13 	 3.966848e-12
1 	 114 	 1 	 5 	 -2.126324e-14 	 3.285410e-12
1 	 115 	 1 	 5 	 -3.492515e-13 	 2.675908e-12
1 	 116 	 1 	 5 	 -5.766121e-13 	 2.134172e-12
1 	 117 	 1 	 5 	 -6.940083e-13 	 1.684520e-12
1 	 118 	 1 	 5 	 -7.480444e-13 	 1.313863e-12
1 	 119 	 1 	 5 	 -7.628312e-13 	 9.892300e-13
1 	 120 	 1 	 5 	 -7.301462e-13 	 7.139939e-13
1 	 121 	 1 	 5 	 -6.723834e-13 	 5.060698e-13
1 	 122 	 1 	 5 	 -6.063825e-13 	 3.318498e-13
1 	 123 	 1 	 5 	 -5.334529e-13 	 2.037737e-13
1 	 124 	 1 	 5 	 -4.632591e-13 	 1.112772e-13
1 	 125 	 1 	 5 	 -3.952838e-13 	 3.590682e-14
1 	 126 	 1 	 5 	 -3.339396e-13 	 -1.117487e-14
1 	 127 	 1 	 5 	 -2.780348e-13 	 -4.643772e-14
1 	 128 	 1 	 5 	 -2.265515e-13 	 -7.168243e-14
1 	 129 	 1 	 5 	 -1.842185e-13 	 -8.344877e-14
1 	 130 	 1 	 5 	 -1.447326e-13 	 -9.199696e-14
1 	 131 	 1 	 5 	 -1.128113e-13 	 -9.284802e-14
1 	 132 	 1 	 5 	 -8.507175e-14 	 -9.115158e-14
1 	 133 	 1 	 5 	 -6.156788e-14 	 -8.677169e-14
1 	 134 	 1 	 5 	 -4.339247e-14 	 -8.040319e-14
1 	 135 	 1 	 5 	 -2.681493e-14 	 -7.342145e-14
1 	 136 	 1 	 5 	 -1.574867e-14 	 -6.554682e-14
1 	 137 	 1 	 5 	 -5.293526e-15 	 -5.769978e-14
1 	 138 	 1 	 5 	 1.355453e-15 	 -5.004849e-14
1 	 139 	 1 	 5 	 7.261243e-15 	 -4.262518e-14
1 	 140 	 1 	 5 	 1.082394e-14 	 -3.580630e-14
1 	 141 	 1 	 5 	 1.355556e-14 	 -2.935665e-14
1 	 142 	 1 	 5 	 1.475401e-14 	 -2.354325e-14
1 	 143 	 1 	 5 	 1.538210e-14 	 -1.844849e-14
1 	 144 	 1 	 5 	 1.521153e-14 	 -1.431617e-14
1 	 145 	 1 	 5 	 1.477110e-14 	 -1.075623e-14
1 	 146 	 1 	 5 	 1.396229e-14 	 -7.923995e-15
1 	 147 	 1 	 5 	 1.303538e-14 	 -5.478732e-15
1 	 148 	 1 	 5 	 1.192517e-14 	 -3.558829e-15
1 	 149 	 1 	 5 	 1.080197e-14 	 -1.888213e-15
1 	 150 	 1 	 5 	 9.634165e-15 	 -6.833146e-16
1 	 151 	 1 	 5 	 8.490935e-15 	 3.970363e-16
1 	 152 	 1 	 5 	 7.413502e-15 	 1.061949e-15
1 	 153 	 1 	 5 	 6.354256e-15 	 1.698915e-15
1 	 154 	 1 	 5 	 5.454219e-15 	 1.985369e-15
1 	 155 	 1 	 5 	 4.547549e-15 	 2.286503e-15
1 	 156 	 1 	 5 	 3.824693e-15 	 2.352231e-15
1 	 157 	 1 	 5 	 3.109048e-15 	 2.407790e-15
1 	 158 	 1 	 5 	 2.514513e-15 	 2.350148e-15
1 	 159 	 1 	 5 	 1.969409e-15 	 2.242279e-15
1 	 160 	 1 	 5 	 1.502251e-15 	 2.108931e-15
1 	 161 	 1 	 5 	 1.154540e-15 	 1.934748e-15
1 	 162 	 1 	 5 	 8.121842e-16 	 1.762233e-15
1 	 163 	 1 	 5 	 6.106412e-16 	 1.590959e-15
1 	 164 	 1 	 5 	 4.048607e-16 	 1.419681e-15
1 	 165 	 1 	 5 	 2.647136e-16 	 1.260148e-15
1 	 166 	 1 	 5 	 1.516629e-16 	 1.105143e-15
1 	 167 	 1 	 5 	 5.387148e-17 	 9.577834e-16
1 	 168 	 1 	 5 	 2.273133e-18 	 8.314843e-16
1 	 169 	 1 	 5 	 -5.127719e-17 	 7.042184e-16
1 	 170 	 1 	 5 	 -7.397391e-17 	 6.028392e-16
1 	 171 	 1 	 5 	 -8.948774e-17 	 5.071751e-16
1 	 172 	 1 	 5 	 -1.002206e-16 	 4.185987e-16
1 	 173 	 1 	 5 	 -9.521695e-17 	 3.519612e-16
1 	 174 	 1 	 5 	 -9.072107e-17 	 2.839343e-16
1 	 175 	 1 	 5 	 -8.005161e-17 	 2.325723e-16
1 	 176 	 1 	 5 	 -6.642839e-17 	 1.884000e-16
1 	 177 	 1 	 5 	 -5.278409e-17 	 1.443695e-16
1 	 178 	 1 	 5 	 -3.669624e-17 	 1.182242e-16
1 	 179 	 1 	 5 	 -2.068256e-17 	 9.135916e-17
1 	 180 	 1 	 5 	 -5.679662e-18 	 6.988161e-17
1 	 181 	 1 	 5 	 7.795116e-18 	 5.843222e-17
1 	 182 	 1 	 5 	 2.141274e-17 	 4.644353e-17
1 	 183 	 1 	 5 	 3.226040e-17 	 3.968436e-17
1 	 184 	 1 	 5 	 4.158103e-17 	 3.598701e-17
1 	 185 	 1 	 5 	 5.119269e-17 	 3.185091e-17
1 	 186 	 1 	 5 	 5.735621e-17 	 3.142897e-17
1 	 187 	 1 	 5 	 6.299416e-17 	 3.161498e-17
1 	 188 	 1 	 5 	 6.887894e-17 	 3.155902e-17
1 	 189 	 1 	 5 	 7.116488e-17 	 3.352513e-17
1 	 190 	 1 	 5 	 7.353613e-17 	 3.540236e-17
1 	 191 	 1 	 5 	 7.592760e-17 	 3.716331e-17
1 	 192 	 1 	 5 	 7.508661e-17 	 3.922953e-17
1 	 193 	 1 	 5 	 7.441884e-17 	 4.119530e-17
1 	 194 	 1 	 5 	 7.379851e-17 	 4.305055e-17
1 	 195 	 1 	 5 	 7.167230e-17 	 4.483361e-17
1 	 196 	 1 	 5 	 6.970094e-17 	 4.653674e-17
1 	 197 	 1 	 5 	 6.784488e-17 	 4.815814e-17
1 	 198 	 1 	 5 	 6.554262e-17 	 4.937733e-17
1 	 199 	 1 	 5 	 6.330802e-17 	 5.059040e-17
1 	 200 	 1 	 5 	 6.120520e-17 	 5.172318e-17
1 	 201 	 1 	 5 	 5.859712e-17 	 5.211390e-17
1 	 202 	 1 	 5 	 5.599378e-17 	 5.245473e-17
1 	 203 	 1 	 5 	 5.344351e-17 	 5.277918e-17
1 	 204 	 1 	 5 	 5.054362e-17 	 5.234416e-17
1 	 205 	 1 	 5 	 1.628182e-16 	 -2.805947e-16
1 	 206 	 1 	 5 	 1.684742e-16 	 -2.867012e-16
1 	 207 	 1 	 5 	 1.741716e-16 	 -2.927212e-16
1 	 208 	 1 	 5 	 1.799067e-16 	 -2.986720e-16
1 	 209 	 1 	 5 	 1.860621e-16 	 -3.060483e-16
1 	 210 	 1 	 5 	 1.921869e-16 	 -3.134149e-16
1 	 211 	 1 	 5 	 1.981023e-16 	 -3.208622e-16
1 	 212 	 1 	 5 	 2.043977e-16 	 -3.297241e-16
1 	 213 	 1 	 5 	 2.107861e-16 	 -3.386857e-16
1 	 214 	 1 	 5 	 2.172195e-16 	 -3.474473e-16
1 	 215 	 1 	 5 	 2.238166e-16 	 -3.571407e-16
1 	 216 	 1 	 5 	 2.305068e-16 	 -3.668642e-16
1 	 217 	 1 	 5 	 2.372669e-16 	 -3.762281e-16
1 	 218 	 1 	 5 	 2.440302e-16 	 -3.859754e-16
1 	 219 	 1 	 5 	 2.508366e-16 	 -3.955793e-16
1 	 220 	 1 	 5 	 2.576963e-16 	 -4.048312e-16
1 	 221 	 1 	 5 	 2.633014e-16 	 -4.128858e-16
1 	 222 	 1 	 5 	 2.685929e-16 	 -4.202903e-16
1 	 223 	 1 	 5 	 2.738842e-16 	 -4.272949e-16
1 	 224 	 1 	 5 	 2.774855e-16 	 -4.361330e-16
1 	 225 	 1 	 5 	 2.808597e-16 	 -4.448655e-16
1 	 226 	 1 	 5 	 2.835031e-16 	 -4.536524e-16
1 	 227 	 1 	 5 	 2.829055e-16 	 -4.633753e-16
1 	 228 	 1 	 5 	 2.821866e-16 	 -4.726909e-16
1 	 229 	 1 	 5 	 2.803136e-16 	 -4.806679e-16
1 	 230 	 1 	 5 	 2.757220e-16 	 -4.857686e-16
1 	 231 	 1 	 5 	 2.710083e-16 	 -4.903132e-16
1 	 232 	 1 	 5 	 2.647776e-16 	 -4.902296e-16
1 	 233 	 1 	 5 	 2.574066e-16 	 -4.863485e-16
1 	 234 	 1 	 5 	 2.500095e-16 	 -4.819409e-16
1 	 235 	 1 	 5 	 2.432363e-16 	 -4.659446e-16
1 	 236 	 1 	 5 	 2.366697e-16 	 -4.479838e-16
1 	 237 	 1 	 5 	 2.316485e-16 	 -4.245518e-16
1 	 238 	 1 	 5 	 2.304746e-16 	 -3.881776e-16
1 	 239 	 1 	 5 	 2.296018e-16 	 -3.515315e-16
1 	 240 	 1 	 5 	 2.394670e-16 	 -2.991354e-16
1 	 241 	 1 	 5 	 2.537437e-16 	 -2.405804e-16
1 	 242 	 1 	 5 	 2.746560e-16 	 -1.761076e-16
1 	 243 	 1 	 5 	 3.189801e-16 	 -9.044218e-17
1 	 244 	 1 	 5 	 3.643293e-16 	 -3.232612e-18
1 	 245 	 1 	 5 	 4.504441e-16 	 1.043184e-16
1 	 246 	 1 	 5 	 5.508568e-16 	 2.191695e-16
1 	 247 	 1 	 5 	 6.817669e-16 	 3.401426e-16
1 	 248 	 1 	 5 	 8.669748e-16 	 4.707471e-16
1 	 249 	 1 	 5 	 1.055331e-15 	 6.021106e-16
1 	 250 	 1 	 5 	 1.358791e-15 	 7.226625e-16
1 	 251 	 1 	 5 	 1.666638e-15 	 8.427815e-16
1 	 252 	 1 	 5 	 2.079440e-15 	 9.243213e-16
1 	 253 	 1 	 5 	 2.542370e-15 	 9.867234e-16
1 	 254 	 1 	 5 	 3.084178e-15 	 9.933221e-16
1 	 255 	 1 	 5 	 3.729169e-15 	 9.248121e-16
1 	 256 	 1 	 5 	 4.419176e-15 	 8.038374e-16
1 	 257 	 1 	 5 	 5.255948e-15 	 5.032571e-16
1 	 258 	 1 	 5 	 6.106835e-15 	 1.768120e-16
1 	 259 	 1 	 5 	 7.089363e-15 	 -4.801320e-16
1 	 260 	 1 	 5 	 8.078212e-15 	 -1.155008e-15
1 	 261 	 1 	 5 	 9.119780e-15 	 -2.268785e-15
1 	 262 	 1 	 5 	 1.016014e-14 	 -3.455488e-15
1 	 263 	 1 	 5 	 1.121007e-14 	 -5.264904e-15
1 	 264 	 1 	 5 	 1.225085e-14 	 -7.222918e-15
1 	 265 	 1 	 5 	 1.302146e-14 	 -9.919053e-15
1 	 266 	 1 	 5 	 1.370009e-14 	 -1.283085e-14
1 	 267 	 1 	 5 	 1.379375e-14 	 -1.659431e-14
1 	 268 	 1 	 5 	 1.370204e-14 	 -2.060159e-14
1 	 269 	 1 	 5 	 1.254001e-14 	 -2.556027e-14
1 	 270 	 1 	 5 	 1.111255e-14 	 -3.072980e-14
1 	 271 	 1 	 5 	 7.869396e-15 	 -3.686065e-14
1 	 272 	 1 	 5 	 4.244213e-15 	 -4.312567e-14
1 	 273 	 1 	 5 	 -1.998769e-15 	 -5.004580e-14
1 	 274 	 1 	 5 	 -9.061696e-15 	 -5.691906e-14
1 	 275 	 1 	 5 	 -1.885026e-14 	 -6.364223e-14
1 	 276 	 1 	 5 	 -3.043259e-14 	 -6.999296e-14
1 	 277 	 1 	 5 	 -4.458897e-14 	 -7.579558e-14
1 	 278 	 1 	 5 	 -6.239554e-14 	 -8.022917e-14
1 	 279 	 1 	 5 	 -8.234328e-14 	 -8.380082e-14
1 	 280 	 1 	 5 	 -1.090560e-13 	 -8.358101e-14
1 	 281 	 1 	 5 	 -1.383763e-13 	 -8.099515e-14
1 	 282 	 1 	 5 	 -1.737864e-13 	 -7.209641e-14
1 	 283 	 1 	 5 	 -2.133043e-13 	 -5.606952e-14
1 	 284 	 1 	 5 	 -2.559725e-13 	 -3.426923e-14
1 	 285 	 1 	 5 	 -3.039228e-13 	 3.532613e-15
1 	 286 	 1 	 5 	 -3.529963e-13 	 5.075127e-14
1 	 287 	 1 	 5 	 -4.033162e-13 	 1.129828e-13
1 	 288 	 1 	 5 	 -4.514546e-13 	 1.981037e-13
1 	 289 	 1 	 5 	 -4.954700e-13 	 2.987131e-13
1 	 290 	 1 	 5 	 -5.300478e-13 	 4.241554e-13
1 	 291 	 1 	 5 	 -5.461704e-13 	 5.789524e-13
1 	 292 	 1 	 5 	 -5.435004e-13 	 7.540261e-13
1 	 293 	 1 	 5 	 -5.107043e-13 	 9.544985e-13
1 	 294 	 1 	 5 	 -4.234225e-13 	 1.180703e-12
1 	 295 	 1 	 5 	 -2.894825e-13 	 1.411066e-12
1 	 296 	 1 	 5 	 -1.032402e-13 	 1.638815e-12
1 	 297 	 1 	 5 	 1.609826e-13 	 1.845354e-12
1 	 298 	 1 	 5 	 5.170732e-13 	 2.030524e-12
1 	 299 	 1 	 5 	 9.765150e-13 	 2.151903e-12
1 	 300 	 1 	 5 	 1.553791e-12 	 2.159661e-12
1 	 301 	 1 	 5 	 2.264309e-12 	 1.924561e-12
1 	 302 	 1 	 5 	 3.045097e-12 	 1.316660e-12
1 	 303 	 1 	 5 	 3.819683e-12 	 2.554468e-13
1 	 304 	 1 	 5 	 4.491122e-12 	 -1.393162e-12
1 	 305 	 1 	 5 	 4.918164e-12 	 -3.782841e-12
1 	 306 	 1 	 5 	 4.905396e-12 	 -7.078721e-12
1 	 307 	 1 	 5 	 4.863268e-12 	 -7.437514e-12
1 	 308 	 1 	 5 	 4.998469e-12 	 -4.106832e-12
1 	 309 	 1 	 5 	 4.671670e-12 	 -1.660220e-12
1 	 310 	 1 	 5 	 4.073477e-12 	 6.504682e-14
1 	 311 	 1 	 5 	 3.344141e-12 	 1.222765e-12
1 	 312 	 1 	 5 	 2.579322e-12 	 1.938596e-12
1 	 313 	 1 	 5 	 1.844557e-12 	 2.279154e-12
1 	 314 	 1 	 5 	 1.199803e-12 	 2.282509e-12
1 	 315 	 1 	 5 	 6.703384e-13 	 2.157402e-12
1 	 316 	 1 	 5 	 2.498161e-13 	 1.951998e-12
1 	 317 	 1 	 5 	 -7.116946e-14 	 1.693979e-12
1 	 318 	 1 	 5 	 -2.685601e-13 	 1.437615e-12
1 	 319 	 1 	 5 	 -4.092589e-13 	 1.194866e-12
1 	 320 	 1 	 5 	 -5.017393e-13 	 9.675462e-13
1 	 321 	 1 	 5 	 -5.412515e-13 	 7.673939e-13
1 	 322 	 1 	 5 	 -5.480699e-13 	 5.953177e-13
1 	 323 	 1 	 5 	 -5.366361e-13 	 4.426472e-13
1 	 324 	 1 	 5 	 -5.060952e-13 	 3.155321e-13
1 	 325 	 1 	 5 	 -4.643470e-13 	 2.157548e-13
1 	 326 	 1 	 5 	 -4.186831e-13 	 1.304840e-13
1 	 327 	 1 	 5 	 -3.697390e-13 	 6.548950e-14
1 	 328 	 1 	 5 	 -3.217852e-13 	 1.742012e-14
1 	 329 	 1 	 5 	 -2.749964e-13 	 -2.235762e-14
1 	 330 	 1 	 5 	 -2.324777e-13 	 -4.724136e-14
1 	 331 	 1 	 5 	 -1.932404e-13 	 -6.557661e-14
1 	 332 	 1 	 5 	 -1.566152e-13 	 -7.838262e-14
1 	 333 	 1 	 5 	 -1.260605e-13 	 -8.311357e-14
1 	 334 	 1 	 5 	 -9.711252e-14 	 -8.568564e-14
1 	 335 	 1 	 5 	 -7.230912e-14 	 -8.243805e-14
1 	 336 	 1 	 5 	 -5.123230e-14 	 -7.779166e-14
1 	 337 	 1 	 5 	 -3.402213e-14 	 -7.161744e-14
1 	 338 	 1 	 5 	 -2.143263e-14 	 -6.503585e-14
1 	 339 	 1 	 5 	 -1.028435e-14 	 -5.833262e-14
1 	 340 	 1 	 5 	 -3.235911e-15 	 -5.160381e-14
1 	 341 	 1 	 5 	 3.387270e-15 	 -4.495308e-14
1 	 342 	 1 	 5 	 7.372848e-15 	 -3.871624e-14
1 	 343 	 1 	 5 	 1.086016e-14 	 -3.270210e-14
1 	 344 	 1 	 5 	 1.274762e-14 	 -2.732933e-14
1 	 345 	 1 	 5 	 1.413052e-14 	 -2.233794e-14
1 	 346 	 1 	 5 	 1.457848e-14 	 -1.802217e-14
1 	 347 	 1 	 5 	 1.466127e-14 	 -1.416194e-14
1 	 348 	 1 	 5 	 1.423294e-14 	 -1.090767e-14
1 	 349 	 1 	 5 	 1.360369e-14 	 -8.065334e-15
1 	 350 	 1 	 5 	 1.271012e-14 	 -5.730870e-15
1 	 351 	 1 	 5 	 1.173797e-14 	 -3.713847e-15
1 	 352 	 1 	 5 	 1.064656e-14 	 -2.131948e-15
1 	 353 	 1 	 5 	 9.537905e-15 	 -7.617728e-16
1 	 354 	 1 	 5 	 8.388598e-15 	 2.184828e-16
1 	 355 	 1 	 5 	 7.268356e-15 	 1.080938e-15
1 	 356 	 1 	 5 	 6.230821e-15 	 1.560154e-15
1 	 357 	 1 	 5 	 5.219595e-15 	 2.015652e-15
1 	 358 	 1 	 5 	 4.444938e-15 	 2.172720e-15
1 	 359 	 1 	 5 	 3.663538e-15 	 2.343109e-15
1 	 360 	 1 	 5 	 3.072139e-15 	 2.336969e-15
1 	 361 	 1 	 5 	 2.488924e-15 	 2.323878e-15
1 	 362 	 1 	 5 	 2.019737e-15 	 2.239442e-15
1 	 363 	 1 	 5 	 1.598150e-15 	 2.123908e-15
1 	 364 	 1 	 5 	 1.230917e-15 	 1.992543e-15
1 	 365 	 1 	 5 	 9.470903e-16 	 1.834345e-15
1 	 366 	 1 	 5 	 6.663608e-16 	 1.677040e-15
1 	 367 	 1 	 5 	 4.903117e-16 	 1.515150e-15
1 	 368 	 1 	 5 	 3.097607e-16 	 1.352809e-15
1 	 369 	 1 	 5 	 1.850930e-16 	 1.201286e-15
1 	 370 	 1 	 5 	 8.383770e-17 	 1.053514e-15
1 	 371 	 1 	 5 	 -3.355689e-18 	 9.112822e-16
1 	 372 	 1 	 5 	 -4.880704e-17 	 7.851155e-16
1 	 373 	 1 	 5 	 -9.658863e-17 	 6.574562e-16
1 	 374 	 1 	 5 	 -1.133030e-16 	 5.594363e-16
1 	 375 	 1 	 5 	 -1.227242e-16 	 4.679944e-16
1 	 376 	 1 	 5 	 -1.280099e-16 	 3.845059e-16
1 	 377 	 1 	 5 	 -1.193881e-16 	 3.256861e-16
1 	 378 	 1 	 5 	 -1.112436e-16 	 2.656548e-16
1 	 379 	 1 	 5 	 -9.829095e-17 	 2.209914e-16
1 	 380 	 1 	 5 	 -8.310318e-17 	 1.829212e-16
1 	 381 	 1 	 5 	 -6.800233e-17 	 1.449385e-16
1 	 382 	 1 	 5 	 -5.201478e-17 	 1.232280e-16
1 	 383 	 1 	 5 	 -3.594693e-17 	 1.008545e-16
1 	 384 	 1 	 5 	 -2.084677e-17 	 8.244818e-17
1 	 385 	 1 	 5 	 -7.289811e-18 	 7.152589e-17
1 	 386 	 1 	 5 	 6.444445e-18 	 6.006891e-17
1 	 387 	 1 	 5 	 1.756505e-17 	 5.301238e-17
1 	 388 	 1 	 5 	 2.720826e-17 	 4.854970e-17
1 	 389 	 1 	 5 	 3.705931e-17 	 4.374202e-17
1 	 390 	 1 	 5 	 4.322008e-17 	 4.248101e-17
1 	 391 	 1 	 5 	 4.872800e-17 	 4.183967e-17
1 	 392 	 1 	 5 	 5.439713e-17 	 4.101130e-17
1 	 393 	 1 	 5 	 5.677031e-17 	 4.271856e-17
1 	 394 	 1 	 5 	 5.916970e-17 	 4.444418e-17
1 	 395 	 1 	 5 	 6.158957e-17 	 4.611591e-17
1 	 396 	 1 	 5 	 6.165843e-17 	 4.823510e-17
1 	 397 	 1 	 5 	 6.189390e-17 	 5.027742e-17
1 	 398 	 1 	 5 	 6.221969e-17 	 5.213311e-17
1 	 399 	 1 	 5 	 6.087272e-17 	 5.366440e-17
1 	 400 	 1 	 5 	 5.962190e-17 	 5.518554e-17
1 	 401 	 1 	 5 	 5.841743e-17 	 5.664935e-17
1 	 402 	 1 	 5 	 5.581996e-17 	 5.713101e-17
1 	 403 	 1 	 5 	 5.329939e-17 	 5.756683e-17
1 	 404 	 1 	 5 	 5.088445e-17 	 5.792385e-17
1 	 405 	 1 	 5 	 4.799449e-17 	 5.748576e-17
1 	 406 	 1 	 5 	 4.510109e-17 	 5.695894e-17
1 	 407 	 1 	 5 	 4.223762e-17 	 5.639581e-17
1 	 408 	 1 	 5 	 3.988642e-17 	 5.577720e-17
1 	 1 	 1 	 6 	 1.716454e-16 	 -9.403322e-17
1 	 2 	 1 	 6 	 1.763444e-16 	 -9.524435e-17
1 	 3 	 1 	 6 	 1.810374e-16 	 -9.640560e-17
1 	 4 	 1 	 6 	 1.857199e-16 	 -9.748699e-17
1 	 5 	 1 	 6 	 1.910427e-16 	 -9.873057e-17
1 	 6 	 1 	 6 	 1.963381e-16 	 -9.982147e-17
1 	 7 	 1 	 6 	 2.016169e-16 	 -1.008084e-16
1 	 8 	 1 	 6 	 2.076437e-16 	 -1.019848e-16
1 	 9 	 1 	 6 	 2.138048e-16 	 -1.031976e-16
1 	 10 	 1 	 6 	 2.199917e-16 	 -1.044961e-16
1 	 11 	 1 	 6 	 2.267285e-16 	 -1.060865e-16
1 	 12 	 1 	 6 	 2.336348e-16 	 -1.078065e-16
1 	 13 	 1 	 6 	 2.405480e-16 	 -1.095495e-16
1 	 14 	 1 	 6 	 2.483791e-16 	 -1.118563e-16
1 	 15 	 1 	 6 	 2.564677e-16 	 -1.141477e-16
1 	 16 	 1 	 6 	 2.645051e-16 	 -1.161751e-16
1 	 17 	 1 	 6 	 2.731337e-16 	 -1.189921e-16
1 	 18 	 1 	 6 	 2.818697e-16 	 -1.218478e-16
1 	 19 	 1 	 6 	 2.905131e-16 	 -1.245632e-16
1 	 20 	 1 	 6 	 2.997362e-16 	 -1.291133e-16
1 	 21 	 1 	 6 	 3.089424e-16 	 -1.336716e-16
1 	 22 	 1 	 6 	 3.180340e-16 	 -1.381975e-16
1 	 23 	 1 	 6 	 3.267544e-16 	 -1.441703e-16
1 	 24 	 1 	 6 	 3.353624e-16 	 -1.500557e-16
1 	 25 	 1 	 6 	 3.435111e-16 	 -1.562321e-16
1 	 26 	 1 	 6 	 3.506259e-16 	 -1.631920e-16
1 	 27 	 1 	 6 	 3.576115e-16 	 -1.700613e-16
1 	 28 	 1 	 6 	 3.627652e-16 	 -1.767201e-16
1 	 29 	 1 	 6 	 3.664062e-16 	 -1.831052e-16
1 	 30 	 1 	 6 	 3.698346e-16 	 -1.892612e-16
1 	 31 	 1 	 6 	 3.690011e-16 	 -1.941504e-16
1 	 32 	 1 	 6 	 3.673897e-16 	 -1.985342e-16
1 	 33 	 1 	 6 	 3.640718e-16 	 -2.015844e-16
1 	 34 	 1 	 6 	 3.568705e-16 	 -2.017461e-16
1 	 35 	 1 	 6 	 3.491959e-16 	 -2.011645e-16
1 	 36 	 1 	 6 	 3.365553e-16 	 -1.921478e-16
1 	 37 	 1 	 6 	 3.213946e-16 	 -1.797334e-16
1 	 38 	 1 	 6 	 3.052158e-16 	 -1.622021e-16
1 	 39 	 1 	 6 	 2.867537e-16 	 -1.288370e-16
1 	 40 	 1 	 6 	 2.684332e-16 	 -9.465058e-17
1 	 41 	 1 	 6 	 2.540198e-16 	 -3.697296e-17
1 	 42 	 1 	 6 	 2.411364e-16 	 2.896116e-17
1 	 43 	 1 	 6 	 2.357197e-16 	 1.106110e-16
1 	 44 	 1 	 6 	 2.439311e-16 	 2.200358e-16
1 	 45 	 1 	 6 	 2.529436e-16 	 3.311004e-16
1 	 46 	 1 	 6 	 3.082737e-16 	 4.922323e-16
1 	 47 	 1 	 6 	 3.653910e-16 	 6.557140e-16
1 	 48 	 1 	 6 	 4.802826e-16 	 8.535169e-16
1 	 49 	 1 	 6 	 6.235517e-16 	 1.068391e-15
1 	 50 	 1 	 6 	 8.177769e-16 	 1.293251e-15
1 	 51 	 1 	 6 	 1.079638e-15 	 1.529335e-15
1 	 52 	 1 	 6 	 1.385739e-15 	 1.767372e-15
1 	 53 	 1 	 6 	 1.837588e-15 	 2.006308e-15
1 	 54 	 1 	 6 	 2.314777e-15 	 2.236970e-15
1 	 55 	 1 	 6 	 3.075221e-15 	 2.396453e-15
1 	 56 	 1 	 6 	 3.848474e-15 	 2.548115e-15
1 	 57 	 1 	 6 	 4.920631e-15 	 2.468303e-15
1 	 58 	 1 	 6 	 6.029137e-15 	 2.353393e-15
1 	 59 	 1 	 6 	 7.421358e-15 	 1.854427e-15
1 	 60 	 1 	 6 	 8.874521e-15 	 1.260502e-15
1 	 61 	 1 	 6 	 1.054142e-14 	 7.266807e-17
1 	 62 	 1 	 6 	 1.226160e-14 	 -1.291142e-15
1 	 63 	 1 	 6 	 1.404572e-14 	 -3.533187e-15
1 	 64 	 1 	 6 	 1.583655e-14 	 -6.027434e-15
1 	 65 	 1 	 6 	 1.735413e-14 	 -9.758691e-15
1 	 66 	 1 	 6 	 1.879688e-14 	 -1.376483e-14
1 	 67 	 1 	 6 	 1.930622e-14 	 -1.930208e-14
1 	 68 	 1 	 6 	 1.960072e-14 	 -2.512978e-14
1 	 69 	 1 	 6 	 1.823118e-14 	 -3.313154e-14
1 	 70 	 1 	 6 	 1.602660e-14 	 -4.163184e-14
1 	 71 	 1 	 6 	 1.115934e-14 	 -5.164487e-14
1 	 72 	 1 	 6 	 4.015957e-15 	 -6.259255e-14
1 	 73 	 1 	 6 	 -6.359503e-15 	 -7.482488e-14
1 	 74 	 1 	 6 	 -2.178241e-14 	 -8.735052e-14
1 	 75 	 1 	 6 	 -4.017189e-14 	 -9.995567e-14
1 	 76 	 1 	 6 	 -6.801237e-14 	 -1.108930e-13
1 	 77 	 1 	 6 	 -1.000122e-13 	 -1.202861e-13
1 	 78 	 1 	 6 	 -1.424289e-13 	 -1.252707e-13
1 	 79 	 1 	 6 	 -1.941139e-13 	 -1.235797e-13
1 	 80 	 1 	 6 	 -2.531359e-13 	 -1.163723e-13
1 	 81 	 1 	 6 	 -3.294050e-13 	 -9.033926e-14
1 	 82 	 1 	 6 	 -4.124628e-13 	 -5.152127e-14
1 	 83 	 1 	 6 	 -5.053562e-13 	 8.219851e-15
1 	 84 	 1 	 6 	 -6.080170e-13 	 1.026541e-13
1 	 85 	 1 	 6 	 -7.129109e-13 	 2.219263e-13
1 	 86 	 1 	 6 	 -8.155184e-13 	 3.829625e-13
1 	 87 	 1 	 6 	 -9.291362e-13 	 6.257014e-13
1 	 88 	 1 	 6 	 -1.031380e-12 	 9.303696e-13
1 	 89 	 1 	 6 	 -1.098799e-12 	 1.317095e-12
1 	 90 	 1 	 6 	 -1.097513e-12 	 1.844971e-12
1 	 91 	 1 	 6 	 -1.013801e-12 	 2.480338e-12
1 	 92 	 1 	 6 	 -8.245526e-13 	 3.233112e-12
1 	 93 	 1 	 6 	 -4.207362e-13 	 4.178972e-12
1 	 94 	 1 	 6 	 2.317254e-13 	 5.291334e-12
1 	 95 	 1 	 6 	 1.162295e-12 	 6.575310e-12
1 	 96 	 1 	 6 	 2.426304e-12 	 8.061263e-12
1 	 97 	 1 	 6 	 4.168429e-12 	 9.881431e-12
1 	 98 	 1 	 6 	 6.490441e-12 	 1.236261e-11
1 	 99 	 1 	 6 	 9.533705e-12 	 1.606690e-11
1 	 100 	 1 	 6 	 1.375686e-11 	 2.214379e-11
1 	 101 	 1 	 6 	 2.027253e-11 	 3.274535e-11
1 	 102 	 1 	 6 	 3.163806e-11 	 5.183954e-11
1 	 103 	 1 	 6 	 3.601832e-11 	 5.015957e-11
1 	 104 	 1 	 6 	 2.300005e-11 	 3.196491e-11
1 	 105 	 1 	 6 	 1.552244e-11 	 2.187069e-11
1 	 106 	 1 	 6 	 1.063412e-11 	 1.603040e-11
1 	 107 	 1 	 6 	 7.140725e-12 	 1.241719e-11
1 	 108 	 1 	 6 	 4.590316e-12 	 9.989089e-12
1 	 109 	 1 	 6 	 2.766893e-12 	 8.234964e-12
1 	 110 	 1 	 6 	 1.455151e-12 	 6.800522e-12
1 	 111 	 1 	 6 	 4.657176e-13 	 5.546784e-12
1 	 112 	 1 	 6 	 -2.494289e-13 	 4.443876e-12
1 	 113 	 1 	 6 	 -7.190104e-13 	 3.481840e-12
1 	 114 	 1 	 6 	 -9.436852e-13 	 2.711955e-12
1 	 115 	 1 	 6 	 -1.061301e-12 	 2.055698e-12
1 	 116 	 1 	 6 	 -1.094384e-12 	 1.502093e-12
1 	 117 	 1 	 6 	 -1.048342e-12 	 1.077441e-12
1 	 118 	 1 	 6 	 -9.695051e-13 	 7.494376e-13
1 	 119 	 1 	 6 	 -8.714431e-13 	 4.786647e-13
1 	 120 	 1 	 6 	 -7.507324e-13 	 2.715082e-13
1 	 121 	 1 	 6 	 -6.335530e-13 	 1.314341e-13
1 	 122 	 1 	 6 	 -5.219788e-13 	 2.273987e-14
1 	 123 	 1 	 6 	 -4.219591e-13 	 -4.522686e-14
1 	 124 	 1 	 6 	 -3.376641e-13 	 -8.593290e-14
1 	 125 	 1 	 6 	 -2.616605e-13 	 -1.140113e-13
1 	 126 	 1 	 6 	 -2.019205e-13 	 -1.229607e-13
1 	 127 	 1 	 6 	 -1.509920e-13 	 -1.253810e-13
1 	 128 	 1 	 6 	 -1.073910e-13 	 -1.221602e-13
1 	 129 	 1 	 6 	 -7.592376e-14 	 -1.131394e-13
1 	 130 	 1 	 6 	 -4.778236e-14 	 -1.030747e-13
1 	 131 	 1 	 6 	 -2.810457e-14 	 -9.095448e-14
1 	 132 	 1 	 6 	 -1.226495e-14 	 -7.896265e-14
1 	 133 	 1 	 6 	 -3.640675e-16 	 -6.702157e-14
1 	 134 	 1 	 6 	 7.311416e-15 	 -5.615109e-14
1 	 135 	 1 	 6 	 1.370890e-14 	 -4.558558e-14
1 	 136 	 1 	 6 	 1.637964e-14 	 -3.691448e-14
1 	 137 	 1 	 6 	 1.870631e-14 	 -2.852900e-14
1 	 138 	 1 	 6 	 1.891986e-14 	 -2.195445e-14
1 	 139 	 1 	 6 	 1.883009e-14 	 -1.584013e-14
1 	 140 	 1 	 6 	 1.772528e-14 	 -1.111751e-14
1 	 141 	 1 	 6 	 1.636953e-14 	 -6.969288e-15
1 	 142 	 1 	 6 	 1.452661e-14 	 -3.859098e-15
1 	 143 	 1 	 6 	 1.272029e-14 	 -1.353242e-15
1 	 144 	 1 	 6 	 1.094334e-14 	 3.252203e-16
1 	 145 	 1 	 6 	 9.295849e-15 	 1.617862e-15
1 	 146 	 1 	 6 	 7.801191e-15 	 2.406998e-15
1 	 147 	 1 	 6 	 6.432959e-15 	 2.975157e-15
1 	 148 	 1 	 6 	 5.226358e-15 	 3.231230e-15
1 	 149 	 1 	 6 	 4.128569e-15 	 3.380588e-15
1 	 150 	 1 	 6 	 3.226032e-15 	 3.319883e-15
1 	 151 	 1 	 6 	 2.389603e-15 	 3.223271e-15
1 	 152 	 1 	 6 	 1.767594e-15 	 2.998562e-15
1 	 153 	 1 	 6 	 1.164426e-15 	 2.772185e-15
1 	 154 	 1 	 6 	 7.763489e-16 	 2.492978e-15
1 	 155 	 1 	 6 	 3.792581e-16 	 2.215540e-15
1 	 156 	 1 	 6 	 1.490057e-16 	 1.943186e-15
1 	 157 	 1 	 6 	 -7.414780e-17 	 1.670363e-15
1 	 158 	 1 	 6 	 -2.101619e-16 	 1.419228e-15
1 	 159 	 1 	 6 	 -3.086379e-16 	 1.175751e-15
1 	 160 	 1 	 6 	 -3.741476e-16 	 9.589862e-16
1 	 161 	 1 	 6 	 -3.882009e-16 	 7.826896e-16
1 	 162 	 1 	 6 	 -4.016087e-16 	 6.089519e-16
1 	 163 	 1 	 6 	 -3.788762e-16 	 4.954901e-16
1 	 164 	 1 	 6 	 -3.571074e-16 	 3.800924e-16
1 	 165 	 1 	 6 	 -3.253446e-16 	 2.956188e-16
1 	 166 	 1 	 6 	 -2.892574e-16 	 2.238258e-16
1 	 167 	 1 	 6 	 -2.532338e-16 	 1.600025e-16
1 	 168 	 1 	 6 	 -2.165209e-16 	 1.200763e-16
1 	 169 	 1 	 6 	 -1.797405e-16 	 7.909404e-17
1 	 170 	 1 	 6 	 -1.479350e-16 	 5.570463e-17
1 	 171 	 1 	 6 	 -1.171149e-16 	 3.634826e-17
1 	 172 	 1 	 6 	 -8.832443e-17 	 2.006138e-17
1 	 173 	 1 	 6 	 -6.575400e-17 	 1.380169e-17
1 	 174 	 1 	 6 	 -4.265773e-17 	 7.085340e-18
1 	 175 	 1 	 6 	 -2.528575e-17 	 5.250776e-18
1 	 176 	 1 	 6 	 -1.032272e-17 	 5.600904e-18
1 	 177 	 1 	 6 	 4.617209e-18 	 5.892240e-18
1 	 178 	 1 	 6 	 1.264001e-17 	 9.325585e-18
1 	 179 	 1 	 6 	 2.093600e-17 	 1.264897e-17
1 	 180 	 1 	 6 	 2.729022e-17 	 1.613527e-17
1 	 181 	 1 	 6 	 3.004205e-17 	 2.006980e-17
1 	 182 	 1 	 6 	 3.303298e-17 	 2.400343e-17
1 	 183 	 1 	 6 	 3.405913e-17 	 2.733727e-17
1 	 184 	 1 	 6 	 3.395306e-17 	 3.034928e-17
1 	 185 	 1 	 6 	 3.406171e-17 	 3.341468e-17
1 	 186 	 1 	 6 	 3.270487e-17 	 3.544634e-17
1 	 187 	 1 	 6 	 3.113033e-17 	 3.730860e-17
1 	 188 	 1 	 6 	 2.967645e-17 	 3.923190e-17
1 	 189 	 1 	 6 	 2.745915e-17 	 3.992155e-17
1 	 190 	 1 	 6 	 2.530260e-17 	 4.061246e-17
1 	 191 	 1 	 6 	 2.319556e-17 	 4.129744e-17
1 	 192 	 1 	 6 	 2.073787e-17 	 4.077627e-17
1 	 193 	 1 	 6 	 1.832764e-17 	 4.029693e-17
1 	 194 	 1 	 6 	 1.599207e-17 	 3.981820e-17
1 	 195 	 1 	 6 	 1.393752e-17 	 3.886678e-17
1 	 196 	 1 	 6 	 1.193620e-17 	 3.794207e-17
1 	 197 	 1 	 6 	 9.997985e-18 	 3.703959e-17
1 	 198 	 1 	 6 	 8.551319e-18 	 3.608500e-17
1 	 199 	 1 	 6 	 7.117155e-18 	 3.514479e-17
1 	 200 	 1 	 6 	 5.747845e-18 	 3.420591e-17
1 	 201 	 1 	 6 	 4.698595e-18 	 3.310256e-17
1 	 202 	 1 	 6 	 3.677168e-18 	 3.199266e-17
1 	 203 	 1 	 6 	 2.673111e-18 	 3.088770e-17
1 	 204 	 1 	 6 	 1.895655e-18 	 2.961744e-17
1 	 205 	 1 	 6 	 1.604964e-16 	 -7.143095e-17
1 	 206 	 1 	 6 	 1.646553e-16 	 -7.202824e-17
1 	 207 	 1 	 6 	 1.688047e-16 	 -7.256394e-17
1 	 208 	 1 	 6 	 1.729484e-16 	 -7.304725e-17
1 	 209 	 1 	 6 	 1.777155e-16 	 -7.384060e-17
1 	 210 	 1 	 6 	 1.824642e-16 	 -7.463803e-17
1 	 211 	 1 	 6 	 1.871351e-16 	 -7.556070e-17
1 	 212 	 1 	 6 	 1.924988e-16 	 -7.674284e-17
1 	 213 	 1 	 6 	 1.979515e-16 	 -7.788426e-17
1 	 214 	 1 	 6 	 2.033648e-16 	 -7.890308e-17
1 	 215 	 1 	 6 	 2.093314e-16 	 -7.998838e-17
1 	 216 	 1 	 6 	 2.154126e-16 	 -8.094911e-17
1 	 217 	 1 	 6 	 2.214247e-16 	 -8.169404e-17
1 	 218 	 1 	 6 	 2.279130e-16 	 -8.231151e-17
1 	 219 	 1 	 6 	 2.345109e-16 	 -8.273137e-17
1 	 220 	 1 	 6 	 2.410510e-16 	 -8.294395e-17
1 	 221 	 1 	 6 	 2.472307e-16 	 -8.286908e-17
1 	 222 	 1 	 6 	 2.532438e-16 	 -8.254967e-17
1 	 223 	 1 	 6 	 2.591723e-16 	 -8.203219e-17
1 	 224 	 1 	 6 	 2.660450e-16 	 -8.303324e-17
1 	 225 	 1 	 6 	 2.729515e-16 	 -8.408407e-17
1 	 226 	 1 	 6 	 2.797096e-16 	 -8.553981e-17
1 	 227 	 1 	 6 	 2.868918e-16 	 -8.942767e-17
1 	 228 	 1 	 6 	 2.939463e-16 	 -9.323687e-17
1 	 229 	 1 	 6 	 3.005339e-16 	 -9.744894e-17
1 	 230 	 1 	 6 	 3.060893e-16 	 -1.027645e-16
1 	 231 	 1 	 6 	 3.114515e-16 	 -1.079795e-16
1 	 232 	 1 	 6 	 3.151565e-16 	 -1.135060e-16
1 	 233 	 1 	 6 	 3.175009e-16 	 -1.192301e-16
1 	 234 	 1 	 6 	 3.196546e-16 	 -1.248637e-16
1 	 235 	 1 	 6 	 3.178347e-16 	 -1.290780e-16
1 	 236 	 1 	 6 	 3.153469e-16 	 -1.329484e-16
1 	 237 	 1 	 6 	 3.109992e-16 	 -1.354153e-16
1 	 238 	 1 	 6 	 3.022555e-16 	 -1.345299e-16
1 	 239 	 1 	 6 	 2.934214e-16 	 -1.335120e-16
1 	 240 	 1 	 6 	 2.806461e-16 	 -1.268287e-16
1 	 241 	 1 	 6 	 2.663514e-16 	 -1.178499e-16
1 	 242 	 1 	 6 	 2.508103e-16 	 -1.053225e-16
1 	 243 	 1 	 6 	 2.309369e-16 	 -8.000601e-17
1 	 244 	 1 	 6 	 2.106957e-16 	 -5.380213e-17
1 	 245 	 1 	 6 	 1.906918e-16 	 -7.056764e-18
1 	 246 	 1 	 6 	 1.707543e-16 	 4.706945e-17
1 	 247 	 1 	 6 	 1.553994e-16 	 1.153356e-16
1 	 248 	 1 	 6 	 1.487490e-16 	 2.084101e-16
1 	 249 	 1 	 6 	 1.426022e-16 	 3.031465e-16
1 	 250 	 1 	 6 	 1.708339e-16 	 4.441069e-16
1 	 251 	 1 	 6 	 2.004942e-16 	 5.869831e-16
1 	 252 	 1 	 6 	 2.767021e-16 	 7.643598e-16
1 	 253 	 1 	 6 	 3.755655e-16 	 9.580891e-16
1 	 254 	 1 	 6 	 5.233420e-16 	 1.169359e-15
1 	 255 	 1 	 6 	 7.361640e-16 	 1.402828e-15
1 	 256 	 1 	 6 	 9.873802e-16 	 1.639047e-15
1 	 257 	 1 	 6 	 1.367768e-15 	 1.880812e-15
1 	 258 	 1 	 6 	 1.764868e-15 	 2.120035e-15
1 	 259 	 1 	 6 	 2.359454e-15 	 2.301886e-15
1 	 260 	 1 	 6 	 2.964592e-15 	 2.480215e-15
1 	 261 	 1 	 6 	 3.792075e-15 	 2.515482e-15
1 	 262 	 1 	 6 	 4.652613e-15 	 2.521953e-15
1 	 263 	 1 	 6 	 5.795063e-15 	 2.273185e-15
1 	 264 	 1 	 6 	 7.000337e-15 	 1.957728e-15
1 	 265 	 1 	 6 	 8.426728e-15 	 1.196582e-15
1 	 266 	 1 	 6 	 9.911849e-15 	 2.983856e-16
1 	 267 	 1 	 6 	 1.151664e-14 	 -1.264166e-15
1 	 268 	 1 	 6 	 1.314686e-14 	 -3.026029e-15
1 	 269 	 1 	 6 	 1.468623e-14 	 -5.747293e-15
1 	 270 	 1 	 6 	 1.619067e-14 	 -8.695025e-15
1 	 271 	 1 	 6 	 1.719097e-14 	 -1.297274e-14
1 	 272 	 1 	 6 	 1.804913e-14 	 -1.749697e-14
1 	 273 	 1 	 6 	 1.777693e-14 	 -2.357410e-14
1 	 274 	 1 	 6 	 1.701737e-14 	 -3.000679e-14
1 	 275 	 1 	 6 	 1.463725e-14 	 -3.761897e-14
1 	 276 	 1 	 6 	 1.101328e-14 	 -4.582730e-14
1 	 277 	 1 	 6 	 5.595206e-15 	 -5.487902e-14
1 	 278 	 1 	 6 	 -2.716192e-15 	 -6.469915e-14
1 	 279 	 1 	 6 	 -1.275540e-14 	 -7.492848e-14
1 	 280 	 1 	 6 	 -2.883255e-14 	 -8.561531e-14
1 	 281 	 1 	 6 	 -4.768327e-14 	 -9.585453e-14
1 	 282 	 1 	 6 	 -7.339369e-14 	 -1.045003e-13
1 	 283 	 1 	 6 	 -1.050882e-13 	 -1.099619e-13
1 	 284 	 1 	 6 	 -1.415120e-13 	 -1.127498e-13
1 	 285 	 1 	 6 	 -1.886453e-13 	 -1.062004e-13
1 	 286 	 1 	 6 	 -2.406445e-13 	 -9.310232e-14
1 	 287 	 1 	 6 	 -2.999907e-13 	 -6.927366e-14
1 	 288 	 1 	 6 	 -3.672879e-13 	 -2.685995e-14
1 	 289 	 1 	 6 	 -4.379061e-13 	 2.944826e-14
1 	 290 	 1 	 6 	 -5.116360e-13 	 1.094065e-13
1 	 291 	 1 	 6 	 -5.829581e-13 	 2.209263e-13
1 	 292 	 1 	 6 	 -6.477556e-13 	 3.570985e-13
1 	 293 	 1 	 6 	 -6.990693e-13 	 5.272187e-13
1 	 294 	 1 	 6 	 -7.170475e-13 	 7.429695e-13
1 	 295 	 1 	 6 	 -6.990304e-13 	 9.839553e-13
1 	 296 	 1 	 6 	 -6.373596e-13 	 1.247561e-12
1 	 297 	 1 	 6 	 -5.010770e-13 	 1.531693e-12
1 	 298 	 1 	 6 	 -2.758618e-13 	 1.839375e-12
1 	 299 	 1 	 6 	 6.333085e-14 	 2.139728e-12
1 	 300 	 1 	 6 	 5.472107e-13 	 2.397222e-12
1 	 301 	 1 	 6 	 1.237862e-12 	 2.511157e-12
1 	 302 	 1 	 6 	 2.125288e-12 	 2.343752e-12
1 	 303 	 1 	 6 	 3.163624e-12 	 1.793238e-12
1 	 304 	 1 	 6 	 4.302183e-12 	 7.069202e-13
1 	 305 	 1 	 6 	 5.449374e-12 	 -1.099496e-12
1 	 306 	 1 	 6 	 6.457378e-12 	 -3.836226e-12
1 	 307 	 1 	 6 	 6.571177e-12 	 -4.179827e-12
1 	 308 	 1 	 6 	 5.669915e-12 	 -1.366128e-12
1 	 309 	 1 	 6 	 4.595928e-12 	 5.313211e-13
1 	 310 	 1 	 6 	 3.495564e-12 	 1.715343e-12
1 	 311 	 1 	 6 	 2.460751e-12 	 2.369709e-12
1 	 312 	 1 	 6 	 1.545022e-12 	 2.638140e-12
1 	 313 	 1 	 6 	 7.900207e-13 	 2.604729e-12
1 	 314 	 1 	 6 	 2.345585e-13 	 2.331473e-12
1 	 315 	 1 	 6 	 -1.712925e-13 	 2.001958e-12
1 	 316 	 1 	 6 	 -4.503422e-13 	 1.653720e-12
1 	 317 	 1 	 6 	 -6.211572e-13 	 1.306424e-12
1 	 318 	 1 	 6 	 -6.858005e-13 	 1.015475e-12
1 	 319 	 1 	 6 	 -7.075848e-13 	 7.615131e-13
1 	 320 	 1 	 6 	 -6.947431e-13 	 5.421567e-13
1 	 321 	 1 	 6 	 -6.490875e-13 	 3.691093e-13
1 	 322 	 1 	 6 	 -5.886865e-13 	 2.334702e-13
1 	 323 	 1 	 6 	 -5.217870e-13 	 1.215622e-13
1 	 324 	 1 	 6 	 -4.504746e-13 	 3.855568e-14
1 	 325 	 1 	 6 	 -3.819528e-13 	 -1.804189e-14
1 	 326 	 1 	 6 	 -3.165292e-13 	 -6.166193e-14
1 	 327 	 1 	 6 	 -2.571710e-13 	 -8.824897e-14
1 	 328 	 1 	 6 	 -2.057450e-13 	 -1.025662e-13
1 	 329 	 1 	 6 	 -1.586801e-13 	 -1.112178e-13
1 	 330 	 1 	 6 	 -1.210381e-13 	 -1.107799e-13
1 	 331 	 1 	 6 	 -8.853682e-14 	 -1.071290e-13
1 	 332 	 1 	 6 	 -6.026568e-14 	 -1.006759e-13
1 	 333 	 1 	 6 	 -3.966385e-14 	 -9.132543e-14
1 	 334 	 1 	 6 	 -2.109236e-14 	 -8.128932e-14
1 	 335 	 1 	 6 	 -7.884125e-15 	 -6.945584e-14
1 	 336 	 1 	 6 	 2.360029e-15 	 -5.833842e-14
1 	 337 	 1 	 6 	 9.485740e-15 	 -4.790596e-14
1 	 338 	 1 	 6 	 1.361353e-14 	 -3.919805e-14
1 	 339 	 1 	 6 	 1.680339e-14 	 -3.102403e-14
1 	 340 	 1 	 6 	 1.759740e-14 	 -2.467887e-14
1 	 341 	 1 	 6 	 1.819053e-14 	 -1.856999e-14
1 	 342 	 1 	 6 	 1.752004e-14 	 -1.390280e-14
1 	 343 	 1 	 6 	 1.669302e-14 	 -9.581955e-15
1 	 344 	 1 	 6 	 1.532255e-14 	 -6.335492e-15
1 	 345 	 1 	 6 	 1.387728e-14 	 -3.510650e-15
1 	 346 	 1 	 6 	 1.227661e-14 	 -1.452630e-15
1 	 347 	 1 	 6 	 1.071249e-14 	 2.233503e-16
1 	 348 	 1 	 6 	 9.184011e-15 	 1.377901e-15
1 	 349 	 1 	 6 	 7.754825e-15 	 2.256230e-15
1 	 350 	 1 	 6 	 6.440263e-15 	 2.785040e-15
1 	 351 	 1 	 6 	 5.238749e-15 	 3.143955e-15
1 	 352 	 1 	 6 	 4.187284e-15 	 3.263678e-15
1 	 353 	 1 	 6 	 3.227743e-15 	 3.293194e-15
1 	 354 	 1 	 6 	 2.434097e-15 	 3.151742e-15
1 	 355 	 1 	 6 	 1.705006e-15 	 2.980819e-15
1 	 356 	 1 	 6 	 1.182097e-15 	 2.707851e-15
1 	 357 	 1 	 6 	 6.783939e-16 	 2.438249e-15
1 	 358 	 1 	 6 	 3.886191e-16 	 2.168194e-15
1 	 359 	 1 	 6 	 9.045696e-17 	 1.899245e-15
1 	 360 	 1 	 6 	 -6.790365e-17 	 1.658778e-15
1 	 361 	 1 	 6 	 -2.204618e-16 	 1.419428e-15
1 	 362 	 1 	 6 	 -3.077704e-16 	 1.210440e-15
1 	 363 	 1 	 6 	 -3.671249e-16 	 1.013636e-15
1 	 364 	 1 	 6 	 -4.048754e-16 	 8.365949e-16
1 	 365 	 1 	 6 	 -4.081750e-16 	 6.892538e-16
1 	 366 	 1 	 6 	 -4.111093e-16 	 5.433817e-16
1 	 367 	 1 	 6 	 -3.859221e-16 	 4.421060e-16
1 	 368 	 1 	 6 	 -3.615396e-16 	 3.386925e-16
1 	 369 	 1 	 6 	 -3.291985e-16 	 2.619235e-16
1 	 370 	 1 	 6 	 -2.931302e-16 	 1.960970e-16
1 	 371 	 1 	 6 	 -2.567236e-16 	 1.373312e-16
1 	 372 	 1 	 6 	 -2.191071e-16 	 9.978894e-17
1 	 373 	 1 	 6 	 -1.812978e-16 	 6.094681e-17
1 	 374 	 1 	 6 	 -1.497017e-16 	 4.025745e-17
1 	 375 	 1 	 6 	 -1.193568e-16 	 2.375524e-17
1 	 376 	 1 	 6 	 -9.138140e-17 	 1.015594e-17
1 	 377 	 1 	 6 	 -7.069624e-17 	 6.144747e-18
1 	 378 	 1 	 6 	 -4.954748e-17 	 1.729836e-18
1 	 379 	 1 	 6 	 -3.380917e-17 	 1.358945e-18
1 	 380 	 1 	 6 	 -2.035680e-17 	 2.795909e-18
1 	 381 	 1 	 6 	 -6.914477e-18 	 4.184802e-18
1 	 382 	 1 	 6 	 3.557920e-19 	 7.873292e-18
1 	 383 	 1 	 6 	 7.913901e-18 	 1.150655e-17
1 	 384 	 1 	 6 	 1.391782e-17 	 1.516838e-17
1 	 385 	 1 	 6 	 1.701208e-17 	 1.893617e-17
1 	 386 	 1 	 6 	 2.034913e-17 	 2.270920e-17
1 	 387 	 1 	 6 	 2.182301e-17 	 2.586215e-17
1 	 388 	 1 	 6 	 2.220289e-17 	 2.867410e-17
1 	 389 	 1 	 6 	 2.274148e-17 	 3.152874e-17
1 	 390 	 1 	 6 	 2.169772e-17 	 3.322600e-17
1 	 391 	 1 	 6 	 2.037132e-17 	 3.471320e-17
1 	 392 	 1 	 6 	 1.911885e-17 	 3.624521e-17
1 	 393 	 1 	 6 	 1.720994e-17 	 3.683984e-17
1 	 394 	 1 	 6 	 1.531204e-17 	 3.744951e-17
1 	 395 	 1 	 6 	 1.345280e-17 	 3.806636e-17
1 	 396 	 1 	 6 	 1.156844e-17 	 3.792469e-17
1 	 397 	 1 	 6 	 9.737545e-18 	 3.781823e-17
1 	 398 	 1 	 6 	 8.031744e-18 	 3.768546e-17
1 	 399 	 1 	 6 	 6.466149e-18 	 3.697679e-17
1 	 400 	 1 	 6 	 4.910470e-18 	 3.629617e-17
1 	 401 	 1 	 6 	 3.380721e-18 	 3.562112e-17
1 	 402 	 1 	 6 	 2.126871e-18 	 3.438036e-17
1 	 403 	 1 	 6 	 9.005261e-19 	 3.314485e-17
1 	 404 	 1 	 6 	 -2.755756e-19 	 3.191534e-17
1 	 405 	 1 	 6 	 -1.099665e-18 	 3.052383e-17
1 	 406 	 1 	 6 	 -1.881391e-18 	 2.911341e-17
1 	 407 	 1 	 6 	 -2.643709e-18 	 2.769434e-17
1 	 408 	 1 	 6 	 -3.136419e-18 	 2.657526e-17
1 	 1 	 2 	 1 	 5.343998e-17 	 1.056452e-16
1 	 2 	 2 	 1 	 8.779146e-17 	 9.904339e-17
1 	 3 	 2 	 1 	 1.131889e-16 	 9.843708e-17
1 	 4 	 2 	 1 	 1.322680e-16 	 1.021468e-16
1 	 5 	 2 	 1 	 1.514326e-16 	 1.058857e-16
1 	 6 	 2 	 1 	 1.704404e-16 	 1.116092e-16
1 	 7 	 2 	 1 	 1.892262e-16 	 1.201180e-16
1 	 8 	 2 	 1 	 2.081472e-16 	 1.286274e-16
1 	 9 	 2 	 1 	 2.283586e-16 	 1.370087e-16
1 	 10 	 2 	 1 	 2.516089e-16 	 1.449063e-16
1 	 11 	 2 	 1 	 2.751813e-16 	 1.524941e-16
1 	 12 	 2 	 1 	 2.864029e-16 	 1.701891e-16
1 	 13 	 2 	 1 	 2.593966e-16 	 2.192130e-16
1 	 14 	 2 	 1 	 2.316850e-16 	 2.688024e-16
1 	 15 	 2 	 1 	 2.112979e-16 	 3.172668e-16
1 	 16 	 2 	 1 	 2.130982e-16 	 3.612783e-16
1 	 17 	 2 	 1 	 2.144937e-16 	 4.059722e-16
1 	 18 	 2 	 1 	 2.435127e-16 	 4.333324e-16
1 	 19 	 2 	 1 	 3.289107e-16 	 4.247362e-16
1 	 20 	 2 	 1 	 4.160821e-16 	 4.151929e-16
1 	 21 	 2 	 1 	 4.979010e-16 	 4.126132e-16
1 	 22 	 2 	 1 	 5.723169e-16 	 4.187746e-16
1 	 23 	 2 	 1 	 6.475383e-16 	 4.245460e-16
1 	 24 	 2 	 1 	 7.145743e-16 	 4.445928e-16
1 	 25 	 2 	 1 	 7.781893e-16 	 4.714464e-16
1 	 26 	 2 	 1 	 8.429871e-16 	 4.975412e-16
1 	 27 	 2 	 1 	 8.220470e-16 	 6.172867e-16
1 	 28 	 2 	 1 	 7.912028e-16 	 7.481425e-16
1 	 29 	 2 	 1 	 7.517112e-16 	 8.914885e-16
1 	 30 	 2 	 1 	 6.831944e-16 	 1.076737e-15
1 	 31 	 2 	 1 	 6.117444e-16 	 1.265581e-15
1 	 32 	 2 	 1 	 6.042372e-16 	 1.391618e-15
1 	 33 	 2 	 1 	 6.453456e-16 	 1.469784e-15
1 	 34 	 2 	 1 	 6.863287e-16 	 1.548519e-15
1 	 35 	 2 	 1 	 8.317471e-16 	 1.519978e-15
1 	 36 	 2 	 1 	 9.802611e-16 	 1.488477e-15
1 	 37 	 2 	 1 	 1.174993e-15 	 1.414350e-15
1 	 38 	 2 	 1 	 1.425812e-15 	 1.288120e-15
1 	 39 	 2 	 1 	 1.680357e-15 	 1.157719e-15
1 	 40 	 2 	 1 	 1.906774e-15 	 1.084870e-15
1 	 41 	 2 	 1 	 2.132462e-15 	 1.013728e-15
1 	 42 	 2 	 1 	 2.374640e-15 	 9.149167e-16
1 	 43 	 2 	 1 	 2.630769e-15 	 7.923464e-16
1 	 44 	 2 	 1 	 2.894459e-15 	 6.569932e-16
1 	 45 	 2 	 1 	 3.195058e-15 	 4.589978e-16
1 	 46 	 2 	 1 	 3.496927e-15 	 2.584141e-16
1 	 47 	 2 	 1 	 3.793716e-15 	 1.130987e-16
1 	 48 	 2 	 1 	 4.091958e-15 	 -2.485733e-17
1 	 49 	 2 	 1 	 4.344567e-15 	 6.161731e-17
1 	 50 	 2 	 1 	 4.560537e-15 	 3.406801e-16
1 	 51 	 2 	 1 	 4.624324e-15 	 8.428504e-16
1 	 52 	 2 	 1 	 4.333228e-15 	 1.854584e-15
1 	 53 	 2 	 1 	 4.093622e-15 	 2.639049e-15
1 	 54 	 2 	 1 	 4.361889e-15 	 1.397690e-15
1 	 55 	 2 	 1 	 4.638205e-15 	 9.361684e-17
1 	 56 	 2 	 1 	 5.083735e-15 	 -1.022407e-15
1 	 57 	 2 	 1 	 5.540980e-15 	 -2.141054e-15
1 	 58 	 2 	 1 	 5.911138e-15 	 -3.069674e-15
1 	 59 	 2 	 1 	 6.268688e-15 	 -3.969037e-15
1 	 60 	 2 	 1 	 6.537823e-15 	 -4.926338e-15
1 	 61 	 2 	 1 	 6.785698e-15 	 -5.899443e-15
1 	 62 	 2 	 1 	 6.931016e-15 	 -6.911326e-15
1 	 63 	 2 	 1 	 7.047926e-15 	 -7.936171e-15
1 	 64 	 2 	 1 	 7.125811e-15 	 -9.066186e-15
1 	 65 	 2 	 1 	 7.194589e-15 	 -1.022978e-14
1 	 66 	 2 	 1 	 7.381812e-15 	 -1.078969e-14
1 	 67 	 2 	 1 	 7.596721e-15 	 -1.126027e-14
1 	 68 	 2 	 1 	 7.733082e-15 	 -1.033200e-14
1 	 69 	 2 	 1 	 7.698890e-15 	 -9.365543e-15
1 	 70 	 2 	 1 	 6.306481e-15 	 -8.665597e-15
1 	 71 	 2 	 1 	 4.586672e-15 	 -9.328042e-15
1 	 72 	 2 	 1 	 2.129487e-15 	 -1.339588e-14
1 	 73 	 2 	 1 	 9.717418e-17 	 -1.653904e-14
1 	 74 	 2 	 1 	 -1.487371e-15 	 -1.871033e-14
1 	 75 	 2 	 1 	 -3.422653e-15 	 -2.078403e-14
1 	 76 	 2 	 1 	 -5.494181e-15 	 -2.282465e-14
1 	 77 	 2 	 1 	 -8.032689e-15 	 -2.475161e-14
1 	 78 	 2 	 1 	 -1.075668e-14 	 -2.658201e-14
1 	 79 	 2 	 1 	 -1.377812e-14 	 -2.826351e-14
1 	 80 	 2 	 1 	 -1.706939e-14 	 -2.936481e-14
1 	 81 	 2 	 1 	 -2.038209e-14 	 -3.049812e-14
1 	 82 	 2 	 1 	 -2.311046e-14 	 -3.313444e-14
1 	 83 	 2 	 1 	 -2.181934e-14 	 -3.063102e-14
1 	 84 	 2 	 1 	 -1.707895e-14 	 -2.371265e-14
1 	 85 	 2 	 1 	 -7.067832e-15 	 -5.065332e-15
1 	 86 	 2 	 1 	 -4.216333e-16 	 1.392083e-14
1 	 87 	 2 	 1 	 2.283593e-15 	 3.300006e-14
1 	 88 	 2 	 1 	 -7.947127e-15 	 4.631763e-14
1 	 89 	 2 	 1 	 -2.788340e-14 	 4.621339e-14
1 	 90 	 2 	 1 	 -5.404082e-14 	 3.619644e-14
1 	 91 	 2 	 1 	 -7.313432e-14 	 2.932209e-14
1 	 92 	 2 	 1 	 -9.317865e-14 	 2.441620e-14
1 	 93 	 2 	 1 	 -1.157058e-13 	 2.021458e-14
1 	 94 	 2 	 1 	 -1.419869e-13 	 1.619100e-14
1 	 95 	 2 	 1 	 -1.742839e-13 	 1.340361e-14
1 	 96 	 2 	 1 	 -2.181726e-13 	 9.471131e-15
1 	 97 	 2 	 1 	 -2.815134e-13 	 4.405612e-16
1 	 98 	 2 	 1 	 -3.752722e-13 	 -1.834604e-14
1 	 99 	 2 	 1 	 -5.149508e-13 	 -5.298064e-14
1 	 100 	 2 	 1 	 -7.986852e-13 	 -1.552837e-13
1 	 101 	 2 	 1 	 -1.123861e-12 	 -3.047947e-13
1 	 102 	 2 	 1 	 -8.383493e-13 	 -2.970960e-13
1 	 103 	 2 	 1 	 -7.244485e-13 	 -2.996712e-13
1 	 104 	 2 	 1 	 -7.376588e-13 	 -2.707689e-13
1 	 105 	 2 	 1 	 -4.476016e-13 	 -1.342615e-13
1 	 106 	 2 	 1 	 -1.053741e-14 	 3.334135e-14
1 	 107 	 2 	 1 	 7.860714e-14 	 1.996455e-14
1 	 108 	 2 	 1 	 5.751826e-14 	 -2.507293e-14
1 	 109 	 2 	 1 	 2.294582e-14 	 -5.648275e-14
1 	 110 	 2 	 1 	 6.694678e-15 	 -6.583023e-14
1 	 111 	 2 	 1 	 1.128286e-16 	 -6.863221e-14
1 	 112 	 2 	 1 	 -3.576570e-15 	 -6.961767e-14
1 	 113 	 2 	 1 	 -5.937677e-15 	 -6.992755e-14
1 	 114 	 2 	 1 	 -7.918636e-15 	 -7.031883e-14
1 	 115 	 2 	 1 	 -1.084111e-14 	 -7.191304e-14
1 	 116 	 2 	 1 	 -1.796957e-14 	 -7.454439e-14
1 	 117 	 2 	 1 	 -2.388005e-14 	 -7.276653e-14
1 	 118 	 2 	 1 	 -2.760864e-14 	 -6.547731e-14
1 	 119 	 2 	 1 	 -2.510047e-14 	 -5.066515e-14
1 	 120 	 2 	 1 	 -1.726251e-14 	 -3.421204e-14
1 	 121 	 2 	 1 	 -5.093363e-15 	 -1.688335e-14
1 	 122 	 2 	 1 	 2.933587e-15 	 -9.912648e-15
1 	 123 	 2 	 1 	 9.132546e-15 	 -1.950631e-15
1 	 124 	 2 	 1 	 1.361385e-14 	 7.180082e-15
1 	 125 	 2 	 1 	 1.542464e-14 	 9.001247e-15
1 	 126 	 2 	 1 	 1.598680e-14 	 9.471255e-15
1 	 127 	 2 	 1 	 1.441289e-14 	 8.150112e-15
1 	 128 	 2 	 1 	 1.247582e-14 	 7.202159e-15
1 	 129 	 2 	 1 	 1.041539e-14 	 6.398866e-15
1 	 130 	 2 	 1 	 8.768034e-15 	 5.615371e-15
1 	 131 	 2 	 1 	 7.226346e-15 	 4.808847e-15
1 	 132 	 2 	 1 	 5.880086e-15 	 3.973501e-15
1 	 133 	 2 	 1 	 4.733445e-15 	 3.126279e-15
1 	 134 	 2 	 1 	 3.706654e-15 	 2.273822e-15
1 	 135 	 2 	 1 	 2.836279e-15 	 1.176952e-15
1 	 136 	 2 	 1 	 1.978582e-15 	 -2.404951e-18
1 	 137 	 2 	 1 	 7.809051e-16 	 -1.857799e-15
1 	 138 	 2 	 1 	 -4.597503e-16 	 -3.507603e-15
1 	 139 	 2 	 1 	 -1.834423e-15 	 -4.210007e-15
1 	 140 	 2 	 1 	 -2.849366e-15 	 -3.774592e-15
1 	 141 	 2 	 1 	 -3.078659e-15 	 -9.004612e-16
1 	 142 	 2 	 1 	 -2.906057e-15 	 1.731299e-15
1 	 143 	 2 	 1 	 -2.134706e-15 	 3.947313e-15
1 	 144 	 2 	 1 	 -1.601767e-15 	 5.022186e-15
1 	 145 	 2 	 1 	 -1.392631e-15 	 4.621956e-15
1 	 146 	 2 	 1 	 -1.329641e-15 	 4.021287e-15
1 	 147 	 2 	 1 	 -1.458147e-15 	 3.183831e-15
1 	 148 	 2 	 1 	 -1.551486e-15 	 2.440284e-15
1 	 149 	 2 	 1 	 -1.585527e-15 	 1.855137e-15
1 	 150 	 2 	 1 	 -1.593206e-15 	 1.321672e-15
1 	 151 	 2 	 1 	 -1.543849e-15 	 9.022402e-16
1 	 152 	 2 	 1 	 -1.483491e-15 	 4.947162e-16
1 	 153 	 2 	 1 	 -1.378447e-15 	 1.375777e-16
1 	 154 	 2 	 1 	 -1.271219e-15 	 -2.261088e-16
1 	 155 	 2 	 1 	 -1.109833e-15 	 -7.675004e-16
1 	 156 	 2 	 1 	 -9.451114e-16 	 -1.321396e-15
1 	 157 	 2 	 1 	 -9.041998e-16 	 -1.588596e-15
1 	 158 	 2 	 1 	 -8.907526e-16 	 -1.798929e-15
1 	 159 	 2 	 1 	 -1.027023e-15 	 -1.446492e-15
1 	 160 	 2 	 1 	 -1.289218e-15 	 -6.250934e-16
1 	 161 	 2 	 1 	 -1.461566e-15 	 3.082623e-17
1 	 162 	 2 	 1 	 -1.333874e-15 	 1.137552e-16
1 	 163 	 2 	 1 	 -1.200642e-15 	 1.948310e-16
1 	 164 	 2 	 1 	 -1.077132e-15 	 5.643645e-17
1 	 165 	 2 	 1 	 -9.539464e-16 	 -1.110420e-16
1 	 166 	 2 	 1 	 -8.384368e-16 	 -2.451415e-16
1 	 167 	 2 	 1 	 -7.312152e-16 	 -3.426585e-16
1 	 168 	 2 	 1 	 -6.242021e-16 	 -4.393167e-16
1 	 169 	 2 	 1 	 -5.298980e-16 	 -4.936060e-16
1 	 170 	 2 	 1 	 -4.352697e-16 	 -5.484617e-16
1 	 171 	 2 	 1 	 -3.463096e-16 	 -5.901656e-16
1 	 172 	 2 	 1 	 -2.620664e-16 	 -6.206202e-16
1 	 173 	 2 	 1 	 -1.774893e-16 	 -6.512474e-16
1 	 174 	 2 	 1 	 -7.057418e-17 	 -7.125141e-16
1 	 175 	 2 	 1 	 3.871357e-17 	 -7.763215e-16
1 	 176 	 2 	 1 	 9.568387e-17 	 -7.865871e-16
1 	 177 	 2 	 1 	 6.546624e-17 	 -7.072777e-16
1 	 178 	 2 	 1 	 3.476928e-17 	 -6.271121e-16
1 	 179 	 2 	 1 	 -6.890971e-17 	 -4.840875e-16
1 	 180 	 2 	 1 	 -2.043700e-16 	 -3.130722e-16
1 	 181 	 2 	 1 	 -3.431396e-16 	 -1.384912e-16
1 	 182 	 2 	 1 	 -2.938758e-16 	 -1.475721e-16
1 	 183 	 2 	 1 	 -2.425453e-16 	 -1.584410e-16
1 	 184 	 2 	 1 	 -1.886810e-16 	 -1.720063e-16
1 	 185 	 2 	 1 	 -1.321541e-16 	 -1.894881e-16
1 	 186 	 2 	 1 	 -7.467309e-17 	 -2.077761e-16
1 	 187 	 2 	 1 	 -2.199440e-17 	 -2.217601e-16
1 	 188 	 2 	 1 	 2.303572e-17 	 -2.288472e-16
1 	 189 	 2 	 1 	 6.843766e-17 	 -2.361962e-16
1 	 190 	 2 	 1 	 1.053663e-16 	 -2.386276e-16
1 	 191 	 2 	 1 	 1.356754e-16 	 -2.371429e-16
1 	 192 	 2 	 1 	 1.676865e-16 	 -2.365706e-16
1 	 193 	 2 	 1 	 1.307842e-16 	 -1.982289e-16
1 	 194 	 2 	 1 	 4.037265e-17 	 -1.302326e-16
1 	 195 	 2 	 1 	 -5.334326e-17 	 -6.000115e-17
1 	 196 	 2 	 1 	 -8.115385e-17 	 -3.276796e-17
1 	 197 	 2 	 1 	 -5.738601e-17 	 -3.923442e-17
1 	 198 	 2 	 1 	 -3.247584e-17 	 -4.645646e-17
1 	 199 	 2 	 1 	 -5.033536e-18 	 -5.278115e-17
1 	 200 	 2 	 1 	 2.446184e-17 	 -5.788466e-17
1 	 201 	 2 	 1 	 5.453337e-17 	 -6.325276e-17
1 	 202 	 2 	 1 	 8.459112e-17 	 -6.838715e-17
1 	 203 	 2 	 1 	 1.147129e-16 	 -7.311997e-17
1 	 204 	 2 	 1 	 1.461487e-16 	 -7.837259e-17
1 	 205 	 2 	 1 	 -1.677640e-15 	 1.853113e-15
1 	 206 	 2 	 1 	 -1.769423e-15 	 1.921816e-15
1 	 207 	 2 	 1 	 -1.859023e-15 	 1.991787e-15
1 	 208 	 2 	 1 	 -1.946942e-15 	 2.062524e-15
1 	 209 	 2 	 1 	 -2.034902e-15 	 2.133190e-15
1 	 210 	 2 	 1 	 -2.127447e-15 	 2.206065e-15
1 	 211 	 2 	 1 	 -2.226409e-15 	 2.282186e-15
1 	 212 	 2 	 1 	 -2.325563e-15 	 2.358160e-15
1 	 213 	 2 	 1 	 -2.433647e-15 	 2.438128e-15
1 	 214 	 2 	 1 	 -2.562342e-15 	 2.527665e-15
1 	 215 	 2 	 1 	 -2.691736e-15 	 2.616955e-15
1 	 216 	 2 	 1 	 -2.831737e-15 	 2.710358e-15
1 	 217 	 2 	 1 	 -3.001864e-15 	 2.816527e-15
1 	 218 	 2 	 1 	 -3.172722e-15 	 2.922130e-15
1 	 219 	 2 	 1 	 -3.370765e-15 	 3.042543e-15
1 	 220 	 2 	 1 	 -3.645375e-15 	 3.206545e-15
1 	 221 	 2 	 1 	 -3.922604e-15 	 3.371478e-15
1 	 222 	 2 	 1 	 -4.220821e-15 	 3.549968e-15
1 	 223 	 2 	 1 	 -4.558144e-15 	 3.754685e-15
1 	 224 	 2 	 1 	 -4.898088e-15 	 3.960956e-15
1 	 225 	 2 	 1 	 -5.205436e-15 	 4.138714e-15
1 	 226 	 2 	 1 	 -5.469450e-15 	 4.280711e-15
1 	 227 	 2 	 1 	 -5.734328e-15 	 4.423679e-15
1 	 228 	 2 	 1 	 -6.071269e-15 	 4.609374e-15
1 	 229 	 2 	 1 	 -6.444280e-15 	 4.816350e-15
1 	 230 	 2 	 1 	 -6.817726e-15 	 5.023462e-15
1 	 231 	 2 	 1 	 -7.293475e-15 	 5.290967e-15
1 	 232 	 2 	 1 	 -7.779344e-15 	 5.564565e-15
1 	 233 	 2 	 1 	 -8.297488e-15 	 5.860503e-15
1 	 234 	 2 	 1 	 -8.933645e-15 	 6.237591e-15
1 	 235 	 2 	 1 	 -9.569395e-15 	 6.614610e-15
1 	 236 	 2 	 1 	 -1.034596e-14 	 7.127037e-15
1 	 237 	 2 	 1 	 -1.122816e-14 	 7.742343e-15
1 	 238 	 2 	 1 	 -1.211202e-14 	 8.361122e-15
1 	 239 	 2 	 1 	 -1.311508e-14 	 9.072135e-15
1 	 240 	 2 	 1 	 -1.411847e-14 	 9.785611e-15
1 	 241 	 2 	 1 	 -1.520040e-14 	 1.051843e-14
1 	 242 	 2 	 1 	 -1.637500e-14 	 1.127281e-14
1 	 243 	 2 	 1 	 -1.754836e-14 	 1.202697e-14
1 	 244 	 2 	 1 	 -1.897977e-14 	 1.298720e-14
1 	 245 	 2 	 1 	 -2.041712e-14 	 1.395177e-14
1 	 246 	 2 	 1 	 -2.205812e-14 	 1.516305e-14
1 	 247 	 2 	 1 	 -2.386876e-14 	 1.658247e-14
1 	 248 	 2 	 1 	 -2.574800e-14 	 1.808985e-14
1 	 249 	 2 	 1 	 -2.797400e-14 	 2.002844e-14
1 	 250 	 2 	 1 	 -3.019872e-14 	 2.197049e-14
1 	 251 	 2 	 1 	 -3.279395e-14 	 2.442410e-14
1 	 252 	 2 	 1 	 -3.546098e-14 	 2.698283e-14
1 	 253 	 2 	 1 	 -3.841182e-14 	 2.999995e-14
1 	 254 	 2 	 1 	 -4.159403e-14 	 3.339409e-14
1 	 255 	 2 	 1 	 -4.495580e-14 	 3.714132e-14
1 	 256 	 2 	 1 	 -4.871804e-14 	 4.166488e-14
1 	 257 	 2 	 1 	 -5.254176e-14 	 4.637097e-14
1 	 258 	 2 	 1 	 -5.685778e-14 	 5.239086e-14
1 	 259 	 2 	 1 	 -6.116014e-14 	 5.841441e-14
1 	 260 	 2 	 1 	 -6.613387e-14 	 6.669661e-14
1 	 261 	 2 	 1 	 -7.110928e-14 	 7.506220e-14
1 	 262 	 2 	 1 	 -7.670271e-14 	 8.521851e-14
1 	 263 	 2 	 1 	 -8.236994e-14 	 9.564761e-14
1 	 264 	 2 	 1 	 -8.848144e-14 	 1.082125e-13
1 	 265 	 2 	 1 	 -9.467541e-14 	 1.212708e-13
1 	 266 	 2 	 1 	 -1.010582e-13 	 1.377718e-13
1 	 267 	 2 	 1 	 -1.074569e-13 	 1.551888e-13
1 	 268 	 2 	 1 	 -1.138849e-13 	 1.767126e-13
1 	 269 	 2 	 1 	 -1.202731e-13 	 1.991728e-13
1 	 270 	 2 	 1 	 -1.262582e-13 	 2.271984e-13
1 	 271 	 2 	 1 	 -1.321264e-13 	 2.559906e-13
1 	 272 	 2 	 1 	 -1.367957e-13 	 2.926201e-13
1 	 273 	 2 	 1 	 -1.410539e-13 	 3.306684e-13
1 	 274 	 2 	 1 	 -1.429328e-13 	 3.778609e-13
1 	 275 	 2 	 1 	 -1.431600e-13 	 4.289829e-13
1 	 276 	 2 	 1 	 -1.396075e-13 	 4.891655e-13
1 	 277 	 2 	 1 	 -1.330036e-13 	 5.553249e-13
1 	 278 	 2 	 1 	 -1.234650e-13 	 6.269284e-13
1 	 279 	 2 	 1 	 -1.088356e-13 	 7.104673e-13
1 	 280 	 2 	 1 	 -9.178231e-14 	 7.986633e-13
1 	 281 	 2 	 1 	 -6.273952e-14 	 9.062128e-13
1 	 282 	 2 	 1 	 -2.572975e-14 	 1.023397e-12
1 	 283 	 2 	 1 	 2.382062e-14 	 1.155928e-12
1 	 284 	 2 	 1 	 9.331103e-14 	 1.309726e-12
1 	 285 	 2 	 1 	 1.746663e-13 	 1.475089e-12
1 	 286 	 2 	 1 	 2.862710e-13 	 1.668474e-12
1 	 287 	 2 	 1 	 4.243435e-13 	 1.882709e-12
1 	 288 	 2 	 1 	 5.843588e-13 	 2.113819e-12
1 	 289 	 2 	 1 	 8.047591e-13 	 2.386804e-12
1 	 290 	 2 	 1 	 1.066517e-12 	 2.683970e-12
1 	 291 	 2 	 1 	 1.371276e-12 	 3.005862e-12
1 	 292 	 2 	 1 	 1.778540e-12 	 3.379781e-12
1 	 293 	 2 	 1 	 2.266916e-12 	 3.788087e-12
1 	 294 	 2 	 1 	 2.843433e-12 	 4.230798e-12
1 	 295 	 2 	 1 	 3.572441e-12 	 4.725571e-12
1 	 296 	 2 	 1 	 4.441455e-12 	 5.245282e-12
1 	 297 	 2 	 1 	 5.445727e-12 	 5.794197e-12
1 	 298 	 2 	 1 	 6.610648e-12 	 6.381812e-12
1 	 299 	 2 	 1 	 8.117684e-12 	 7.058398e-12
1 	 300 	 2 	 1 	 9.940536e-12 	 7.764560e-12
1 	 301 	 2 	 1 	 1.207805e-11 	 8.487796e-12
1 	 302 	 2 	 1 	 1.455392e-11 	 9.216679e-12
1 	 303 	 2 	 1 	 1.739381e-11 	 9.935924e-12
1 	 304 	 2 	 1 	 2.066477e-11 	 1.059589e-11
1 	 305 	 2 	 1 	 2.417535e-11 	 1.115357e-11
1 	 306 	 2 	 1 	 2.775565e-11 	 1.155206e-11
1 	 307 	 2 	 1 	 -2.764166e-11 	 -1.098314e-11
1 	 308 	 2 	 1 	 -2.411824e-11 	 -1.059722e-11
1 	 309 	 2 	 1 	 -2.065851e-11 	 -1.006577e-11
1 	 310 	 2 	 1 	 -1.743250e-11 	 -9.441329e-12
1 	 311 	 2 	 1 	 -1.462420e-11 	 -8.765578e-12
1 	 312 	 2 	 1 	 -1.217800e-11 	 -8.079434e-12
1 	 313 	 2 	 1 	 -1.004141e-11 	 -7.382251e-12
1 	 314 	 2 	 1 	 -8.189676e-12 	 -6.691991e-12
1 	 315 	 2 	 1 	 -6.625932e-12 	 -6.043600e-12
1 	 316 	 2 	 1 	 -5.396832e-12 	 -5.466772e-12
1 	 317 	 2 	 1 	 -4.357058e-12 	 -4.924726e-12
1 	 318 	 2 	 1 	 -3.481533e-12 	 -4.419210e-12
1 	 319 	 2 	 1 	 -2.769093e-12 	 -3.962116e-12
1 	 320 	 2 	 1 	 -2.214903e-12 	 -3.559405e-12
1 	 321 	 2 	 1 	 -1.743873e-12 	 -3.186588e-12
1 	 322 	 2 	 1 	 -1.346205e-12 	 -2.840280e-12
1 	 323 	 2 	 1 	 -1.048070e-12 	 -2.536531e-12
1 	 324 	 2 	 1 	 -7.942851e-13 	 -2.257337e-12
1 	 325 	 2 	 1 	 -5.788825e-13 	 -1.999664e-12
1 	 326 	 2 	 1 	 -4.216971e-13 	 -1.779221e-12
1 	 327 	 2 	 1 	 -2.886692e-13 	 -1.577474e-12
1 	 328 	 2 	 1 	 -1.777944e-13 	 -1.392767e-12
1 	 329 	 2 	 1 	 -1.004290e-13 	 -1.237590e-12
1 	 330 	 2 	 1 	 -3.366174e-14 	 -1.093755e-12
1 	 331 	 2 	 1 	 1.656303e-14 	 -9.675401e-13
1 	 332 	 2 	 1 	 5.220329e-14 	 -8.593492e-13
1 	 333 	 2 	 1 	 8.176616e-14 	 -7.588324e-13
1 	 334 	 2 	 1 	 1.000977e-13 	 -6.673422e-13
1 	 335 	 2 	 1 	 1.159692e-13 	 -5.810058e-13
1 	 336 	 2 	 1 	 1.273070e-13 	 -5.036536e-13
1 	 337 	 2 	 1 	 1.342453e-13 	 -4.392403e-13
1 	 338 	 2 	 1 	 1.386779e-13 	 -3.825504e-13
1 	 339 	 2 	 1 	 1.379248e-13 	 -3.378878e-13
1 	 340 	 2 	 1 	 1.362399e-13 	 -2.957296e-13
1 	 341 	 2 	 1 	 1.317666e-13 	 -2.617494e-13
1 	 342 	 2 	 1 	 1.271013e-13 	 -2.293056e-13
1 	 343 	 2 	 1 	 1.213795e-13 	 -2.025078e-13
1 	 344 	 2 	 1 	 1.155301e-13 	 -1.776435e-13
1 	 345 	 2 	 1 	 1.093094e-13 	 -1.566859e-13
1 	 346 	 2 	 1 	 1.031012e-13 	 -1.376797e-13
1 	 347 	 2 	 1 	 9.687714e-14 	 -1.214675e-13
1 	 348 	 2 	 1 	 9.081008e-14 	 -1.069878e-13
1 	 349 	 2 	 1 	 8.492128e-14 	 -9.460722e-14
1 	 350 	 2 	 1 	 7.927394e-14 	 -8.370342e-14
1 	 351 	 2 	 1 	 7.390650e-14 	 -7.459927e-14
1 	 352 	 2 	 1 	 6.865968e-14 	 -6.620515e-14
1 	 353 	 2 	 1 	 6.355583e-14 	 -5.881802e-14
1 	 354 	 2 	 1 	 5.861391e-14 	 -5.160969e-14
1 	 355 	 2 	 1 	 5.397799e-14 	 -4.474622e-14
1 	 356 	 2 	 1 	 4.955191e-14 	 -3.830493e-14
1 	 357 	 2 	 1 	 4.596571e-14 	 -3.367797e-14
1 	 358 	 2 	 1 	 4.242293e-14 	 -2.909964e-14
1 	 359 	 2 	 1 	 3.948460e-14 	 -2.628760e-14
1 	 360 	 2 	 1 	 3.656095e-14 	 -2.348087e-14
1 	 361 	 2 	 1 	 3.398506e-14 	 -2.127310e-14
1 	 362 	 2 	 1 	 3.149085e-14 	 -1.919329e-14
1 	 363 	 2 	 1 	 2.924068e-14 	 -1.740137e-14
1 	 364 	 2 	 1 	 2.718230e-14 	 -1.583411e-14
1 	 365 	 2 	 1 	 2.522375e-14 	 -1.436473e-14
1 	 366 	 2 	 1 	 2.354776e-14 	 -1.319333e-14
1 	 367 	 2 	 1 	 2.187538e-14 	 -1.201632e-14
1 	 368 	 2 	 1 	 2.053172e-14 	 -1.119546e-14
1 	 369 	 2 	 1 	 1.922956e-14 	 -1.041480e-14
1 	 370 	 2 	 1 	 1.797794e-14 	 -9.658272e-15
1 	 371 	 2 	 1 	 1.677418e-14 	 -8.924714e-15
1 	 372 	 2 	 1 	 1.557130e-14 	 -8.180604e-15
1 	 373 	 2 	 1 	 1.435631e-14 	 -7.252936e-15
1 	 374 	 2 	 1 	 1.313283e-14 	 -6.308264e-15
1 	 375 	 2 	 1 	 1.216543e-14 	 -5.632906e-15
1 	 376 	 2 	 1 	 1.142058e-14 	 -5.193797e-15
1 	 377 	 2 	 1 	 1.067881e-14 	 -4.754346e-15
1 	 378 	 2 	 1 	 1.012742e-14 	 -4.507830e-15
1 	 379 	 2 	 1 	 9.579373e-15 	 -4.263733e-15
1 	 380 	 2 	 1 	 9.069028e-15 	 -4.035049e-15
1 	 381 	 2 	 1 	 8.617496e-15 	 -3.829895e-15
1 	 382 	 2 	 1 	 8.166311e-15 	 -3.623972e-15
1 	 383 	 2 	 1 	 7.776132e-15 	 -3.444145e-15
1 	 384 	 2 	 1 	 7.409233e-15 	 -3.273770e-15
1 	 385 	 2 	 1 	 7.042467e-15 	 -3.104282e-15
1 	 386 	 2 	 1 	 6.773434e-15 	 -2.989879e-15
1 	 387 	 2 	 1 	 6.507068e-15 	 -2.876653e-15
1 	 388 	 2 	 1 	 6.216803e-15 	 -2.742174e-15
1 	 389 	 2 	 1 	 5.840756e-15 	 -2.534558e-15
1 	 390 	 2 	 1 	 5.461652e-15 	 -2.323838e-15
1 	 391 	 2 	 1 	 5.097652e-15 	 -2.124191e-15
1 	 392 	 2 	 1 	 4.756790e-15 	 -1.942264e-15
1 	 393 	 2 	 1 	 4.412978e-15 	 -1.757766e-15
1 	 394 	 2 	 1 	 4.172550e-15 	 -1.638560e-15
1 	 395 	 2 	 1 	 4.029096e-15 	 -1.580897e-15
1 	 396 	 2 	 1 	 3.887471e-15 	 -1.524145e-15
1 	 397 	 2 	 1 	 3.754418e-15 	 -1.467333e-15
1 	 398 	 2 	 1 	 3.626579e-15 	 -1.410559e-15
1 	 399 	 2 	 1 	 3.499056e-15 	 -1.353663e-15
1 	 400 	 2 	 1 	 3.389791e-15 	 -1.303012e-15
1 	 401 	 2 	 1 	 3.295297e-15 	 -1.257525e-15
1 	 402 	 2 	 1 	 3.202526e-15 	 -1.212622e-15
1 	 403 	 2 	 1 	 3.061766e-15 	 -1.142430e-15
1 	 404 	 2 	 1 	 2.870066e-15 	 -1.045455e-15
1 	 405 	 2 	 1 	 2.674788e-15 	 -9.463698e-16
1 	 406 	 2 	 1 	 2.512968e-15 	 -8.669314e-16
1 	 407 	 2 	 1 	 2.411408e-15 	 -8.231145e-16
1 	 408 	 2 	 1 	 2.309684e-15 	 -7.798173e-16
1 	 1 	 2 	 2 	 5.734161e-17 	 4.355610e-17
1 	 2 	 2 	 2 	 6.717466e-17 	 4.516448e-17
1 	 3 	 2 	 2 	 7.513688e-17 	 4.605853e-17
1 	 4 	 2 	 2 	 8.170526e-17 	 4.647622e-17
1 	 5 	 2 	 2 	 8.827319e-17 	 4.688060e-17
1 	 6 	 2 	 2 	 9.425250e-17 	 4.711554e-17
1 	 7 	 2 	 2 	 9.938330e-17 	 4.713289e-17
1 	 8 	 2 	 2 	 1.044958e-16 	 4.715865e-17
1 	 9 	 2 	 2 	 1.102364e-16 	 4.645801e-17
1 	 10 	 2 	 2 	 1.175744e-16 	 4.404018e-17
1 	 11 	 2 	 2 	 1.250560e-16 	 4.160736e-17
1 	 12 	 2 	 2 	 1.275550e-16 	 3.745132e-17
1 	 13 	 2 	 2 	 1.146258e-16 	 2.808349e-17
1 	 14 	 2 	 2 	 1.014234e-16 	 1.859928e-17
1 	 15 	 2 	 2 	 8.779791e-17 	 1.110458e-17
1 	 16 	 2 	 2 	 7.351710e-17 	 9.550150e-18
1 	 17 	 2 	 2 	 5.881183e-17 	 8.027640e-18
1 	 18 	 2 	 2 	 5.294164e-17 	 1.024575e-17
1 	 19 	 2 	 2 	 6.546940e-17 	 2.001083e-17
1 	 20 	 2 	 2 	 7.833475e-17 	 3.012907e-17
1 	 21 	 2 	 2 	 8.888443e-17 	 3.704362e-17
1 	 22 	 2 	 2 	 9.644320e-17 	 4.007832e-17
1 	 23 	 2 	 2 	 1.041208e-16 	 4.330457e-17
1 	 24 	 2 	 2 	 1.048902e-16 	 4.064601e-17
1 	 25 	 2 	 2 	 1.024043e-16 	 3.507332e-17
1 	 26 	 2 	 2 	 1.003046e-16 	 2.969370e-17
1 	 27 	 2 	 2 	 4.391881e-17 	 5.421908e-18
1 	 28 	 2 	 2 	 -1.880484e-17 	 -2.106437e-17
1 	 29 	 2 	 2 	 -9.181182e-17 	 -4.579985e-17
1 	 30 	 2 	 2 	 -2.005923e-16 	 -6.321572e-17
1 	 31 	 2 	 2 	 -3.115341e-16 	 -8.087188e-17
1 	 32 	 2 	 2 	 -3.967076e-16 	 -7.439619e-17
1 	 33 	 2 	 2 	 -4.622177e-16 	 -4.942476e-17
1 	 34 	 2 	 2 	 -5.284405e-16 	 -2.368243e-17
1 	 35 	 2 	 2 	 -5.386609e-16 	 2.521113e-17
1 	 36 	 2 	 2 	 -5.475525e-16 	 7.551761e-17
1 	 37 	 2 	 2 	 -5.322673e-16 	 1.295990e-16
1 	 38 	 2 	 2 	 -4.870061e-16 	 1.874258e-16
1 	 39 	 2 	 2 	 -4.392561e-16 	 2.458552e-16
1 	 40 	 2 	 2 	 -4.335495e-16 	 3.075163e-16
1 	 41 	 2 	 2 	 -4.289342e-16 	 3.693788e-16
1 	 42 	 2 	 2 	 -4.151818e-16 	 4.394312e-16
1 	 43 	 2 	 2 	 -3.933949e-16 	 5.164339e-16
1 	 44 	 2 	 2 	 -3.663524e-16 	 5.959209e-16
1 	 45 	 2 	 2 	 -3.140653e-16 	 6.864404e-16
1 	 46 	 2 	 2 	 -2.601733e-16 	 7.772561e-16
1 	 47 	 2 	 2 	 -2.515298e-16 	 8.980221e-16
1 	 48 	 2 	 2 	 -2.495936e-16 	 1.024853e-15
1 	 49 	 2 	 2 	 -3.785901e-16 	 1.232619e-15
1 	 50 	 2 	 2 	 -6.193790e-16 	 1.509512e-15
1 	 51 	 2 	 2 	 -9.796298e-16 	 1.870730e-15
1 	 52 	 2 	 2 	 -1.613248e-15 	 2.421216e-15
1 	 53 	 2 	 2 	 -2.121672e-15 	 2.911916e-15
1 	 54 	 2 	 2 	 -1.525124e-15 	 2.849515e-15
1 	 55 	 2 	 2 	 -8.942569e-16 	 2.767361e-15
1 	 56 	 2 	 2 	 -3.638219e-16 	 2.807858e-15
1 	 57 	 2 	 2 	 1.686870e-16 	 2.850177e-15
1 	 58 	 2 	 2 	 6.229038e-16 	 2.991263e-15
1 	 59 	 2 	 2 	 1.066096e-15 	 3.147455e-15
1 	 60 	 2 	 2 	 1.564454e-15 	 3.294612e-15
1 	 61 	 2 	 2 	 2.077836e-15 	 3.438076e-15
1 	 62 	 2 	 2 	 2.650837e-15 	 3.569844e-15
1 	 63 	 2 	 2 	 3.241614e-15 	 3.695901e-15
1 	 64 	 2 	 2 	 3.937710e-15 	 3.792811e-15
1 	 65 	 2 	 2 	 4.661771e-15 	 3.876653e-15
1 	 66 	 2 	 2 	 5.375917e-15 	 4.410710e-15
1 	 67 	 2 	 2 	 6.090223e-15 	 5.014828e-15
1 	 68 	 2 	 2 	 6.801304e-15 	 6.407138e-15
1 	 69 	 2 	 2 	 7.521607e-15 	 7.709083e-15
1 	 70 	 2 	 2 	 8.327211e-15 	 7.981482e-15
1 	 71 	 2 	 2 	 9.252713e-15 	 7.258403e-15
1 	 72 	 2 	 2 	 1.047237e-14 	 4.108034e-15
1 	 73 	 2 	 2 	 1.172071e-14 	 1.670957e-15
1 	 74 	 2 	 2 	 1.299514e-14 	 -8.765691e-18
1 	 75 	 2 	 2 	 1.415568e-14 	 -2.007411e-15
1 	 76 	 2 	 2 	 1.526444e-14 	 -4.138766e-15
1 	 77 	 2 	 2 	 1.613406e-14 	 -6.750339e-15
1 	 78 	 2 	 2 	 1.685324e-14 	 -9.554866e-15
1 	 79 	 2 	 2 	 1.733167e-14 	 -1.266491e-14
1 	 80 	 2 	 2 	 1.746403e-14 	 -1.594042e-14
1 	 81 	 2 	 2 	 1.753881e-14 	 -1.935024e-14
1 	 82 	 2 	 2 	 1.815789e-14 	 -2.314646e-14
1 	 83 	 2 	 2 	 2.160208e-14 	 -2.336967e-14
1 	 84 	 2 	 2 	 2.745765e-14 	 -2.053865e-14
1 	 85 	 2 	 2 	 3.548088e-14 	 -1.303111e-14
1 	 86 	 2 	 2 	 3.909250e-14 	 -7.850753e-15
1 	 87 	 2 	 2 	 3.771567e-14 	 -5.334638e-15
1 	 88 	 2 	 2 	 2.215340e-14 	 -9.928038e-15
1 	 89 	 2 	 2 	 6.376937e-16 	 -2.177191e-14
1 	 90 	 2 	 2 	 -2.422714e-14 	 -3.854669e-14
1 	 91 	 2 	 2 	 -4.257890e-14 	 -5.154086e-14
1 	 92 	 2 	 2 	 -6.345341e-14 	 -6.350938e-14
1 	 93 	 2 	 2 	 -8.788118e-14 	 -7.523529e-14
1 	 94 	 2 	 2 	 -1.170399e-13 	 -8.707450e-14
1 	 95 	 2 	 2 	 -1.540625e-13 	 -9.837189e-14
1 	 96 	 2 	 2 	 -2.030504e-13 	 -1.110834e-13
1 	 97 	 2 	 2 	 -2.690675e-13 	 -1.294847e-13
1 	 98 	 2 	 2 	 -3.597700e-13 	 -1.596409e-13
1 	 99 	 2 	 2 	 -4.861733e-13 	 -2.107297e-13
1 	 100 	 2 	 2 	 -7.114942e-13 	 -3.595315e-13
1 	 101 	 2 	 2 	 -9.496985e-13 	 -6.071702e-13
1 	 102 	 2 	 2 	 -6.828108e-13 	 -6.668643e-13
1 	 103 	 2 	 2 	 -5.315935e-13 	 -3.329686e-13
1 	 104 	 2 	 2 	 -5.710765e-13 	 -2.703193e-13
1 	 105 	 2 	 2 	 -3.773492e-13 	 -8.081771e-14
1 	 106 	 2 	 2 	 -5.192532e-14 	 1.123356e-13
1 	 107 	 2 	 2 	 5.223496e-14 	 8.051993e-14
1 	 108 	 2 	 2 	 6.186726e-14 	 2.938832e-14
1 	 109 	 2 	 2 	 4.497689e-14 	 -1.293074e-15
1 	 110 	 2 	 2 	 2.957181e-14 	 -7.382094e-15
1 	 111 	 2 	 2 	 1.956769e-14 	 -8.133362e-15
1 	 112 	 2 	 2 	 1.180136e-14 	 -8.658346e-15
1 	 113 	 2 	 2 	 5.587657e-15 	 -9.449614e-15
1 	 114 	 2 	 2 	 2.834757e-16 	 -1.089768e-14
1 	 115 	 2 	 2 	 -4.924964e-15 	 -1.368400e-14
1 	 116 	 2 	 2 	 -1.406487e-14 	 -1.863151e-14
1 	 117 	 2 	 2 	 -2.313193e-14 	 -2.217457e-14
1 	 118 	 2 	 2 	 -3.142779e-14 	 -2.365007e-14
1 	 119 	 2 	 2 	 -3.339439e-14 	 -2.086734e-14
1 	 120 	 2 	 2 	 -2.928901e-14 	 -1.454874e-14
1 	 121 	 2 	 2 	 -2.016049e-14 	 -5.425348e-15
1 	 122 	 2 	 2 	 -1.331864e-14 	 -6.393341e-17
1 	 123 	 2 	 2 	 -8.300099e-15 	 5.032651e-15
1 	 124 	 2 	 2 	 -5.030422e-15 	 9.954574e-15
1 	 125 	 2 	 2 	 -3.516419e-15 	 1.123010e-14
1 	 126 	 2 	 2 	 -2.809591e-15 	 1.123580e-14
1 	 127 	 2 	 2 	 -3.485352e-15 	 9.193706e-15
1 	 128 	 2 	 2 	 -4.090032e-15 	 7.089856e-15
1 	 129 	 2 	 2 	 -4.642551e-15 	 4.977613e-15
1 	 130 	 2 	 2 	 -4.680835e-15 	 3.276701e-15
1 	 131 	 2 	 2 	 -4.606869e-15 	 1.691460e-15
1 	 132 	 2 	 2 	 -4.329131e-15 	 3.235102e-16
1 	 133 	 2 	 2 	 -3.924045e-15 	 -8.300466e-16
1 	 134 	 2 	 2 	 -3.442865e-15 	 -1.856828e-15
1 	 135 	 2 	 2 	 -2.857745e-15 	 -2.828123e-15
1 	 136 	 2 	 2 	 -2.246177e-15 	 -3.819900e-15
1 	 137 	 2 	 2 	 -1.515989e-15 	 -5.297873e-15
1 	 138 	 2 	 2 	 -8.115437e-16 	 -6.632856e-15
1 	 139 	 2 	 2 	 -2.329084e-16 	 -7.297419e-15
1 	 140 	 2 	 2 	 3.395940e-17 	 -7.061537e-15
1 	 141 	 2 	 2 	 -3.672222e-16 	 -4.890361e-15
1 	 142 	 2 	 2 	 -8.381698e-16 	 -2.815900e-15
1 	 143 	 2 	 2 	 -1.402184e-15 	 -9.226796e-16
1 	 144 	 2 	 2 	 -1.645984e-15 	 1.342320e-16
1 	 145 	 2 	 2 	 -1.474886e-15 	 1.074905e-16
1 	 146 	 2 	 2 	 -1.220603e-15 	 -5.536811e-17
1 	 147 	 2 	 2 	 -8.663600e-16 	 -3.794595e-16
1 	 148 	 2 	 2 	 -5.453665e-16 	 -6.303280e-16
1 	 149 	 2 	 2 	 -2.809719e-16 	 -7.589325e-16
1 	 150 	 2 	 2 	 -3.951960e-17 	 -8.540565e-16
1 	 151 	 2 	 2 	 1.507032e-16 	 -8.756433e-16
1 	 152 	 2 	 2 	 3.354843e-16 	 -8.905980e-16
1 	 153 	 2 	 2 	 4.959444e-16 	 -8.780962e-16
1 	 154 	 2 	 2 	 6.605454e-16 	 -8.672636e-16
1 	 155 	 2 	 2 	 9.286682e-16 	 -9.018512e-16
1 	 156 	 2 	 2 	 1.204462e-15 	 -9.395195e-16
1 	 157 	 2 	 2 	 1.293824e-15 	 -8.925295e-16
1 	 158 	 2 	 2 	 1.345550e-15 	 -8.265000e-16
1 	 159 	 2 	 2 	 1.058551e-15 	 -6.876465e-16
1 	 160 	 2 	 2 	 4.888371e-16 	 -4.869155e-16
1 	 161 	 2 	 2 	 3.619732e-17 	 -3.260774e-16
1 	 162 	 2 	 2 	 -1.648068e-17 	 -3.015590e-16
1 	 163 	 2 	 2 	 -6.648941e-17 	 -2.777944e-16
1 	 164 	 2 	 2 	 -1.010987e-18 	 -2.634725e-16
1 	 165 	 2 	 2 	 7.989441e-17 	 -2.504431e-16
1 	 166 	 2 	 2 	 1.426598e-16 	 -2.310423e-16
1 	 167 	 2 	 2 	 1.854310e-16 	 -2.048812e-16
1 	 168 	 2 	 2 	 2.278218e-16 	 -1.785028e-16
1 	 169 	 2 	 2 	 2.487369e-16 	 -1.498715e-16
1 	 170 	 2 	 2 	 2.699421e-16 	 -1.210715e-16
1 	 171 	 2 	 2 	 2.852638e-16 	 -9.328629e-17
1 	 172 	 2 	 2 	 2.955251e-16 	 -6.632339e-17
1 	 173 	 2 	 2 	 3.058404e-16 	 -3.916919e-17
1 	 174 	 2 	 2 	 3.342452e-16 	 -4.888074e-18
1 	 175 	 2 	 2 	 3.640856e-16 	 3.017296e-17
1 	 176 	 2 	 2 	 3.602678e-16 	 5.111928e-17
1 	 177 	 2 	 2 	 3.000730e-16 	 4.867984e-17
1 	 178 	 2 	 2 	 2.389677e-16 	 4.653506e-17
1 	 179 	 2 	 2 	 1.530244e-16 	 1.333198e-17
1 	 180 	 2 	 2 	 5.532757e-17 	 -3.292790e-17
1 	 181 	 2 	 2 	 -4.441626e-17 	 -8.008847e-17
1 	 182 	 2 	 2 	 -2.718331e-17 	 -7.234785e-17
1 	 183 	 2 	 2 	 -8.625978e-18 	 -6.416589e-17
1 	 184 	 2 	 2 	 9.360521e-18 	 -5.342265e-17
1 	 185 	 2 	 2 	 2.190538e-17 	 -3.556282e-17
1 	 186 	 2 	 2 	 3.479829e-17 	 -1.734455e-17
1 	 187 	 2 	 2 	 4.512682e-17 	 -7.013091e-19
1 	 188 	 2 	 2 	 5.147779e-17 	 1.337356e-17
1 	 189 	 2 	 2 	 5.797036e-17 	 2.755511e-17
1 	 190 	 2 	 2 	 6.076541e-17 	 3.897190e-17
1 	 191 	 2 	 2 	 6.044308e-17 	 4.823781e-17
1 	 192 	 2 	 2 	 6.053461e-17 	 5.805455e-17
1 	 193 	 2 	 2 	 4.129888e-17 	 4.621454e-17
1 	 194 	 2 	 2 	 6.811507e-18 	 1.761754e-17
1 	 195 	 2 	 2 	 -2.895050e-17 	 -1.194141e-17
1 	 196 	 2 	 2 	 -3.961438e-17 	 -2.181161e-17
1 	 197 	 2 	 2 	 -3.059269e-17 	 -1.632782e-17
1 	 198 	 2 	 2 	 -2.109110e-17 	 -1.055201e-17
1 	 199 	 2 	 2 	 -1.398802e-17 	 -3.345207e-18
1 	 200 	 2 	 2 	 -9.487220e-18 	 5.175155e-18
1 	 201 	 2 	 2 	 -4.886543e-18 	 1.386908e-17
1 	 202 	 2 	 2 	 -6.101977e-19 	 2.225369e-17
1 	 203 	 2 	 2 	 3.163159e-18 	 3.011725e-17
1 	 204 	 2 	 2 	 7.186625e-18 	 3.831589e-17
1 	 205 	 2 	 2 	 -9.627115e-16 	 4.127995e-16
1 	 206 	 2 	 2 	 -1.000534e-15 	 4.143157e-16
1 	 207 	 2 	 2 	 -1.040661e-15 	 4.165358e-16
1 	 208 	 2 	 2 	 -1.082367e-15 	 4.191837e-16
1 	 209 	 2 	 2 	 -1.124134e-15 	 4.216232e-16
1 	 210 	 2 	 2 	 -1.168052e-15 	 4.236827e-16
1 	 211 	 2 	 2 	 -1.214944e-15 	 4.253541e-16
1 	 212 	 2 	 2 	 -1.261900e-15 	 4.266650e-16
1 	 213 	 2 	 2 	 -1.312153e-15 	 4.265576e-16
1 	 214 	 2 	 2 	 -1.370059e-15 	 4.236317e-16
1 	 215 	 2 	 2 	 -1.428148e-15 	 4.198946e-16
1 	 216 	 2 	 2 	 -1.489865e-15 	 4.135839e-16
1 	 217 	 2 	 2 	 -1.562048e-15 	 4.013136e-16
1 	 218 	 2 	 2 	 -1.634453e-15 	 3.878422e-16
1 	 219 	 2 	 2 	 -1.716516e-15 	 3.684870e-16
1 	 220 	 2 	 2 	 -1.825782e-15 	 3.344375e-16
1 	 221 	 2 	 2 	 -1.935995e-15 	 2.988533e-16
1 	 222 	 2 	 2 	 -2.058885e-15 	 2.621562e-16
1 	 223 	 2 	 2 	 -2.206254e-15 	 2.248356e-16
1 	 224 	 2 	 2 	 -2.355041e-15 	 1.863495e-16
1 	 225 	 2 	 2 	 -2.496994e-15 	 1.612610e-16
1 	 226 	 2 	 2 	 -2.629529e-15 	 1.540040e-16
1 	 227 	 2 	 2 	 -2.762435e-15 	 1.456726e-16
1 	 228 	 2 	 2 	 -2.922852e-15 	 1.297181e-16
1 	 229 	 2 	 2 	 -3.097709e-15 	 1.102515e-16
1 	 230 	 2 	 2 	 -3.273278e-15 	 9.013630e-17
1 	 231 	 2 	 2 	 -3.493236e-15 	 6.714307e-17
1 	 232 	 2 	 2 	 -3.718201e-15 	 4.379250e-17
1 	 233 	 2 	 2 	 -3.958299e-15 	 1.876121e-17
1 	 234 	 2 	 2 	 -4.252028e-15 	 -1.234951e-17
1 	 235 	 2 	 2 	 -4.546189e-15 	 -4.331425e-17
1 	 236 	 2 	 2 	 -4.920728e-15 	 -8.479702e-17
1 	 237 	 2 	 2 	 -5.356206e-15 	 -1.344201e-16
1 	 238 	 2 	 2 	 -5.793738e-15 	 -1.841803e-16
1 	 239 	 2 	 2 	 -6.291582e-15 	 -1.925426e-16
1 	 240 	 2 	 2 	 -6.790677e-15 	 -1.994229e-16
1 	 241 	 2 	 2 	 -7.301091e-15 	 -1.781924e-16
1 	 242 	 2 	 2 	 -7.824164e-15 	 -1.231246e-16
1 	 243 	 2 	 2 	 -8.347215e-15 	 -6.665094e-17
1 	 244 	 2 	 2 	 -8.954532e-15 	 1.695104e-17
1 	 245 	 2 	 2 	 -9.564367e-15 	 1.014128e-16
1 	 246 	 2 	 2 	 -1.028195e-14 	 2.065396e-16
1 	 247 	 2 	 2 	 -1.109063e-14 	 3.293523e-16
1 	 248 	 2 	 2 	 -1.193414e-14 	 4.639446e-16
1 	 249 	 2 	 2 	 -1.294460e-14 	 6.542535e-16
1 	 250 	 2 	 2 	 -1.395695e-14 	 8.467010e-16
1 	 251 	 2 	 2 	 -1.513742e-14 	 1.111228e-15
1 	 252 	 2 	 2 	 -1.635248e-14 	 1.392928e-15
1 	 253 	 2 	 2 	 -1.771059e-14 	 1.738226e-15
1 	 254 	 2 	 2 	 -1.918573e-14 	 2.137289e-15
1 	 255 	 2 	 2 	 -2.076811e-14 	 2.587420e-15
1 	 256 	 2 	 2 	 -2.258650e-14 	 3.146030e-15
1 	 257 	 2 	 2 	 -2.445825e-14 	 3.738182e-15
1 	 258 	 2 	 2 	 -2.672179e-14 	 4.535465e-15
1 	 259 	 2 	 2 	 -2.898270e-14 	 5.342621e-15
1 	 260 	 2 	 2 	 -3.199040e-14 	 6.624960e-15
1 	 261 	 2 	 2 	 -3.502214e-14 	 7.941615e-15
1 	 262 	 2 	 2 	 -3.846538e-14 	 9.474307e-15
1 	 263 	 2 	 2 	 -4.196150e-14 	 1.105692e-14
1 	 264 	 2 	 2 	 -4.597140e-14 	 1.287333e-14
1 	 265 	 2 	 2 	 -5.008446e-14 	 1.475546e-14
1 	 266 	 2 	 2 	 -5.520274e-14 	 1.747068e-14
1 	 267 	 2 	 2 	 -6.057105e-14 	 2.043274e-14
1 	 268 	 2 	 2 	 -6.709124e-14 	 2.438127e-14
1 	 269 	 2 	 2 	 -7.384575e-14 	 2.858773e-14
1 	 270 	 2 	 2 	 -8.215815e-14 	 3.433124e-14
1 	 271 	 2 	 2 	 -9.064283e-14 	 4.032907e-14
1 	 272 	 2 	 2 	 -1.012964e-13 	 4.885071e-14
1 	 273 	 2 	 2 	 -1.122727e-13 	 5.796825e-14
1 	 274 	 2 	 2 	 -1.256067e-13 	 7.075722e-14
1 	 275 	 2 	 2 	 -1.396140e-13 	 8.575694e-14
1 	 276 	 2 	 2 	 -1.552049e-13 	 1.058525e-13
1 	 277 	 2 	 2 	 -1.718298e-13 	 1.291263e-13
1 	 278 	 2 	 2 	 -1.892816e-13 	 1.553882e-13
1 	 279 	 2 	 2 	 -2.097280e-13 	 1.871196e-13
1 	 280 	 2 	 2 	 -2.310621e-13 	 2.212985e-13
1 	 281 	 2 	 2 	 -2.556544e-13 	 2.677171e-13
1 	 282 	 2 	 2 	 -2.803417e-13 	 3.219538e-13
1 	 283 	 2 	 2 	 -3.052809e-13 	 3.885695e-13
1 	 284 	 2 	 2 	 -3.285667e-13 	 4.743046e-13
1 	 285 	 2 	 2 	 -3.500878e-13 	 5.710586e-13
1 	 286 	 2 	 2 	 -3.664301e-13 	 6.956911e-13
1 	 287 	 2 	 2 	 -3.753853e-13 	 8.436873e-13
1 	 288 	 2 	 2 	 -3.778129e-13 	 1.010810e-12
1 	 289 	 2 	 2 	 -3.586034e-13 	 1.229416e-12
1 	 290 	 2 	 2 	 -3.202728e-13 	 1.481333e-12
1 	 291 	 2 	 2 	 -2.616340e-13 	 1.767582e-12
1 	 292 	 2 	 2 	 -1.479715e-13 	 2.132483e-12
1 	 293 	 2 	 2 	 1.698254e-14 	 2.554949e-12
1 	 294 	 2 	 2 	 2.411965e-13 	 3.037335e-12
1 	 295 	 2 	 2 	 5.778637e-13 	 3.617062e-12
1 	 296 	 2 	 2 	 1.041732e-12 	 4.269163e-12
1 	 297 	 2 	 2 	 1.621433e-12 	 4.993987e-12
1 	 298 	 2 	 2 	 2.333424e-12 	 5.807290e-12
1 	 299 	 2 	 2 	 3.322189e-12 	 6.808764e-12
1 	 300 	 2 	 2 	 4.624659e-12 	 7.928066e-12
1 	 301 	 2 	 2 	 6.255156e-12 	 9.142086e-12
1 	 302 	 2 	 2 	 8.251639e-12 	 1.043705e-11
1 	 303 	 2 	 2 	 1.065489e-11 	 1.179644e-11
1 	 304 	 2 	 2 	 1.358162e-11 	 1.316656e-11
1 	 305 	 2 	 2 	 1.685872e-11 	 1.445175e-11
1 	 306 	 2 	 2 	 2.034847e-11 	 1.555050e-11
1 	 307 	 2 	 2 	 -2.065932e-11 	 -1.498427e-11
1 	 308 	 2 	 2 	 -1.723092e-11 	 -1.391061e-11
1 	 309 	 2 	 2 	 -1.399687e-11 	 -1.266991e-11
1 	 310 	 2 	 2 	 -1.109751e-11 	 -1.135524e-11
1 	 311 	 2 	 2 	 -8.698519e-12 	 -1.005600e-11
1 	 312 	 2 	 2 	 -6.704179e-12 	 -8.820373e-12
1 	 313 	 2 	 2 	 -5.048955e-12 	 -7.656679e-12
1 	 314 	 2 	 2 	 -3.687418e-12 	 -6.580927e-12
1 	 315 	 2 	 2 	 -2.593337e-12 	 -5.621426e-12
1 	 316 	 2 	 2 	 -1.804435e-12 	 -4.805853e-12
1 	 317 	 2 	 2 	 -1.184044e-12 	 -4.080084e-12
1 	 318 	 2 	 2 	 -7.042419e-13 	 -3.437958e-12
1 	 319 	 2 	 2 	 -3.548717e-13 	 -2.888037e-12
1 	 320 	 2 	 2 	 -1.240518e-13 	 -2.436282e-12
1 	 321 	 2 	 2 	 4.910018e-14 	 -2.039864e-12
1 	 322 	 2 	 2 	 1.725798e-13 	 -1.693067e-12
1 	 323 	 2 	 2 	 2.375293e-13 	 -1.418751e-12
1 	 324 	 2 	 2 	 2.814267e-13 	 -1.179647e-12
1 	 325 	 2 	 2 	 3.073360e-13 	 -9.710381e-13
1 	 326 	 2 	 2 	 3.100182e-13 	 -8.103920e-13
1 	 327 	 2 	 2 	 3.058324e-13 	 -6.708857e-13
1 	 328 	 2 	 2 	 2.952347e-13 	 -5.506733e-13
1 	 329 	 2 	 2 	 2.777597e-13 	 -4.604709e-13
1 	 330 	 2 	 2 	 2.594292e-13 	 -3.803407e-13
1 	 331 	 2 	 2 	 2.395567e-13 	 -3.157937e-13
1 	 332 	 2 	 2 	 2.195755e-13 	 -2.656249e-13
1 	 333 	 2 	 2 	 1.998962e-13 	 -2.213660e-13
1 	 334 	 2 	 2 	 1.817512e-13 	 -1.840958e-13
1 	 335 	 2 	 2 	 1.645671e-13 	 -1.492789e-13
1 	 336 	 2 	 2 	 1.486964e-13 	 -1.188931e-13
1 	 337 	 2 	 2 	 1.343197e-13 	 -9.551413e-14
1 	 338 	 2 	 2 	 1.208674e-13 	 -7.626075e-14
1 	 339 	 2 	 2 	 1.092757e-13 	 -6.370636e-14
1 	 340 	 2 	 2 	 9.816713e-14 	 -5.241539e-14
1 	 341 	 2 	 2 	 8.895659e-14 	 -4.445439e-14
1 	 342 	 2 	 2 	 8.018975e-14 	 -3.692729e-14
1 	 343 	 2 	 2 	 7.282534e-14 	 -3.122174e-14
1 	 344 	 2 	 2 	 6.597360e-14 	 -2.601836e-14
1 	 345 	 2 	 2 	 6.009021e-14 	 -2.190763e-14
1 	 346 	 2 	 2 	 5.470370e-14 	 -1.826448e-14
1 	 347 	 2 	 2 	 5.000853e-14 	 -1.531476e-14
1 	 348 	 2 	 2 	 4.575684e-14 	 -1.274332e-14
1 	 349 	 2 	 2 	 4.203385e-14 	 -1.063888e-14
1 	 350 	 2 	 2 	 3.871554e-14 	 -8.854047e-15
1 	 351 	 2 	 2 	 3.588488e-14 	 -7.470994e-15
1 	 352 	 2 	 2 	 3.317642e-14 	 -6.159066e-15
1 	 353 	 2 	 2 	 3.062887e-14 	 -4.958655e-15
1 	 354 	 2 	 2 	 2.800615e-14 	 -3.699325e-15
1 	 355 	 2 	 2 	 2.520371e-14 	 -2.329565e-15
1 	 356 	 2 	 2 	 2.255377e-14 	 -1.070567e-15
1 	 357 	 2 	 2 	 2.057350e-14 	 -3.332161e-16
1 	 358 	 2 	 2 	 1.861792e-14 	 4.031244e-16
1 	 359 	 2 	 2 	 1.736601e-14 	 7.110031e-16
1 	 360 	 2 	 2 	 1.612188e-14 	 1.024383e-15
1 	 361 	 2 	 2 	 1.504327e-14 	 1.254993e-15
1 	 362 	 2 	 2 	 1.400101e-14 	 1.472489e-15
1 	 363 	 2 	 2 	 1.304690e-14 	 1.652737e-15
1 	 364 	 2 	 2 	 1.216092e-14 	 1.804189e-15
1 	 365 	 2 	 2 	 1.131087e-14 	 1.943894e-15
1 	 366 	 2 	 2 	 1.056760e-14 	 2.037739e-15
1 	 367 	 2 	 2 	 9.822400e-15 	 2.135775e-15
1 	 368 	 2 	 2 	 9.241535e-15 	 2.191520e-15
1 	 369 	 2 	 2 	 8.680166e-15 	 2.245259e-15
1 	 370 	 2 	 2 	 8.107151e-15 	 2.276832e-15
1 	 371 	 2 	 2 	 7.520617e-15 	 2.285783e-15
1 	 372 	 2 	 2 	 6.927597e-15 	 2.293804e-15
1 	 373 	 2 	 2 	 6.222038e-15 	 2.216739e-15
1 	 374 	 2 	 2 	 5.505874e-15 	 2.140292e-15
1 	 375 	 2 	 2 	 4.978218e-15 	 2.068869e-15
1 	 376 	 2 	 2 	 4.615796e-15 	 2.001981e-15
1 	 377 	 2 	 2 	 4.253983e-15 	 1.935947e-15
1 	 378 	 2 	 2 	 4.004761e-15 	 1.887259e-15
1 	 379 	 2 	 2 	 3.756744e-15 	 1.839533e-15
1 	 380 	 2 	 2 	 3.522965e-15 	 1.790647e-15
1 	 381 	 2 	 2 	 3.311442e-15 	 1.739045e-15
1 	 382 	 2 	 2 	 3.099284e-15 	 1.687809e-15
1 	 383 	 2 	 2 	 2.914367e-15 	 1.636278e-15
1 	 384 	 2 	 2 	 2.739446e-15 	 1.584626e-15
1 	 385 	 2 	 2 	 2.564765e-15 	 1.532121e-15
1 	 386 	 2 	 2 	 2.434833e-15 	 1.492788e-15
1 	 387 	 2 	 2 	 2.305375e-15 	 1.454333e-15
1 	 388 	 2 	 2 	 2.166209e-15 	 1.405622e-15
1 	 389 	 2 	 2 	 1.993334e-15 	 1.321185e-15
1 	 390 	 2 	 2 	 1.818274e-15 	 1.236001e-15
1 	 391 	 2 	 2 	 1.659259e-15 	 1.149729e-15
1 	 392 	 2 	 2 	 1.524767e-15 	 1.062089e-15
1 	 393 	 2 	 2 	 1.388800e-15 	 9.735330e-16
1 	 394 	 2 	 2 	 1.295175e-15 	 9.145788e-16
1 	 395 	 2 	 2 	 1.241289e-15 	 8.833540e-16
1 	 396 	 2 	 2 	 1.187938e-15 	 8.525101e-16
1 	 397 	 2 	 2 	 1.135485e-15 	 8.239058e-16
1 	 398 	 2 	 2 	 1.083543e-15 	 7.963269e-16
1 	 399 	 2 	 2 	 1.031405e-15 	 7.687673e-16
1 	 400 	 2 	 2 	 9.851748e-16 	 7.457594e-16
1 	 401 	 2 	 2 	 9.435827e-16 	 7.264425e-16
1 	 402 	 2 	 2 	 9.021679e-16 	 7.074951e-16
1 	 403 	 2 	 2 	 8.496675e-16 	 6.740890e-16
1 	 404 	 2 	 2 	 7.852513e-16 	 6.253340e-16
1 	 405 	 2 	 2 	 7.196118e-16 	 5.753519e-16
1 	 406 	 2 	 2 	 6.667694e-16 	 5.346007e-16
1 	 407 	 2 	 2 	 6.369417e-16 	 5.105930e-16
1 	 408 	 2 	 2 	 6.073761e-16 	 4.862218e-16
1 	 1 	 2 	 3 	 -1.551124e-17 	 3.646695e-17
1 	 2 	 2 	 3 	 -1.380007e-17 	 3.932925e-17
1 	 3 	 2 	 3 	 -1.290666e-17 	 4.191889e-17
1 	 4 	 2 	 3 	 -1.260201e-17 	 4.429978e-17
1 	 5 	 2 	 3 	 -1.230133e-17 	 4.668019e-17
1 	 6 	 2 	 3 	 -1.207575e-17 	 4.904472e-17
1 	 7 	 2 	 3 	 -1.194793e-17 	 5.138785e-17
1 	 8 	 2 	 3 	 -1.181223e-17 	 5.373314e-17
1 	 9 	 2 	 3 	 -1.139629e-17 	 5.634437e-17
1 	 10 	 2 	 3 	 -1.031284e-17 	 5.959525e-17
1 	 11 	 2 	 3 	 -9.175360e-18 	 6.288602e-17
1 	 12 	 2 	 3 	 -8.574952e-18 	 6.555744e-17
1 	 13 	 2 	 3 	 -9.715235e-18 	 6.626981e-17
1 	 14 	 2 	 3 	 -1.088290e-17 	 6.695513e-17
1 	 15 	 2 	 3 	 -1.190561e-17 	 6.741573e-17
1 	 16 	 2 	 3 	 -1.244839e-17 	 6.728709e-17
1 	 17 	 2 	 3 	 -1.303507e-17 	 6.708390e-17
1 	 18 	 2 	 3 	 -1.263742e-17 	 6.802473e-17
1 	 19 	 2 	 3 	 -1.019602e-17 	 7.135659e-17
1 	 20 	 2 	 3 	 -7.685429e-18 	 7.468991e-17
1 	 21 	 2 	 3 	 -4.794156e-18 	 7.823828e-17
1 	 22 	 2 	 3 	 -1.503912e-18 	 8.200141e-17
1 	 23 	 2 	 3 	 1.805610e-18 	 8.574483e-17
1 	 24 	 2 	 3 	 6.764500e-18 	 8.932848e-17
1 	 25 	 2 	 3 	 1.259314e-17 	 9.286363e-17
1 	 26 	 2 	 3 	 1.845591e-17 	 9.643164e-17
1 	 27 	 2 	 3 	 2.889137e-17 	 9.263241e-17
1 	 28 	 2 	 3 	 3.989097e-17 	 8.797784e-17
1 	 29 	 2 	 3 	 5.100303e-17 	 8.046132e-17
1 	 30 	 2 	 3 	 6.221477e-17 	 6.263938e-17
1 	 31 	 2 	 3 	 7.352490e-17 	 4.437888e-17
1 	 32 	 2 	 3 	 7.912026e-17 	 2.538999e-17
1 	 33 	 2 	 3 	 8.030737e-17 	 5.805300e-18
1 	 34 	 2 	 3 	 8.130872e-17 	 -1.418382e-17
1 	 35 	 2 	 3 	 7.436198e-17 	 -2.620293e-17
1 	 36 	 2 	 3 	 6.695105e-17 	 -3.830264e-17
1 	 37 	 2 	 3 	 5.849711e-17 	 -4.452003e-17
1 	 38 	 2 	 3 	 4.898682e-17 	 -4.321542e-17
1 	 39 	 2 	 3 	 3.922614e-17 	 -4.148322e-17
1 	 40 	 2 	 3 	 3.064208e-17 	 -4.912739e-17
1 	 41 	 2 	 3 	 2.201366e-17 	 -5.707092e-17
1 	 42 	 2 	 3 	 9.921988e-18 	 -6.365563e-17
1 	 43 	 2 	 3 	 -5.185666e-18 	 -6.903011e-17
1 	 44 	 2 	 3 	 -2.125969e-17 	 -7.329683e-17
1 	 45 	 2 	 3 	 -4.125794e-17 	 -7.184250e-17
1 	 46 	 2 	 3 	 -6.159579e-17 	 -7.002338e-17
1 	 47 	 2 	 3 	 -8.703158e-17 	 -8.722185e-17
1 	 48 	 2 	 3 	 -1.137075e-16 	 -1.075361e-16
1 	 49 	 2 	 3 	 -1.671328e-16 	 -1.818506e-16
1 	 50 	 2 	 3 	 -2.432624e-16 	 -3.021115e-16
1 	 51 	 2 	 3 	 -3.708577e-16 	 -4.711306e-16
1 	 52 	 2 	 3 	 -6.149368e-16 	 -7.510548e-16
1 	 53 	 2 	 3 	 -8.384912e-16 	 -9.834041e-16
1 	 54 	 2 	 3 	 -8.546976e-16 	 -7.961896e-16
1 	 55 	 2 	 3 	 -8.642185e-16 	 -5.956194e-16
1 	 56 	 2 	 3 	 -8.959965e-16 	 -4.361702e-16
1 	 57 	 2 	 3 	 -9.274436e-16 	 -2.758218e-16
1 	 58 	 2 	 3 	 -1.012077e-15 	 -1.413555e-16
1 	 59 	 2 	 3 	 -1.105101e-15 	 -9.878221e-18
1 	 60 	 2 	 3 	 -1.207450e-15 	 1.507537e-16
1 	 61 	 2 	 3 	 -1.311453e-15 	 3.198626e-16
1 	 62 	 2 	 3 	 -1.426728e-15 	 5.252156e-16
1 	 63 	 2 	 3 	 -1.543690e-15 	 7.418627e-16
1 	 64 	 2 	 3 	 -1.657969e-15 	 1.015662e-15
1 	 65 	 2 	 3 	 -1.767629e-15 	 1.304353e-15
1 	 66 	 2 	 3 	 -2.156891e-15 	 1.715623e-15
1 	 67 	 2 	 3 	 -2.587782e-15 	 2.146759e-15
1 	 68 	 2 	 3 	 -3.526192e-15 	 2.984852e-15
1 	 69 	 2 	 3 	 -4.420505e-15 	 3.865625e-15
1 	 70 	 2 	 3 	 -4.781916e-15 	 4.921045e-15
1 	 71 	 2 	 3 	 -4.563758e-15 	 5.714473e-15
1 	 72 	 2 	 3 	 -2.935530e-15 	 5.834572e-15
1 	 73 	 2 	 3 	 -1.660561e-15 	 6.229492e-15
1 	 74 	 2 	 3 	 -7.633009e-16 	 6.909150e-15
1 	 75 	 2 	 3 	 3.531653e-16 	 7.527644e-15
1 	 76 	 2 	 3 	 1.564725e-15 	 8.112864e-15
1 	 77 	 2 	 3 	 3.111429e-15 	 8.520721e-15
1 	 78 	 2 	 3 	 4.802012e-15 	 8.815539e-15
1 	 79 	 2 	 3 	 6.714406e-15 	 8.926492e-15
1 	 80 	 2 	 3 	 8.834868e-15 	 8.895723e-15
1 	 81 	 2 	 3 	 1.109210e-14 	 8.789440e-15
1 	 82 	 2 	 3 	 1.369934e-14 	 8.686667e-15
1 	 83 	 2 	 3 	 1.740677e-14 	 1.297240e-14
1 	 84 	 2 	 3 	 2.208873e-14 	 2.098713e-14
1 	 85 	 2 	 3 	 3.127458e-14 	 3.384683e-14
1 	 86 	 2 	 3 	 4.077273e-14 	 4.163067e-14
1 	 87 	 2 	 3 	 5.034351e-14 	 4.368921e-14
1 	 88 	 2 	 3 	 5.307337e-14 	 2.962494e-14
1 	 89 	 2 	 3 	 4.954135e-14 	 7.066081e-15
1 	 90 	 2 	 3 	 4.174881e-14 	 -2.086377e-14
1 	 91 	 2 	 3 	 3.731713e-14 	 -4.273112e-14
1 	 92 	 2 	 3 	 2.991874e-14 	 -6.635412e-14
1 	 93 	 2 	 3 	 1.841957e-14 	 -9.235290e-14
1 	 94 	 2 	 3 	 1.472179e-15 	 -1.213785e-13
1 	 95 	 2 	 3 	 -2.493546e-14 	 -1.541146e-13
1 	 96 	 2 	 3 	 -6.472818e-14 	 -1.914149e-13
1 	 97 	 2 	 3 	 -1.205980e-13 	 -2.357202e-13
1 	 98 	 2 	 3 	 -1.958993e-13 	 -2.918600e-13
1 	 99 	 2 	 3 	 -2.939307e-13 	 -3.680971e-13
1 	 100 	 2 	 3 	 -4.154972e-13 	 -5.435603e-13
1 	 101 	 2 	 3 	 -4.534667e-13 	 -8.590751e-13
1 	 102 	 2 	 3 	 -9.906621e-14 	 -1.027620e-12
1 	 103 	 2 	 3 	 -3.495855e-13 	 -2.701061e-13
1 	 104 	 2 	 3 	 -4.643914e-13 	 -2.056965e-13
1 	 105 	 2 	 3 	 -4.159403e-13 	 -3.479100e-14
1 	 106 	 2 	 3 	 -1.956202e-13 	 1.171608e-13
1 	 107 	 2 	 3 	 -3.998061e-14 	 9.336186e-14
1 	 108 	 2 	 3 	 8.787016e-15 	 5.948866e-14
1 	 109 	 2 	 3 	 8.488088e-15 	 3.607094e-14
1 	 110 	 2 	 3 	 -7.465997e-15 	 2.499827e-14
1 	 111 	 2 	 3 	 -1.895723e-14 	 1.599754e-14
1 	 112 	 2 	 3 	 -2.596465e-14 	 6.883459e-15
1 	 113 	 2 	 3 	 -2.992442e-14 	 -1.588034e-15
1 	 114 	 2 	 3 	 -3.172078e-14 	 -9.688458e-15
1 	 115 	 2 	 3 	 -3.230227e-14 	 -1.782094e-14
1 	 116 	 2 	 3 	 -3.452805e-14 	 -2.914733e-14
1 	 117 	 2 	 3 	 -3.530530e-14 	 -3.921874e-14
1 	 118 	 2 	 3 	 -3.405457e-14 	 -4.720582e-14
1 	 119 	 2 	 3 	 -2.818218e-14 	 -4.659635e-14
1 	 120 	 2 	 3 	 -2.119287e-14 	 -3.901164e-14
1 	 121 	 2 	 3 	 -1.344232e-14 	 -2.578042e-14
1 	 122 	 2 	 3 	 -1.007918e-14 	 -1.712540e-14
1 	 123 	 2 	 3 	 -7.874031e-15 	 -9.748323e-15
1 	 124 	 2 	 3 	 -6.756835e-15 	 -3.523690e-15
1 	 125 	 2 	 3 	 -6.372300e-15 	 -1.491046e-15
1 	 126 	 2 	 3 	 -5.814313e-15 	 -7.031718e-16
1 	 127 	 2 	 3 	 -4.865917e-15 	 -1.861254e-15
1 	 128 	 2 	 3 	 -3.771007e-15 	 -2.746947e-15
1 	 129 	 2 	 3 	 -2.619319e-15 	 -3.500072e-15
1 	 130 	 2 	 3 	 -1.596226e-15 	 -3.687426e-15
1 	 131 	 2 	 3 	 -6.404898e-16 	 -3.763398e-15
1 	 132 	 2 	 3 	 1.884649e-16 	 -3.633268e-15
1 	 133 	 2 	 3 	 8.760404e-16 	 -3.384842e-15
1 	 134 	 2 	 3 	 1.481832e-15 	 -3.064689e-15
1 	 135 	 2 	 3 	 2.023263e-15 	 -2.723121e-15
1 	 136 	 2 	 3 	 2.570681e-15 	 -2.378822e-15
1 	 137 	 2 	 3 	 3.334247e-15 	 -2.083517e-15
1 	 138 	 2 	 3 	 3.996168e-15 	 -1.759779e-15
1 	 139 	 2 	 3 	 4.191584e-15 	 -1.315936e-15
1 	 140 	 2 	 3 	 3.882417e-15 	 -9.198656e-16
1 	 141 	 2 	 3 	 2.488920e-15 	 -6.276285e-16
1 	 142 	 2 	 3 	 1.237764e-15 	 -4.774969e-16
1 	 143 	 2 	 3 	 2.208642e-16 	 -5.429731e-16
1 	 144 	 2 	 3 	 -3.237237e-16 	 -5.535818e-16
1 	 145 	 2 	 3 	 -2.591145e-16 	 -4.929354e-16
1 	 146 	 2 	 3 	 -1.467187e-16 	 -3.948941e-16
1 	 147 	 2 	 3 	 1.867371e-17 	 -2.511099e-16
1 	 148 	 2 	 3 	 1.407708e-16 	 -1.197729e-16
1 	 149 	 2 	 3 	 1.919296e-16 	 -9.676279e-18
1 	 150 	 2 	 3 	 2.263237e-16 	 8.889476e-17
1 	 151 	 2 	 3 	 2.241526e-16 	 1.618438e-16
1 	 152 	 2 	 3 	 2.192714e-16 	 2.312576e-16
1 	 153 	 2 	 3 	 2.033934e-16 	 2.852475e-16
1 	 154 	 2 	 3 	 1.879454e-16 	 3.407234e-16
1 	 155 	 2 	 3 	 1.847570e-16 	 4.307618e-16
1 	 156 	 2 	 3 	 1.823388e-16 	 5.237580e-16
1 	 157 	 2 	 3 	 1.536509e-16 	 5.354428e-16
1 	 158 	 2 	 3 	 1.183056e-16 	 5.300168e-16
1 	 159 	 2 	 3 	 8.884754e-17 	 4.084623e-16
1 	 160 	 2 	 3 	 6.360919e-17 	 1.896628e-16
1 	 161 	 2 	 3 	 4.572593e-17 	 1.801335e-17
1 	 162 	 2 	 3 	 5.339508e-17 	 6.446825e-18
1 	 163 	 2 	 3 	 6.134752e-17 	 -3.841634e-18
1 	 164 	 2 	 3 	 5.434359e-17 	 1.506309e-17
1 	 165 	 2 	 3 	 4.546185e-17 	 3.794634e-17
1 	 166 	 2 	 3 	 3.584556e-17 	 5.329195e-17
1 	 167 	 2 	 3 	 2.555366e-17 	 6.047973e-17
1 	 168 	 2 	 3 	 1.524278e-17 	 6.745650e-17
1 	 169 	 2 	 3 	 6.882095e-18 	 6.726787e-17
1 	 170 	 2 	 3 	 -1.565256e-18 	 6.710149e-17
1 	 171 	 2 	 3 	 -8.731152e-18 	 6.554003e-17
1 	 172 	 2 	 3 	 -1.480905e-17 	 6.276568e-17
1 	 173 	 2 	 3 	 -2.094133e-17 	 5.994054e-17
1 	 174 	 2 	 3 	 -2.988067e-17 	 6.016085e-17
1 	 175 	 2 	 3 	 -3.913066e-17 	 6.055560e-17
1 	 176 	 2 	 3 	 -4.173147e-17 	 5.538858e-17
1 	 177 	 2 	 3 	 -3.326188e-17 	 4.084711e-17
1 	 178 	 2 	 3 	 -2.476548e-17 	 2.596399e-17
1 	 179 	 2 	 3 	 -8.679215e-18 	 1.240793e-17
1 	 180 	 2 	 3 	 1.074354e-17 	 -9.542116e-19
1 	 181 	 2 	 3 	 3.051490e-17 	 -1.465434e-17
1 	 182 	 2 	 3 	 2.760017e-17 	 -1.088928e-17
1 	 183 	 2 	 3 	 2.447867e-17 	 -6.889383e-18
1 	 184 	 2 	 3 	 2.100165e-17 	 -3.683956e-18
1 	 185 	 2 	 3 	 1.692899e-17 	 -3.693768e-18
1 	 186 	 2 	 3 	 1.276389e-17 	 -3.707607e-18
1 	 187 	 2 	 3 	 9.269753e-18 	 -3.886595e-18
1 	 188 	 2 	 3 	 6.822589e-18 	 -4.295949e-18
1 	 189 	 2 	 3 	 4.342335e-18 	 -4.704623e-18
1 	 190 	 2 	 3 	 2.743877e-18 	 -5.380285e-18
1 	 191 	 2 	 3 	 1.891858e-18 	 -6.292690e-18
1 	 192 	 2 	 3 	 9.484401e-19 	 -7.195349e-18
1 	 193 	 2 	 3 	 3.863115e-18 	 -9.514571e-18
1 	 194 	 2 	 3 	 9.786251e-18 	 -1.300228e-17
1 	 195 	 2 	 3 	 1.591669e-17 	 -1.665978e-17
1 	 196 	 2 	 3 	 1.777302e-17 	 -1.721149e-17
1 	 197 	 2 	 3 	 1.630106e-17 	 -1.531158e-17
1 	 198 	 2 	 3 	 1.476977e-17 	 -1.334062e-17
1 	 199 	 2 	 3 	 1.333791e-17 	 -1.205703e-17
1 	 200 	 2 	 3 	 1.202198e-17 	 -1.150234e-17
1 	 201 	 2 	 3 	 1.068670e-17 	 -1.094858e-17
1 	 202 	 2 	 3 	 9.470601e-18 	 -1.030824e-17
1 	 203 	 2 	 3 	 8.448852e-18 	 -9.499586e-18
1 	 204 	 2 	 3 	 7.392751e-18 	 -8.653987e-18
1 	 205 	 2 	 3 	 -3.560582e-16 	 -1.838076e-16
1 	 206 	 2 	 3 	 -3.674383e-16 	 -1.910614e-16
1 	 207 	 2 	 3 	 -3.789587e-16 	 -1.981919e-16
1 	 208 	 2 	 3 	 -3.905217e-16 	 -2.052382e-16
1 	 209 	 2 	 3 	 -4.019772e-16 	 -2.123063e-16
1 	 210 	 2 	 3 	 -4.136633e-16 	 -2.193330e-16
1 	 211 	 2 	 3 	 -4.257332e-16 	 -2.261950e-16
1 	 212 	 2 	 3 	 -4.376224e-16 	 -2.330890e-16
1 	 213 	 2 	 3 	 -4.495364e-16 	 -2.403383e-16
1 	 214 	 2 	 3 	 -4.617430e-16 	 -2.483833e-16
1 	 215 	 2 	 3 	 -4.735619e-16 	 -2.565284e-16
1 	 216 	 2 	 3 	 -4.848858e-16 	 -2.651704e-16
1 	 217 	 2 	 3 	 -4.955280e-16 	 -2.750931e-16
1 	 218 	 2 	 3 	 -5.055313e-16 	 -2.851761e-16
1 	 219 	 2 	 3 	 -5.148038e-16 	 -2.966661e-16
1 	 220 	 2 	 3 	 -5.231617e-16 	 -3.118916e-16
1 	 221 	 2 	 3 	 -5.308737e-16 	 -3.273743e-16
1 	 222 	 2 	 3 	 -5.378354e-16 	 -3.455440e-16
1 	 223 	 2 	 3 	 -5.439070e-16 	 -3.688906e-16
1 	 224 	 2 	 3 	 -5.493912e-16 	 -3.926297e-16
1 	 225 	 2 	 3 	 -5.545551e-16 	 -4.175247e-16
1 	 226 	 2 	 3 	 -5.597971e-16 	 -4.434770e-16
1 	 227 	 2 	 3 	 -5.643989e-16 	 -4.693539e-16
1 	 228 	 2 	 3 	 -5.680660e-16 	 -5.002958e-16
1 	 229 	 2 	 3 	 -5.710410e-16 	 -5.342109e-16
1 	 230 	 2 	 3 	 -5.733540e-16 	 -5.685567e-16
1 	 231 	 2 	 3 	 -5.747679e-16 	 -6.150813e-16
1 	 232 	 2 	 3 	 -5.756931e-16 	 -6.633032e-16
1 	 233 	 2 	 3 	 -5.757061e-16 	 -7.159801e-16
1 	 234 	 2 	 3 	 -5.733916e-16 	 -7.836958e-16
1 	 235 	 2 	 3 	 -5.707897e-16 	 -8.519444e-16
1 	 236 	 2 	 3 	 -5.625533e-16 	 -9.414375e-16
1 	 237 	 2 	 3 	 -5.499263e-16 	 -1.047047e-15
1 	 238 	 2 	 3 	 -5.370081e-16 	 -1.153409e-15
1 	 239 	 2 	 3 	 -5.374935e-16 	 -1.294729e-15
1 	 240 	 2 	 3 	 -5.384638e-16 	 -1.436844e-15
1 	 241 	 2 	 3 	 -5.571115e-16 	 -1.593785e-15
1 	 242 	 2 	 3 	 -5.970201e-16 	 -1.768197e-15
1 	 243 	 2 	 3 	 -6.373837e-16 	 -1.943175e-15
1 	 244 	 2 	 3 	 -7.069337e-16 	 -2.157672e-15
1 	 245 	 2 	 3 	 -7.769961e-16 	 -2.374410e-15
1 	 246 	 2 	 3 	 -8.671109e-16 	 -2.630881e-15
1 	 247 	 2 	 3 	 -9.741187e-16 	 -2.921025e-15
1 	 248 	 2 	 3 	 -1.092584e-15 	 -3.225485e-15
1 	 249 	 2 	 3 	 -1.268138e-15 	 -3.594885e-15
1 	 250 	 2 	 3 	 -1.444818e-15 	 -3.966157e-15
1 	 251 	 2 	 3 	 -1.705399e-15 	 -4.398455e-15
1 	 252 	 2 	 3 	 -1.984557e-15 	 -4.844217e-15
1 	 253 	 2 	 3 	 -2.340695e-15 	 -5.332950e-15
1 	 254 	 2 	 3 	 -2.761305e-15 	 -5.856811e-15
1 	 255 	 2 	 3 	 -3.241953e-15 	 -6.406121e-15
1 	 256 	 2 	 3 	 -3.852239e-15 	 -7.010116e-15
1 	 257 	 2 	 3 	 -4.496380e-15 	 -7.624061e-15
1 	 258 	 2 	 3 	 -5.358623e-15 	 -8.305321e-15
1 	 259 	 2 	 3 	 -6.228053e-15 	 -8.985475e-15
1 	 260 	 2 	 3 	 -7.499011e-15 	 -9.797695e-15
1 	 261 	 2 	 3 	 -8.794417e-15 	 -1.061291e-14
1 	 262 	 2 	 3 	 -1.040414e-14 	 -1.133560e-14
1 	 263 	 2 	 3 	 -1.207315e-14 	 -1.203502e-14
1 	 264 	 2 	 3 	 -1.403067e-14 	 -1.258114e-14
1 	 265 	 2 	 3 	 -1.606340e-14 	 -1.307544e-14
1 	 266 	 2 	 3 	 -1.865690e-14 	 -1.346238e-14
1 	 267 	 2 	 3 	 -2.141235e-14 	 -1.380236e-14
1 	 268 	 2 	 3 	 -2.476189e-14 	 -1.387271e-14
1 	 269 	 2 	 3 	 -2.826200e-14 	 -1.385081e-14
1 	 270 	 2 	 3 	 -3.252066e-14 	 -1.338319e-14
1 	 271 	 2 	 3 	 -3.689915e-14 	 -1.280701e-14
1 	 272 	 2 	 3 	 -4.231006e-14 	 -1.151406e-14
1 	 273 	 2 	 3 	 -4.793484e-14 	 -1.001857e-14
1 	 274 	 2 	 3 	 -5.490592e-14 	 -7.542542e-15
1 	 275 	 2 	 3 	 -6.267902e-14 	 -4.316610e-15
1 	 276 	 2 	 3 	 -7.232208e-14 	 5.965629e-16
1 	 277 	 2 	 3 	 -8.254154e-14 	 6.845666e-15
1 	 278 	 2 	 3 	 -9.327815e-14 	 1.443488e-14
1 	 279 	 2 	 3 	 -1.044485e-13 	 2.351919e-14
1 	 280 	 2 	 3 	 -1.158144e-13 	 3.342952e-14
1 	 281 	 2 	 3 	 -1.292474e-13 	 4.656468e-14
1 	 282 	 2 	 3 	 -1.440593e-13 	 6.253017e-14
1 	 283 	 2 	 3 	 -1.611024e-13 	 8.289425e-14
1 	 284 	 2 	 3 	 -1.810609e-13 	 1.106743e-13
1 	 285 	 2 	 3 	 -2.023981e-13 	 1.431327e-13
1 	 286 	 2 	 3 	 -2.272108e-13 	 1.871650e-13
1 	 287 	 2 	 3 	 -2.542464e-13 	 2.423006e-13
1 	 288 	 2 	 3 	 -2.827934e-13 	 3.068512e-13
1 	 289 	 2 	 3 	 -3.150862e-13 	 3.983641e-13
1 	 290 	 2 	 3 	 -3.479442e-13 	 5.104828e-13
1 	 291 	 2 	 3 	 -3.809633e-13 	 6.442186e-13
1 	 292 	 2 	 3 	 -4.116190e-13 	 8.328677e-13
1 	 293 	 2 	 3 	 -4.342498e-13 	 1.069675e-12
1 	 294 	 2 	 3 	 -4.440272e-13 	 1.360519e-12
1 	 295 	 2 	 3 	 -4.217336e-13 	 1.751150e-12
1 	 296 	 2 	 3 	 -3.434920e-13 	 2.242296e-12
1 	 297 	 2 	 3 	 -2.175655e-13 	 2.824997e-12
1 	 298 	 2 	 3 	 -3.964127e-14 	 3.512747e-12
1 	 299 	 2 	 3 	 2.488497e-13 	 4.427676e-12
1 	 300 	 2 	 3 	 7.336832e-13 	 5.565826e-12
1 	 301 	 2 	 3 	 1.454138e-12 	 6.917894e-12
1 	 302 	 2 	 3 	 2.463088e-12 	 8.489902e-12
1 	 303 	 2 	 3 	 3.817987e-12 	 1.028493e-11
1 	 304 	 2 	 3 	 5.685714e-12 	 1.230871e-11
1 	 305 	 2 	 3 	 7.978175e-12 	 1.440903e-11
1 	 306 	 2 	 3 	 1.063946e-11 	 1.644867e-11
1 	 307 	 2 	 3 	 -1.132582e-11 	 -1.624089e-11
1 	 308 	 2 	 3 	 -8.706106e-12 	 -1.426813e-11
1 	 309 	 2 	 3 	 -6.415651e-12 	 -1.224443e-11
1 	 310 	 2 	 3 	 -4.521772e-12 	 -1.029470e-11
1 	 311 	 2 	 3 	 -3.113843e-12 	 -8.559140e-12
1 	 312 	 2 	 3 	 -2.049124e-12 	 -7.042438e-12
1 	 313 	 2 	 3 	 -1.241412e-12 	 -5.725866e-12
1 	 314 	 2 	 3 	 -6.339050e-13 	 -4.594966e-12
1 	 315 	 2 	 3 	 -1.894994e-13 	 -3.644337e-12
1 	 316 	 2 	 3 	 6.494137e-14 	 -2.909529e-12
1 	 317 	 2 	 3 	 2.319508e-13 	 -2.301356e-12
1 	 318 	 2 	 3 	 3.313905e-13 	 -1.802170e-12
1 	 319 	 2 	 3 	 3.757688e-13 	 -1.409733e-12
1 	 320 	 2 	 3 	 3.798061e-13 	 -1.120326e-12
1 	 321 	 2 	 3 	 3.698522e-13 	 -8.826604e-13
1 	 322 	 2 	 3 	 3.491698e-13 	 -6.898307e-13
1 	 323 	 2 	 3 	 3.215142e-13 	 -5.526547e-13
1 	 324 	 2 	 3 	 2.940465e-13 	 -4.379408e-13
1 	 325 	 2 	 3 	 2.666616e-13 	 -3.425153e-13
1 	 326 	 2 	 3 	 2.408512e-13 	 -2.747824e-13
1 	 327 	 2 	 3 	 2.169836e-13 	 -2.174525e-13
1 	 328 	 2 	 3 	 1.947532e-13 	 -1.697132e-13
1 	 329 	 2 	 3 	 1.755212e-13 	 -1.357387e-13
1 	 330 	 2 	 3 	 1.577517e-13 	 -1.057516e-13
1 	 331 	 2 	 3 	 1.420206e-13 	 -8.220475e-14
1 	 332 	 2 	 3 	 1.287583e-13 	 -6.436618e-14
1 	 333 	 2 	 3 	 1.164918e-13 	 -4.864730e-14
1 	 334 	 2 	 3 	 1.033953e-13 	 -3.471053e-14
1 	 335 	 2 	 3 	 9.037510e-14 	 -2.184949e-14
1 	 336 	 2 	 3 	 7.739471e-14 	 -1.123587e-14
1 	 337 	 2 	 3 	 6.677070e-14 	 -3.734577e-15
1 	 338 	 2 	 3 	 5.754697e-14 	 1.949833e-15
1 	 339 	 2 	 3 	 5.077516e-14 	 5.236607e-15
1 	 340 	 2 	 3 	 4.447268e-14 	 8.115174e-15
1 	 341 	 2 	 3 	 3.925332e-14 	 9.794009e-15
1 	 342 	 2 	 3 	 3.422000e-14 	 1.135077e-14
1 	 343 	 2 	 3 	 2.992156e-14 	 1.220690e-14
1 	 344 	 2 	 3 	 2.588452e-14 	 1.288580e-14
1 	 345 	 2 	 3 	 2.240194e-14 	 1.313374e-14
1 	 346 	 2 	 3 	 1.921697e-14 	 1.321881e-14
1 	 347 	 2 	 3 	 1.646668e-14 	 1.304867e-14
1 	 348 	 2 	 3 	 1.400114e-14 	 1.277351e-14
1 	 349 	 2 	 3 	 1.188332e-14 	 1.236087e-14
1 	 350 	 2 	 3 	 1.002284e-14 	 1.191779e-14
1 	 351 	 2 	 3 	 8.480878e-15 	 1.143097e-14
1 	 352 	 2 	 3 	 7.049457e-15 	 1.087844e-14
1 	 353 	 2 	 3 	 5.781096e-15 	 1.022030e-14
1 	 354 	 2 	 3 	 4.560317e-15 	 9.471126e-15
1 	 355 	 2 	 3 	 3.447179e-15 	 8.517762e-15
1 	 356 	 2 	 3 	 2.422799e-15 	 7.609280e-15
1 	 357 	 2 	 3 	 1.794208e-15 	 6.901570e-15
1 	 358 	 2 	 3 	 1.167247e-15 	 6.204067e-15
1 	 359 	 2 	 3 	 8.170257e-16 	 5.738528e-15
1 	 360 	 2 	 3 	 4.620159e-16 	 5.276575e-15
1 	 361 	 2 	 3 	 2.086704e-16 	 4.857834e-15
1 	 362 	 2 	 3 	 -2.564140e-17 	 4.448193e-15
1 	 363 	 2 	 3 	 -2.091710e-16 	 4.069588e-15
1 	 364 	 2 	 3 	 -3.527726e-16 	 3.714583e-15
1 	 365 	 2 	 3 	 -4.812599e-16 	 3.374324e-15
1 	 366 	 2 	 3 	 -5.581525e-16 	 3.079121e-15
1 	 367 	 2 	 3 	 -6.371814e-16 	 2.782279e-15
1 	 368 	 2 	 3 	 -6.789481e-16 	 2.551733e-15
1 	 369 	 2 	 3 	 -7.179186e-16 	 2.327992e-15
1 	 370 	 2 	 3 	 -7.354480e-16 	 2.110407e-15
1 	 371 	 2 	 3 	 -7.310085e-16 	 1.898464e-15
1 	 372 	 2 	 3 	 -7.252751e-16 	 1.685258e-15
1 	 373 	 2 	 3 	 -6.640347e-16 	 1.475698e-15
1 	 374 	 2 	 3 	 -6.021529e-16 	 1.262664e-15
1 	 375 	 2 	 3 	 -5.546746e-16 	 1.108173e-15
1 	 376 	 2 	 3 	 -5.198411e-16 	 1.004714e-15
1 	 377 	 2 	 3 	 -4.851754e-16 	 9.009345e-16
1 	 378 	 2 	 3 	 -4.611914e-16 	 8.294677e-16
1 	 379 	 2 	 3 	 -4.373414e-16 	 7.578589e-16
1 	 380 	 2 	 3 	 -4.133278e-16 	 6.924940e-16
1 	 381 	 2 	 3 	 -3.888459e-16 	 6.374283e-16
1 	 382 	 2 	 3 	 -3.642097e-16 	 5.819103e-16
1 	 383 	 2 	 3 	 -3.413089e-16 	 5.371125e-16
1 	 384 	 2 	 3 	 -3.188848e-16 	 4.962261e-16
1 	 385 	 2 	 3 	 -2.958705e-16 	 4.553121e-16
1 	 386 	 2 	 3 	 -2.795110e-16 	 4.264743e-16
1 	 387 	 2 	 3 	 -2.631119e-16 	 3.974729e-16
1 	 388 	 2 	 3 	 -2.444638e-16 	 3.684293e-16
1 	 389 	 2 	 3 	 -2.184273e-16 	 3.394195e-16
1 	 390 	 2 	 3 	 -1.919210e-16 	 3.099410e-16
1 	 391 	 2 	 3 	 -1.676341e-16 	 2.849563e-16
1 	 392 	 2 	 3 	 -1.468083e-16 	 2.668081e-16
1 	 393 	 2 	 3 	 -1.256278e-16 	 2.484362e-16
1 	 394 	 2 	 3 	 -1.124936e-16 	 2.353294e-16
1 	 395 	 2 	 3 	 -1.068577e-16 	 2.271864e-16
1 	 396 	 2 	 3 	 -1.011635e-16 	 2.191050e-16
1 	 397 	 2 	 3 	 -9.609368e-17 	 2.108019e-16
1 	 398 	 2 	 3 	 -9.125408e-17 	 2.023431e-16
1 	 399 	 2 	 3 	 -8.628248e-17 	 1.938397e-16
1 	 400 	 2 	 3 	 -8.254225e-17 	 1.861684e-16
1 	 401 	 2 	 3 	 -7.974660e-17 	 1.791572e-16
1 	 402 	 2 	 3 	 -7.687616e-17 	 1.721721e-16
1 	 403 	 2 	 3 	 -7.191648e-17 	 1.639062e-16
1 	 404 	 2 	 3 	 -6.470377e-17 	 1.542671e-16
1 	 405 	 2 	 3 	 -5.714505e-17 	 1.444975e-16
1 	 406 	 2 	 3 	 -5.152838e-17 	 1.365631e-16
1 	 407 	 2 	 3 	 -4.949132e-17 	 1.319136e-16
1 	 408 	 2 	 3 	 -4.729004e-17 	 1.273408e-16
1 	 1 	 2 	 4 	 -2.558926e-17 	 5.781451e-18
1 	 2 	 2 	 4 	 -2.606944e-17 	 7.117235e-18
1 	 3 	 2 	 4 	 -2.669001e-17 	 8.005531e-18
1 	 4 	 2 	 4 	 -2.740718e-17 	 8.567593e-18
1 	 5 	 2 	 4 	 -2.811957e-17 	 9.120251e-18
1 	 6 	 2 	 4 	 -2.886581e-17 	 9.594257e-18
1 	 7 	 2 	 4 	 -2.966489e-17 	 9.966455e-18
1 	 8 	 2 	 4 	 -3.046357e-17 	 1.033886e-17
1 	 9 	 2 	 4 	 -3.127918e-17 	 1.083794e-17
1 	 10 	 2 	 4 	 -3.213472e-17 	 1.164799e-17
1 	 11 	 2 	 4 	 -3.299481e-17 	 1.249491e-17
1 	 12 	 2 	 4 	 -3.393497e-17 	 1.281819e-17
1 	 13 	 2 	 4 	 -3.511123e-17 	 1.147656e-17
1 	 14 	 2 	 4 	 -3.629365e-17 	 1.010372e-17
1 	 15 	 2 	 4 	 -3.748422e-17 	 8.832086e-18
1 	 16 	 2 	 4 	 -3.868916e-17 	 7.929528e-18
1 	 17 	 2 	 4 	 -3.989384e-17 	 6.976512e-18
1 	 18 	 2 	 4 	 -4.103175e-17 	 7.028445e-18
1 	 19 	 2 	 4 	 -4.202286e-17 	 9.171645e-18
1 	 20 	 2 	 4 	 -4.298392e-17 	 1.137646e-17
1 	 21 	 2 	 4 	 -4.405838e-17 	 1.362140e-17
1 	 22 	 2 	 4 	 -4.527173e-17 	 1.587757e-17
1 	 23 	 2 	 4 	 -4.646793e-17 	 1.814897e-17
1 	 24 	 2 	 4 	 -4.762550e-17 	 2.075222e-17
1 	 25 	 2 	 4 	 -4.875622e-17 	 2.355331e-17
1 	 26 	 2 	 4 	 -4.987319e-17 	 2.639310e-17
1 	 27 	 2 	 4 	 -5.040441e-17 	 2.869327e-17
1 	 28 	 2 	 4 	 -5.086596e-17 	 3.094617e-17
1 	 29 	 2 	 4 	 -5.075352e-17 	 3.301350e-17
1 	 30 	 2 	 4 	 -4.854686e-17 	 3.435559e-17
1 	 31 	 2 	 4 	 -4.627155e-17 	 3.566060e-17
1 	 32 	 2 	 4 	 -4.279116e-17 	 3.624909e-17
1 	 33 	 2 	 4 	 -3.837655e-17 	 3.626410e-17
1 	 34 	 2 	 4 	 -3.384845e-17 	 3.619012e-17
1 	 35 	 2 	 4 	 -3.005873e-17 	 3.515231e-17
1 	 36 	 2 	 4 	 -2.619408e-17 	 3.397608e-17
1 	 37 	 2 	 4 	 -2.340922e-17 	 3.315417e-17
1 	 38 	 2 	 4 	 -2.206103e-17 	 3.281161e-17
1 	 39 	 2 	 4 	 -2.076599e-17 	 3.243496e-17
1 	 40 	 2 	 4 	 -1.730439e-17 	 3.122998e-17
1 	 41 	 2 	 4 	 -1.375284e-17 	 2.996673e-17
1 	 42 	 2 	 4 	 -1.069130e-17 	 2.726716e-17
1 	 43 	 2 	 4 	 -8.064444e-18 	 2.331442e-17
1 	 44 	 2 	 4 	 -5.810407e-18 	 1.900936e-17
1 	 45 	 2 	 4 	 -5.528941e-18 	 1.337190e-17
1 	 46 	 2 	 4 	 -5.364643e-18 	 7.590752e-18
1 	 47 	 2 	 4 	 9.660213e-19 	 -1.536708e-18
1 	 48 	 2 	 4 	 8.289272e-18 	 -1.140870e-17
1 	 49 	 2 	 4 	 3.287556e-17 	 -3.726055e-17
1 	 50 	 2 	 4 	 7.211210e-17 	 -7.669067e-17
1 	 51 	 2 	 4 	 1.233340e-16 	 -1.453932e-16
1 	 52 	 2 	 4 	 2.017686e-16 	 -2.804114e-16
1 	 53 	 2 	 4 	 2.648181e-16 	 -4.024305e-16
1 	 54 	 2 	 4 	 1.967163e-16 	 -3.959538e-16
1 	 55 	 2 	 4 	 1.244263e-16 	 -3.854145e-16
1 	 56 	 2 	 4 	 6.041732e-17 	 -3.843861e-16
1 	 57 	 2 	 4 	 -4.123487e-18 	 -3.829293e-16
1 	 58 	 2 	 4 	 -7.277264e-17 	 -4.066748e-16
1 	 59 	 2 	 4 	 -1.427191e-16 	 -4.342214e-16
1 	 60 	 2 	 4 	 -2.323319e-16 	 -4.597400e-16
1 	 61 	 2 	 4 	 -3.274487e-16 	 -4.841898e-16
1 	 62 	 2 	 4 	 -4.465972e-16 	 -5.039841e-16
1 	 63 	 2 	 4 	 -5.728861e-16 	 -5.214636e-16
1 	 64 	 2 	 4 	 -7.295192e-16 	 -5.202601e-16
1 	 65 	 2 	 4 	 -8.931500e-16 	 -5.122491e-16
1 	 66 	 2 	 4 	 -1.205409e-15 	 -5.889164e-16
1 	 67 	 2 	 4 	 -1.540728e-15 	 -6.770726e-16
1 	 68 	 2 	 4 	 -2.278724e-15 	 -8.538812e-16
1 	 69 	 2 	 4 	 -3.035192e-15 	 -9.912633e-16
1 	 70 	 2 	 4 	 -3.781200e-15 	 -7.984379e-16
1 	 71 	 2 	 4 	 -4.189515e-15 	 -4.303287e-16
1 	 72 	 2 	 4 	 -3.752447e-15 	 3.454854e-16
1 	 73 	 2 	 4 	 -3.563253e-15 	 1.088940e-15
1 	 74 	 2 	 4 	 -3.635631e-15 	 1.792162e-15
1 	 75 	 2 	 4 	 -3.575361e-15 	 2.608619e-15
1 	 76 	 2 	 4 	 -3.452535e-15 	 3.471530e-15
1 	 77 	 2 	 4 	 -3.072340e-15 	 4.459418e-15
1 	 78 	 2 	 4 	 -2.555725e-15 	 5.482054e-15
1 	 79 	 2 	 4 	 -1.823223e-15 	 6.551709e-15
1 	 80 	 2 	 4 	 -8.995770e-16 	 7.694002e-15
1 	 81 	 2 	 4 	 1.499957e-16 	 8.872738e-15
1 	 82 	 2 	 4 	 1.431383e-15 	 1.016252e-14
1 	 83 	 2 	 4 	 1.414644e-15 	 1.502145e-14
1 	 84 	 2 	 4 	 3.429000e-16 	 2.294579e-14
1 	 85 	 2 	 4 	 6.826520e-16 	 3.789631e-14
1 	 86 	 2 	 4 	 4.347165e-15 	 5.040509e-14
1 	 87 	 2 	 4 	 1.150028e-14 	 5.992031e-14
1 	 88 	 2 	 4 	 2.255717e-14 	 5.511246e-14
1 	 89 	 2 	 4 	 3.223326e-14 	 3.975423e-14
1 	 90 	 2 	 4 	 4.075627e-14 	 1.720288e-14
1 	 91 	 2 	 4 	 4.946741e-14 	 -2.412916e-16
1 	 92 	 2 	 4 	 5.692131e-14 	 -2.132901e-14
1 	 93 	 2 	 4 	 6.194994e-14 	 -4.702375e-14
1 	 94 	 2 	 4 	 6.336359e-14 	 -7.852960e-14
1 	 95 	 2 	 4 	 5.702819e-14 	 -1.182953e-13
1 	 96 	 2 	 4 	 3.803962e-14 	 -1.673064e-13
1 	 97 	 2 	 4 	 3.329188e-15 	 -2.265122e-13
1 	 98 	 2 	 4 	 -4.953671e-14 	 -2.984115e-13
1 	 99 	 2 	 4 	 -1.211078e-13 	 -3.869212e-13
1 	 100 	 2 	 4 	 -1.772147e-13 	 -5.453567e-13
1 	 101 	 2 	 4 	 -6.554621e-14 	 -8.185559e-13
1 	 102 	 2 	 4 	 4.227443e-13 	 -9.959315e-13
1 	 103 	 2 	 4 	 -2.933147e-13 	 -2.076704e-13
1 	 104 	 2 	 4 	 -4.520008e-13 	 -1.902792e-13
1 	 105 	 2 	 4 	 -4.635756e-13 	 -8.607341e-14
1 	 106 	 2 	 4 	 -2.620479e-13 	 3.246842e-14
1 	 107 	 2 	 4 	 -8.139740e-14 	 5.476838e-14
1 	 108 	 2 	 4 	 -2.171304e-14 	 4.796602e-14
1 	 109 	 2 	 4 	 -1.666718e-14 	 3.179419e-14
1 	 110 	 2 	 4 	 -2.811517e-14 	 1.516389e-14
1 	 111 	 2 	 4 	 -3.337752e-14 	 6.342167e-16
1 	 112 	 2 	 4 	 -3.308596e-14 	 -1.150222e-14
1 	 113 	 2 	 4 	 -3.009746e-14 	 -2.104605e-14
1 	 114 	 2 	 4 	 -2.537485e-14 	 -2.864037e-14
1 	 115 	 2 	 4 	 -1.997636e-14 	 -3.498443e-14
1 	 116 	 2 	 4 	 -1.479463e-14 	 -4.366673e-14
1 	 117 	 2 	 4 	 -9.040040e-15 	 -5.002113e-14
1 	 118 	 2 	 4 	 -2.574048e-15 	 -5.315380e-14
1 	 119 	 2 	 4 	 2.673253e-15 	 -4.759247e-14
1 	 120 	 2 	 4 	 4.927321e-15 	 -3.735383e-14
1 	 121 	 2 	 4 	 4.639059e-15 	 -2.346860e-14
1 	 122 	 2 	 4 	 2.963478e-15 	 -1.603612e-14
1 	 123 	 2 	 4 	 1.063696e-15 	 -1.007759e-14
1 	 124 	 2 	 4 	 -1.072166e-15 	 -5.458155e-15
1 	 125 	 2 	 4 	 -1.700017e-15 	 -4.071216e-15
1 	 126 	 2 	 4 	 -1.680674e-15 	 -3.301096e-15
1 	 127 	 2 	 4 	 -5.981228e-16 	 -3.387683e-15
1 	 128 	 2 	 4 	 3.415157e-16 	 -3.201195e-15
1 	 129 	 2 	 4 	 1.209881e-15 	 -2.894180e-15
1 	 130 	 2 	 4 	 1.678411e-15 	 -2.380526e-15
1 	 131 	 2 	 4 	 2.048392e-15 	 -1.862061e-15
1 	 132 	 2 	 4 	 2.235676e-15 	 -1.335453e-15
1 	 133 	 2 	 4 	 2.297193e-15 	 -8.537290e-16
1 	 134 	 2 	 4 	 2.284112e-15 	 -3.959248e-16
1 	 135 	 2 	 4 	 2.230534e-15 	 3.881260e-18
1 	 136 	 2 	 4 	 2.175567e-15 	 4.009646e-16
1 	 137 	 2 	 4 	 2.203521e-15 	 8.417942e-16
1 	 138 	 2 	 4 	 2.185594e-15 	 1.241079e-15
1 	 139 	 2 	 4 	 1.962665e-15 	 1.447096e-15
1 	 140 	 2 	 4 	 1.632815e-15 	 1.417843e-15
1 	 141 	 2 	 4 	 1.073795e-15 	 8.816596e-16
1 	 142 	 2 	 4 	 6.394983e-16 	 3.808013e-16
1 	 143 	 2 	 4 	 3.996371e-16 	 -5.942135e-17
1 	 144 	 2 	 4 	 2.531659e-16 	 -2.837751e-16
1 	 145 	 2 	 4 	 2.271181e-16 	 -2.301744e-16
1 	 146 	 2 	 4 	 1.943977e-16 	 -1.550924e-16
1 	 147 	 2 	 4 	 1.523626e-16 	 -5.652701e-17
1 	 148 	 2 	 4 	 1.086285e-16 	 1.820787e-17
1 	 149 	 2 	 4 	 6.217068e-17 	 5.413868e-17
1 	 150 	 2 	 4 	 1.927423e-17 	 8.038822e-17
1 	 151 	 2 	 4 	 -1.570665e-17 	 8.536134e-17
1 	 152 	 2 	 4 	 -4.884557e-17 	 8.873088e-17
1 	 153 	 2 	 4 	 -7.389507e-17 	 8.525735e-17
1 	 154 	 2 	 4 	 -9.941590e-17 	 8.212932e-17
1 	 155 	 2 	 4 	 -1.336169e-16 	 8.723901e-17
1 	 156 	 2 	 4 	 -1.688622e-16 	 9.291333e-17
1 	 157 	 2 	 4 	 -1.742055e-16 	 8.204141e-17
1 	 158 	 2 	 4 	 -1.732731e-16 	 6.715632e-17
1 	 159 	 2 	 4 	 -1.310687e-16 	 4.857642e-17
1 	 160 	 2 	 4 	 -5.431704e-17 	 2.655352e-17
1 	 161 	 2 	 4 	 5.727700e-18 	 1.022001e-17
1 	 162 	 2 	 4 	 9.193939e-18 	 1.370643e-17
1 	 163 	 2 	 4 	 1.223118e-17 	 1.736941e-17
1 	 164 	 2 	 4 	 5.518663e-18 	 1.610829e-17
1 	 165 	 2 	 4 	 -2.517540e-18 	 1.424695e-17
1 	 166 	 2 	 4 	 -7.707145e-18 	 1.188416e-17
1 	 167 	 2 	 4 	 -9.831624e-18 	 9.017874e-18
1 	 168 	 2 	 4 	 -1.186878e-17 	 6.147346e-18
1 	 169 	 2 	 4 	 -1.143734e-17 	 3.977479e-18
1 	 170 	 2 	 4 	 -1.099957e-17 	 1.776946e-18
1 	 171 	 2 	 4 	 -1.018439e-17 	 6.225546e-20
1 	 172 	 2 	 4 	 -9.035595e-18 	 -1.238960e-18
1 	 173 	 2 	 4 	 -7.852574e-18 	 -2.557643e-18
1 	 174 	 2 	 4 	 -7.551444e-18 	 -4.471879e-18
1 	 175 	 2 	 4 	 -7.274536e-18 	 -6.463540e-18
1 	 176 	 2 	 4 	 -5.696254e-18 	 -6.835210e-18
1 	 177 	 2 	 4 	 -1.924271e-18 	 -4.509341e-18
1 	 178 	 2 	 4 	 1.958424e-18 	 -2.182587e-18
1 	 179 	 2 	 4 	 4.964881e-18 	 1.690575e-18
1 	 180 	 2 	 4 	 7.708834e-18 	 6.249681e-18
1 	 181 	 2 	 4 	 1.054206e-17 	 1.088343e-17
1 	 182 	 2 	 4 	 9.450012e-18 	 1.058596e-17
1 	 183 	 2 	 4 	 8.311052e-18 	 1.025657e-17
1 	 184 	 2 	 4 	 7.407593e-18 	 9.818929e-18
1 	 185 	 2 	 4 	 7.397320e-18 	 9.116511e-18
1 	 186 	 2 	 4 	 7.400407e-18 	 8.397279e-18
1 	 187 	 2 	 4 	 7.381812e-18 	 7.823066e-18
1 	 188 	 2 	 4 	 7.319934e-18 	 7.474547e-18
1 	 189 	 2 	 4 	 7.269280e-18 	 7.115376e-18
1 	 190 	 2 	 4 	 7.256784e-18 	 6.909107e-18
1 	 191 	 2 	 4 	 7.272770e-18 	 6.839126e-18
1 	 192 	 2 	 4 	 7.287189e-18 	 6.761792e-18
1 	 193 	 2 	 4 	 7.807227e-18 	 7.074666e-18
1 	 194 	 2 	 4 	 8.736464e-18 	 7.690400e-18
1 	 195 	 2 	 4 	 9.718351e-18 	 8.327658e-18
1 	 196 	 2 	 4 	 9.725582e-18 	 8.497853e-18
1 	 197 	 2 	 4 	 8.965433e-18 	 8.311201e-18
1 	 198 	 2 	 4 	 8.184797e-18 	 8.125518e-18
1 	 199 	 2 	 4 	 7.572699e-18 	 7.911566e-18
1 	 200 	 2 	 4 	 7.147425e-18 	 7.661280e-18
1 	 201 	 2 	 4 	 6.722043e-18 	 7.411476e-18
1 	 202 	 2 	 4 	 6.258675e-18 	 7.181785e-18
1 	 203 	 2 	 4 	 5.723060e-18 	 6.981968e-18
1 	 204 	 2 	 4 	 5.170771e-18 	 6.784523e-18
1 	 205 	 2 	 4 	 -5.498635e-17 	 -1.752241e-16
1 	 206 	 2 	 4 	 -5.567723e-17 	 -1.819232e-16
1 	 207 	 2 	 4 	 -5.663534e-17 	 -1.887911e-16
1 	 208 	 2 	 4 	 -5.776274e-17 	 -1.957581e-16
1 	 209 	 2 	 4 	 -5.885016e-17 	 -2.027007e-16
1 	 210 	 2 	 4 	 -6.020383e-17 	 -2.098451e-16
1 	 211 	 2 	 4 	 -6.201696e-17 	 -2.172497e-16
1 	 212 	 2 	 4 	 -6.376693e-17 	 -2.246063e-16
1 	 213 	 2 	 4 	 -6.557847e-17 	 -2.321974e-16
1 	 214 	 2 	 4 	 -6.761816e-17 	 -2.403979e-16
1 	 215 	 2 	 4 	 -6.950908e-17 	 -2.485000e-16
1 	 216 	 2 	 4 	 -7.127696e-17 	 -2.566785e-16
1 	 217 	 2 	 4 	 -7.298934e-17 	 -2.652825e-16
1 	 218 	 2 	 4 	 -7.446490e-17 	 -2.737116e-16
1 	 219 	 2 	 4 	 -7.565712e-17 	 -2.825445e-16
1 	 220 	 2 	 4 	 -7.646538e-17 	 -2.928560e-16
1 	 221 	 2 	 4 	 -7.703834e-17 	 -3.030298e-16
1 	 222 	 2 	 4 	 -7.724122e-17 	 -3.135127e-16
1 	 223 	 2 	 4 	 -7.690978e-17 	 -3.247379e-16
1 	 224 	 2 	 4 	 -7.634559e-17 	 -3.358479e-16
1 	 225 	 2 	 4 	 -7.556369e-17 	 -3.457584e-16
1 	 226 	 2 	 4 	 -7.476654e-17 	 -3.541957e-16
1 	 227 	 2 	 4 	 -7.394248e-17 	 -3.623193e-16
1 	 228 	 2 	 4 	 -7.287134e-17 	 -3.708261e-16
1 	 229 	 2 	 4 	 -7.148094e-17 	 -3.794329e-16
1 	 230 	 2 	 4 	 -6.979063e-17 	 -3.877941e-16
1 	 231 	 2 	 4 	 -6.560499e-17 	 -3.967650e-16
1 	 232 	 2 	 4 	 -6.088155e-17 	 -4.056291e-16
1 	 233 	 2 	 4 	 -5.488898e-17 	 -4.144654e-16
1 	 234 	 2 	 4 	 -4.495675e-17 	 -4.236313e-16
1 	 235 	 2 	 4 	 -3.469585e-17 	 -4.326634e-16
1 	 236 	 2 	 4 	 -1.857537e-17 	 -4.414702e-16
1 	 237 	 2 	 4 	 2.045161e-18 	 -4.500685e-16
1 	 238 	 2 	 4 	 2.299525e-17 	 -4.585878e-16
1 	 239 	 2 	 4 	 5.585990e-17 	 -4.724459e-16
1 	 240 	 2 	 4 	 8.899821e-17 	 -4.864753e-16
1 	 241 	 2 	 4 	 1.271106e-16 	 -5.079272e-16
1 	 242 	 2 	 4 	 1.710810e-16 	 -5.382526e-16
1 	 243 	 2 	 4 	 2.153526e-16 	 -5.686949e-16
1 	 244 	 2 	 4 	 2.735415e-16 	 -6.151670e-16
1 	 245 	 2 	 4 	 3.330064e-16 	 -6.620673e-16
1 	 246 	 2 	 4 	 4.056827e-16 	 -7.222547e-16
1 	 247 	 2 	 4 	 4.896287e-16 	 -7.936979e-16
1 	 248 	 2 	 4 	 5.783995e-16 	 -8.722786e-16
1 	 249 	 2 	 4 	 6.870567e-16 	 -9.856453e-16
1 	 250 	 2 	 4 	 7.968015e-16 	 -1.099864e-15
1 	 251 	 2 	 4 	 9.211551e-16 	 -1.264379e-15
1 	 252 	 2 	 4 	 1.049080e-15 	 -1.440149e-15
1 	 253 	 2 	 4 	 1.182368e-15 	 -1.662259e-15
1 	 254 	 2 	 4 	 1.319831e-15 	 -1.923165e-15
1 	 255 	 2 	 4 	 1.455857e-15 	 -2.219929e-15
1 	 256 	 2 	 4 	 1.587949e-15 	 -2.593979e-15
1 	 257 	 2 	 4 	 1.716610e-15 	 -2.987853e-15
1 	 258 	 2 	 4 	 1.819630e-15 	 -3.508179e-15
1 	 259 	 2 	 4 	 1.921048e-15 	 -4.032637e-15
1 	 260 	 2 	 4 	 1.971140e-15 	 -4.780879e-15
1 	 261 	 2 	 4 	 2.016427e-15 	 -5.542263e-15
1 	 262 	 2 	 4 	 1.901433e-15 	 -6.462133e-15
1 	 263 	 2 	 4 	 1.753773e-15 	 -7.410332e-15
1 	 264 	 2 	 4 	 1.388297e-15 	 -8.480841e-15
1 	 265 	 2 	 4 	 9.598419e-16 	 -9.580407e-15
1 	 266 	 2 	 4 	 2.319371e-16 	 -1.090422e-14
1 	 267 	 2 	 4 	 -5.907916e-16 	 -1.228826e-14
1 	 268 	 2 	 4 	 -1.859583e-15 	 -1.384126e-14
1 	 269 	 2 	 4 	 -3.253813e-15 	 -1.542946e-14
1 	 270 	 2 	 4 	 -5.306351e-15 	 -1.714184e-14
1 	 271 	 2 	 4 	 -7.483699e-15 	 -1.885983e-14
1 	 272 	 2 	 4 	 -1.064183e-14 	 -2.061294e-14
1 	 273 	 2 	 4 	 -1.402747e-14 	 -2.233872e-14
1 	 274 	 2 	 4 	 -1.866463e-14 	 -2.401322e-14
1 	 275 	 2 	 4 	 -2.408530e-14 	 -2.560084e-14
1 	 276 	 2 	 4 	 -3.129102e-14 	 -2.702389e-14
1 	 277 	 2 	 4 	 -3.964442e-14 	 -2.769507e-14
1 	 278 	 2 	 4 	 -4.910443e-14 	 -2.760481e-14
1 	 279 	 2 	 4 	 -5.980978e-14 	 -2.588156e-14
1 	 280 	 2 	 4 	 -7.109915e-14 	 -2.336978e-14
1 	 281 	 2 	 4 	 -8.482325e-14 	 -1.828495e-14
1 	 282 	 2 	 4 	 -1.002630e-13 	 -1.132286e-14
1 	 283 	 2 	 4 	 -1.183900e-13 	 -1.468591e-15
1 	 284 	 2 	 4 	 -1.401676e-13 	 1.360379e-14
1 	 285 	 2 	 4 	 -1.639133e-13 	 3.208836e-14
1 	 286 	 2 	 4 	 -1.919804e-13 	 5.906529e-14
1 	 287 	 2 	 4 	 -2.231972e-13 	 9.408483e-14
1 	 288 	 2 	 4 	 -2.568902e-13 	 1.360466e-13
1 	 289 	 2 	 4 	 -2.965101e-13 	 1.969352e-13
1 	 290 	 2 	 4 	 -3.394315e-13 	 2.722136e-13
1 	 291 	 2 	 4 	 -3.855605e-13 	 3.627340e-13
1 	 292 	 2 	 4 	 -4.385287e-13 	 4.909648e-13
1 	 293 	 2 	 4 	 -4.952122e-13 	 6.535987e-13
1 	 294 	 2 	 4 	 -5.538586e-13 	 8.564625e-13
1 	 295 	 2 	 4 	 -6.128216e-13 	 1.136748e-12
1 	 296 	 2 	 4 	 -6.557987e-13 	 1.505083e-12
1 	 297 	 2 	 4 	 -6.845587e-13 	 1.949780e-12
1 	 298 	 2 	 4 	 -6.979425e-13 	 2.479279e-12
1 	 299 	 2 	 4 	 -6.878071e-13 	 3.192540e-12
1 	 300 	 2 	 4 	 -5.906909e-13 	 4.131822e-12
1 	 301 	 2 	 4 	 -3.665648e-13 	 5.308618e-12
1 	 302 	 2 	 4 	 3.154756e-14 	 6.748521e-12
1 	 303 	 2 	 4 	 6.570711e-13 	 8.475314e-12
1 	 304 	 2 	 4 	 1.666822e-12 	 1.055516e-11
1 	 305 	 2 	 4 	 3.048904e-12 	 1.284218e-11
1 	 306 	 2 	 4 	 4.812280e-12 	 1.521006e-11
1 	 307 	 2 	 4 	 -5.505627e-12 	 -1.532606e-11
1 	 308 	 2 	 4 	 -3.740422e-12 	 -1.303742e-11
1 	 309 	 2 	 4 	 -2.312098e-12 	 -1.082010e-11
1 	 310 	 2 	 4 	 -1.231989e-12 	 -8.791154e-12
1 	 311 	 2 	 4 	 -5.217655e-13 	 -7.088040e-12
1 	 312 	 2 	 4 	 -3.995105e-14 	 -5.664902e-12
1 	 313 	 2 	 4 	 2.879265e-13 	 -4.472233e-12
1 	 314 	 2 	 4 	 5.044544e-13 	 -3.475962e-12
1 	 315 	 2 	 4 	 6.325572e-13 	 -2.656123e-12
1 	 316 	 2 	 4 	 6.602110e-13 	 -2.055128e-12
1 	 317 	 2 	 4 	 6.518658e-13 	 -1.571898e-12
1 	 318 	 2 	 4 	 6.181619e-13 	 -1.187022e-12
1 	 319 	 2 	 4 	 5.675438e-13 	 -8.944568e-13
1 	 320 	 2 	 4 	 5.110397e-13 	 -6.866928e-13
1 	 321 	 2 	 4 	 4.556866e-13 	 -5.187798e-13
1 	 322 	 2 	 4 	 4.021263e-13 	 -3.848700e-13
1 	 323 	 2 	 4 	 3.539404e-13 	 -2.915668e-13
1 	 324 	 2 	 4 	 3.096121e-13 	 -2.141702e-13
1 	 325 	 2 	 4 	 2.685068e-13 	 -1.505672e-13
1 	 326 	 2 	 4 	 2.333172e-13 	 -1.071863e-13
1 	 327 	 2 	 4 	 2.013615e-13 	 -7.124955e-14
1 	 328 	 2 	 4 	 1.722900e-13 	 -4.224208e-14
1 	 329 	 2 	 4 	 1.482924e-13 	 -2.339364e-14
1 	 330 	 2 	 4 	 1.262481e-13 	 -7.339489e-15
1 	 331 	 2 	 4 	 1.072528e-13 	 4.091080e-15
1 	 332 	 2 	 4 	 9.167258e-14 	 1.190237e-14
1 	 333 	 2 	 4 	 7.739810e-14 	 1.830305e-14
1 	 334 	 2 	 4 	 6.360428e-14 	 2.157114e-14
1 	 335 	 2 	 4 	 5.054085e-14 	 2.387286e-14
1 	 336 	 2 	 4 	 3.888810e-14 	 2.421600e-14
1 	 337 	 2 	 4 	 2.998113e-14 	 2.373276e-14
1 	 338 	 2 	 4 	 2.268386e-14 	 2.277641e-14
1 	 339 	 2 	 4 	 1.777402e-14 	 2.151570e-14
1 	 340 	 2 	 4 	 1.329978e-14 	 2.021960e-14
1 	 341 	 2 	 4 	 1.009833e-14 	 1.866543e-14
1 	 342 	 2 	 4 	 7.069549e-15 	 1.712418e-14
1 	 343 	 2 	 4 	 4.842421e-15 	 1.553450e-14
1 	 344 	 2 	 4 	 2.850349e-15 	 1.398207e-14
1 	 345 	 2 	 4 	 1.385692e-15 	 1.248609e-14
1 	 346 	 2 	 4 	 1.511386e-16 	 1.106625e-14
1 	 347 	 2 	 4 	 -7.376110e-16 	 9.750363e-15
1 	 348 	 2 	 4 	 -1.447768e-15 	 8.535243e-15
1 	 349 	 2 	 4 	 -1.933914e-15 	 7.439303e-15
1 	 350 	 2 	 4 	 -2.305939e-15 	 6.455751e-15
1 	 351 	 2 	 4 	 -2.532971e-15 	 5.608799e-15
1 	 352 	 2 	 4 	 -2.681192e-15 	 4.809928e-15
1 	 353 	 2 	 4 	 -2.708125e-15 	 4.079711e-15
1 	 354 	 2 	 4 	 -2.673181e-15 	 3.370583e-15
1 	 355 	 2 	 4 	 -2.498982e-15 	 2.707520e-15
1 	 356 	 2 	 4 	 -2.324545e-15 	 2.093957e-15
1 	 357 	 2 	 4 	 -2.149097e-15 	 1.700046e-15
1 	 358 	 2 	 4 	 -1.977993e-15 	 1.307790e-15
1 	 359 	 2 	 4 	 -1.845517e-15 	 1.077677e-15
1 	 360 	 2 	 4 	 -1.715366e-15 	 8.451102e-16
1 	 361 	 2 	 4 	 -1.583443e-15 	 6.741705e-16
1 	 362 	 2 	 4 	 -1.451256e-15 	 5.149334e-16
1 	 363 	 2 	 4 	 -1.324645e-15 	 3.872341e-16
1 	 364 	 2 	 4 	 -1.201935e-15 	 2.843122e-16
1 	 365 	 2 	 4 	 -1.083687e-15 	 1.909808e-16
1 	 366 	 2 	 4 	 -9.788375e-16 	 1.298530e-16
1 	 367 	 2 	 4 	 -8.732338e-16 	 6.753299e-17
1 	 368 	 2 	 4 	 -7.910321e-16 	 3.058583e-17
1 	 369 	 2 	 4 	 -7.109929e-16 	 -4.166137e-18
1 	 370 	 2 	 4 	 -6.344299e-16 	 -2.827050e-17
1 	 371 	 2 	 4 	 -5.611937e-16 	 -4.147736e-17
1 	 372 	 2 	 4 	 -4.875494e-16 	 -5.427417e-17
1 	 373 	 2 	 4 	 -4.201354e-16 	 -4.499970e-17
1 	 374 	 2 	 4 	 -3.514152e-16 	 -3.565906e-17
1 	 375 	 2 	 4 	 -3.022256e-16 	 -2.833997e-17
1 	 376 	 2 	 4 	 -2.699959e-16 	 -2.275651e-17
1 	 377 	 2 	 4 	 -2.374528e-16 	 -1.715087e-17
1 	 378 	 2 	 4 	 -2.163157e-16 	 -1.367456e-17
1 	 379 	 2 	 4 	 -1.949965e-16 	 -1.014357e-17
1 	 380 	 2 	 4 	 -1.760161e-16 	 -6.398388e-18
1 	 381 	 2 	 4 	 -1.610047e-16 	 -2.293428e-18
1 	 382 	 2 	 4 	 -1.457650e-16 	 1.933897e-18
1 	 383 	 2 	 4 	 -1.343034e-16 	 5.597635e-18
1 	 384 	 2 	 4 	 -1.242005e-16 	 9.151357e-18
1 	 385 	 2 	 4 	 -1.139413e-16 	 1.299161e-17
1 	 386 	 2 	 4 	 -1.074274e-16 	 1.490999e-17
1 	 387 	 2 	 4 	 -1.008181e-16 	 1.694222e-17
1 	 388 	 2 	 4 	 -9.426074e-17 	 1.922904e-17
1 	 389 	 2 	 4 	 -8.804878e-17 	 2.211454e-17
1 	 390 	 2 	 4 	 -8.169827e-17 	 2.515190e-17
1 	 391 	 2 	 4 	 -7.642144e-17 	 2.756843e-17
1 	 392 	 2 	 4 	 -7.280300e-17 	 2.899968e-17
1 	 393 	 2 	 4 	 -6.912523e-17 	 3.053445e-17
1 	 394 	 2 	 4 	 -6.664756e-17 	 3.080819e-17
1 	 395 	 2 	 4 	 -6.530889e-17 	 2.991863e-17
1 	 396 	 2 	 4 	 -6.398533e-17 	 2.910486e-17
1 	 397 	 2 	 4 	 -6.241598e-17 	 2.809621e-17
1 	 398 	 2 	 4 	 -6.062597e-17 	 2.702318e-17
1 	 399 	 2 	 4 	 -5.882725e-17 	 2.601492e-17
1 	 400 	 2 	 4 	 -5.718439e-17 	 2.480643e-17
1 	 401 	 2 	 4 	 -5.567563e-17 	 2.345051e-17
1 	 402 	 2 	 4 	 -5.418378e-17 	 2.215045e-17
1 	 403 	 2 	 4 	 -5.202407e-17 	 2.111053e-17
1 	 404 	 2 	 4 	 -4.915759e-17 	 2.034986e-17
1 	 405 	 2 	 4 	 -4.623749e-17 	 1.967585e-17
1 	 406 	 2 	 4 	 -4.388257e-17 	 1.886041e-17
1 	 407 	 2 	 4 	 -4.254468e-17 	 1.774539e-17
1 	 408 	 2 	 4 	 -4.119346e-17 	 1.670708e-17
1 	 1 	 2 	 5 	 -1.413294e-17 	 -1.078956e-17
1 	 2 	 2 	 5 	 -1.476444e-17 	 -1.050243e-17
1 	 3 	 2 	 5 	 -1.528680e-17 	 -1.043248e-17
1 	 4 	 2 	 5 	 -1.572645e-17 	 -1.051856e-17
1 	 5 	 2 	 5 	 -1.615716e-17 	 -1.060519e-17
1 	 6 	 2 	 5 	 -1.655721e-17 	 -1.073279e-17
1 	 7 	 2 	 5 	 -1.692201e-17 	 -1.091798e-17
1 	 8 	 2 	 5 	 -1.728508e-17 	 -1.110292e-17
1 	 9 	 2 	 5 	 -1.768250e-17 	 -1.124514e-17
1 	 10 	 2 	 5 	 -1.816781e-17 	 -1.128246e-17
1 	 11 	 2 	 5 	 -1.867078e-17 	 -1.130887e-17
1 	 12 	 2 	 5 	 -1.898764e-17 	 -1.156729e-17
1 	 13 	 2 	 5 	 -1.870448e-17 	 -1.255356e-17
1 	 14 	 2 	 5 	 -1.840884e-17 	 -1.355453e-17
1 	 15 	 2 	 5 	 -1.815522e-17 	 -1.456618e-17
1 	 16 	 2 	 5 	 -1.806100e-17 	 -1.557434e-17
1 	 17 	 2 	 5 	 -1.794110e-17 	 -1.660463e-17
1 	 18 	 2 	 5 	 -1.821657e-17 	 -1.725622e-17
1 	 19 	 2 	 5 	 -1.931708e-17 	 -1.710842e-17
1 	 20 	 2 	 5 	 -2.043588e-17 	 -1.692241e-17
1 	 21 	 2 	 5 	 -2.159314e-17 	 -1.679421e-17
1 	 22 	 2 	 5 	 -2.278486e-17 	 -1.674831e-17
1 	 23 	 2 	 5 	 -2.397647e-17 	 -1.669160e-17
1 	 24 	 2 	 5 	 -2.522079e-17 	 -1.659236e-17
1 	 25 	 2 	 5 	 -2.650205e-17 	 -1.645706e-17
1 	 26 	 2 	 5 	 -2.779591e-17 	 -1.630113e-17
1 	 27 	 2 	 5 	 -2.860043e-17 	 -1.688155e-17
1 	 28 	 2 	 5 	 -2.935419e-17 	 -1.754448e-17
1 	 29 	 2 	 5 	 -2.998798e-17 	 -1.822005e-17
1 	 30 	 2 	 5 	 -3.017601e-17 	 -1.892615e-17
1 	 31 	 2 	 5 	 -3.033838e-17 	 -1.965190e-17
1 	 32 	 2 	 5 	 -3.032208e-17 	 -1.966203e-17
1 	 33 	 2 	 5 	 -3.015337e-17 	 -1.912637e-17
1 	 34 	 2 	 5 	 -2.993593e-17 	 -1.858087e-17
1 	 35 	 2 	 5 	 -2.969920e-17 	 -1.751279e-17
1 	 36 	 2 	 5 	 -2.940000e-17 	 -1.642384e-17
1 	 37 	 2 	 5 	 -2.938246e-17 	 -1.518045e-17
1 	 38 	 2 	 5 	 -2.971546e-17 	 -1.380039e-17
1 	 39 	 2 	 5 	 -3.003333e-17 	 -1.240362e-17
1 	 40 	 2 	 5 	 -2.971101e-17 	 -1.076344e-17
1 	 41 	 2 	 5 	 -2.934830e-17 	 -9.103454e-18
1 	 42 	 2 	 5 	 -2.842864e-17 	 -7.797831e-18
1 	 43 	 2 	 5 	 -2.702213e-17 	 -6.806346e-18
1 	 44 	 2 	 5 	 -2.549034e-17 	 -5.987065e-18
1 	 45 	 2 	 5 	 -2.355363e-17 	 -6.015248e-18
1 	 46 	 2 	 5 	 -2.155864e-17 	 -6.107553e-18
1 	 47 	 2 	 5 	 -1.718405e-17 	 -4.735011e-18
1 	 48 	 2 	 5 	 -1.231783e-17 	 -3.174516e-18
1 	 49 	 2 	 5 	 2.007123e-18 	 1.379490e-18
1 	 50 	 2 	 5 	 2.437067e-17 	 8.449586e-18
1 	 51 	 2 	 5 	 6.103148e-17 	 1.296261e-17
1 	 52 	 2 	 5 	 1.300277e-16 	 1.167789e-17
1 	 53 	 2 	 5 	 1.911072e-16 	 7.436323e-18
1 	 54 	 2 	 5 	 1.772928e-16 	 -1.697025e-17
1 	 55 	 2 	 5 	 1.610908e-16 	 -4.205223e-17
1 	 56 	 2 	 5 	 1.485865e-16 	 -6.783219e-17
1 	 57 	 2 	 5 	 1.357072e-16 	 -9.380877e-17
1 	 58 	 2 	 5 	 1.299734e-16 	 -1.305377e-16
1 	 59 	 2 	 5 	 1.250609e-16 	 -1.692559e-16
1 	 60 	 2 	 5 	 1.116357e-16 	 -2.177803e-16
1 	 61 	 2 	 5 	 9.559088e-17 	 -2.688950e-16
1 	 62 	 2 	 5 	 6.686311e-17 	 -3.304668e-16
1 	 63 	 2 	 5 	 3.390843e-17 	 -3.948596e-16
1 	 64 	 2 	 5 	 -2.186793e-17 	 -4.669180e-16
1 	 65 	 2 	 5 	 -8.417849e-17 	 -5.398899e-16
1 	 66 	 2 	 5 	 -1.760339e-16 	 -7.074768e-16
1 	 67 	 2 	 5 	 -2.735020e-16 	 -8.889926e-16
1 	 68 	 2 	 5 	 -5.187895e-16 	 -1.281300e-15
1 	 69 	 2 	 5 	 -7.939058e-16 	 -1.666571e-15
1 	 70 	 2 	 5 	 -1.236415e-15 	 -1.923070e-15
1 	 71 	 2 	 5 	 -1.606072e-15 	 -1.959802e-15
1 	 72 	 2 	 5 	 -1.776045e-15 	 -1.460772e-15
1 	 73 	 2 	 5 	 -2.052740e-15 	 -1.055813e-15
1 	 74 	 2 	 5 	 -2.438647e-15 	 -7.545141e-16
1 	 75 	 2 	 5 	 -2.812410e-15 	 -3.085154e-16
1 	 76 	 2 	 5 	 -3.175901e-15 	 2.015416e-16
1 	 77 	 2 	 5 	 -3.451988e-15 	 9.326132e-16
1 	 78 	 2 	 5 	 -3.658049e-15 	 1.761356e-15
1 	 79 	 2 	 5 	 -3.748706e-15 	 2.739270e-15
1 	 80 	 2 	 5 	 -3.729369e-15 	 3.869249e-15
1 	 81 	 2 	 5 	 -3.627887e-15 	 5.088921e-15
1 	 82 	 2 	 5 	 -3.357346e-15 	 6.482264e-15
1 	 83 	 2 	 5 	 -5.323843e-15 	 9.786142e-15
1 	 84 	 2 	 5 	 -9.165737e-15 	 1.476829e-14
1 	 85 	 2 	 5 	 -1.494339e-14 	 2.577844e-14
1 	 86 	 2 	 5 	 -1.746070e-14 	 3.696028e-14
1 	 87 	 2 	 5 	 -1.638640e-14 	 4.800348e-14
1 	 88 	 2 	 5 	 -6.712499e-15 	 5.100873e-14
1 	 89 	 2 	 5 	 6.218439e-15 	 4.522727e-14
1 	 90 	 2 	 5 	 2.138482e-14 	 3.322608e-14
1 	 91 	 2 	 5 	 3.566730e-14 	 2.463744e-14
1 	 92 	 2 	 5 	 5.100456e-14 	 1.212973e-14
1 	 93 	 2 	 5 	 6.646037e-14 	 -5.707275e-15
1 	 94 	 2 	 5 	 8.130686e-14 	 -3.052894e-14
1 	 95 	 2 	 5 	 9.224685e-14 	 -6.663119e-14
1 	 96 	 2 	 5 	 9.355221e-14 	 -1.162403e-13
1 	 97 	 2 	 5 	 8.088104e-14 	 -1.801986e-13
1 	 98 	 2 	 5 	 5.082594e-14 	 -2.597584e-13
1 	 99 	 2 	 5 	 1.778409e-15 	 -3.553667e-13
1 	 100 	 2 	 5 	 -2.091984e-14 	 -4.909718e-13
1 	 101 	 2 	 5 	 1.731780e-13 	 -6.862365e-13
1 	 102 	 2 	 5 	 7.690940e-13 	 -8.021242e-13
1 	 103 	 2 	 5 	 -2.836994e-13 	 -1.746403e-13
1 	 104 	 2 	 5 	 -4.508971e-13 	 -2.116123e-13
1 	 105 	 2 	 5 	 -4.710512e-13 	 -1.639091e-13
1 	 106 	 2 	 5 	 -2.665319e-13 	 -4.859670e-14
1 	 107 	 2 	 5 	 -9.160690e-14 	 2.086788e-14
1 	 108 	 2 	 5 	 -3.639322e-14 	 3.381965e-14
1 	 109 	 2 	 5 	 -3.001988e-14 	 2.141664e-14
1 	 110 	 2 	 5 	 -3.506525e-14 	 1.897496e-15
1 	 111 	 2 	 5 	 -3.314715e-14 	 -1.345104e-14
1 	 112 	 2 	 5 	 -2.664949e-14 	 -2.372723e-14
1 	 113 	 2 	 5 	 -1.893718e-14 	 -3.026619e-14
1 	 114 	 2 	 5 	 -1.075230e-14 	 -3.408797e-14
1 	 115 	 2 	 5 	 -2.981741e-15 	 -3.626639e-14
1 	 116 	 2 	 5 	 4.819052e-15 	 -3.993533e-14
1 	 117 	 2 	 5 	 1.188275e-14 	 -4.140773e-14
1 	 118 	 2 	 5 	 1.803548e-14 	 -3.997211e-14
1 	 119 	 2 	 5 	 1.971721e-14 	 -3.287638e-14
1 	 120 	 2 	 5 	 1.753090e-14 	 -2.405699e-14
1 	 121 	 2 	 5 	 1.219284e-14 	 -1.400930e-14
1 	 122 	 2 	 5 	 8.402356e-15 	 -9.472965e-15
1 	 123 	 2 	 5 	 5.000938e-15 	 -6.095122e-15
1 	 124 	 2 	 5 	 1.924803e-15 	 -3.783726e-15
1 	 125 	 2 	 5 	 1.061553e-15 	 -3.043972e-15
1 	 126 	 2 	 5 	 7.968848e-16 	 -2.439148e-15
1 	 127 	 2 	 5 	 1.439115e-15 	 -1.949801e-15
1 	 128 	 2 	 5 	 1.830248e-15 	 -1.388241e-15
1 	 129 	 2 	 5 	 2.107692e-15 	 -7.983756e-16
1 	 130 	 2 	 5 	 2.056988e-15 	 -3.046938e-16
1 	 131 	 2 	 5 	 1.953832e-15 	 1.354939e-16
1 	 132 	 2 	 5 	 1.753676e-15 	 4.767686e-16
1 	 133 	 2 	 5 	 1.520053e-15 	 7.251436e-16
1 	 134 	 2 	 5 	 1.264858e-15 	 9.201495e-16
1 	 135 	 2 	 5 	 1.030558e-15 	 1.053148e-15
1 	 136 	 2 	 5 	 7.991079e-16 	 1.180697e-15
1 	 137 	 2 	 5 	 5.990745e-16 	 1.342542e-15
1 	 138 	 2 	 5 	 3.994761e-16 	 1.467943e-15
1 	 139 	 2 	 5 	 2.054146e-16 	 1.426981e-15
1 	 140 	 2 	 5 	 7.111615e-17 	 1.260744e-15
1 	 141 	 2 	 5 	 6.662577e-17 	 8.245454e-16
1 	 142 	 2 	 5 	 9.722574e-17 	 4.600256e-16
1 	 143 	 2 	 5 	 1.806531e-16 	 2.086378e-16
1 	 144 	 2 	 5 	 2.113092e-16 	 6.702155e-17
1 	 145 	 2 	 5 	 1.743373e-16 	 6.675794e-17
1 	 146 	 2 	 5 	 1.292171e-16 	 6.925251e-17
1 	 147 	 2 	 5 	 7.499958e-17 	 7.376210e-17
1 	 148 	 2 	 5 	 3.134844e-17 	 7.107731e-17
1 	 149 	 2 	 5 	 4.738695e-18 	 5.658309e-17
1 	 150 	 2 	 5 	 -1.652042e-17 	 4.161677e-17
1 	 151 	 2 	 5 	 -2.592415e-17 	 2.560092e-17
1 	 152 	 2 	 5 	 -3.416215e-17 	 1.028192e-17
1 	 153 	 2 	 5 	 -3.721591e-17 	 -1.969334e-18
1 	 154 	 2 	 5 	 -4.051068e-17 	 -1.431079e-17
1 	 155 	 2 	 5 	 -4.824817e-17 	 -2.693370e-17
1 	 156 	 2 	 5 	 -5.639954e-17 	 -3.984612e-17
1 	 157 	 2 	 5 	 -5.297571e-17 	 -4.405533e-17
1 	 158 	 2 	 5 	 -4.688286e-17 	 -4.653073e-17
1 	 159 	 2 	 5 	 -3.352167e-17 	 -3.460202e-17
1 	 160 	 2 	 5 	 -1.391314e-17 	 -1.067714e-17
1 	 161 	 2 	 5 	 1.006234e-18 	 8.145726e-18
1 	 162 	 2 	 5 	 -2.626207e-19 	 9.830488e-18
1 	 163 	 2 	 5 	 -1.655462e-18 	 1.140782e-17
1 	 164 	 2 	 5 	 -2.278332e-18 	 8.896075e-18
1 	 165 	 2 	 5 	 -2.824749e-18 	 5.845089e-18
1 	 166 	 2 	 5 	 -2.833548e-18 	 3.810713e-18
1 	 167 	 2 	 5 	 -2.276295e-18 	 2.870732e-18
1 	 168 	 2 	 5 	 -1.709032e-18 	 1.966994e-18
1 	 169 	 2 	 5 	 -1.171648e-18 	 1.990300e-18
1 	 170 	 2 	 5 	 -6.217292e-19 	 2.019037e-18
1 	 171 	 2 	 5 	 -2.205732e-19 	 2.195000e-18
1 	 172 	 2 	 5 	 5.501156e-20 	 2.502047e-18
1 	 173 	 2 	 5 	 3.409534e-19 	 2.826662e-18
1 	 174 	 2 	 5 	 6.994790e-19 	 2.849323e-18
1 	 175 	 2 	 5 	 1.077957e-18 	 2.869600e-18
1 	 176 	 2 	 5 	 1.167193e-18 	 3.280535e-18
1 	 177 	 2 	 5 	 7.740102e-19 	 4.345162e-18
1 	 178 	 2 	 5 	 3.918513e-19 	 5.444584e-18
1 	 179 	 2 	 5 	 -3.708752e-19 	 6.258149e-18
1 	 180 	 2 	 5 	 -1.294646e-18 	 6.983461e-18
1 	 181 	 2 	 5 	 -2.228274e-18 	 7.736157e-18
1 	 182 	 2 	 5 	 -2.472826e-18 	 7.396025e-18
1 	 183 	 2 	 5 	 -2.720477e-18 	 7.050115e-18
1 	 184 	 2 	 5 	 -2.902828e-18 	 6.754995e-18
1 	 185 	 2 	 5 	 -2.865509e-18 	 6.641569e-18
1 	 186 	 2 	 5 	 -2.824162e-18 	 6.535451e-18
1 	 187 	 2 	 5 	 -2.808252e-18 	 6.414281e-18
1 	 188 	 2 	 5 	 -2.833936e-18 	 6.265558e-18
1 	 189 	 2 	 5 	 -2.851469e-18 	 6.123706e-18
1 	 190 	 2 	 5 	 -2.879286e-18 	 5.998567e-18
1 	 191 	 2 	 5 	 -2.920902e-18 	 5.885232e-18
1 	 192 	 2 	 5 	 -2.965647e-18 	 5.772134e-18
1 	 193 	 2 	 5 	 -2.892730e-18 	 5.840484e-18
1 	 194 	 2 	 5 	 -2.725556e-18 	 6.052217e-18
1 	 195 	 2 	 5 	 -2.549462e-18 	 6.279490e-18
1 	 196 	 2 	 5 	 -2.524033e-18 	 6.199291e-18
1 	 197 	 2 	 5 	 -2.620685e-18 	 5.879182e-18
1 	 198 	 2 	 5 	 -2.724241e-18 	 5.554440e-18
1 	 199 	 2 	 5 	 -2.779002e-18 	 5.265611e-18
1 	 200 	 2 	 5 	 -2.774531e-18 	 5.019088e-18
1 	 201 	 2 	 5 	 -2.771337e-18 	 4.772761e-18
1 	 202 	 2 	 5 	 -2.774777e-18 	 4.515297e-18
1 	 203 	 2 	 5 	 -2.788235e-18 	 4.235932e-18
1 	 204 	 2 	 5 	 -2.807056e-18 	 3.951001e-18
1 	 205 	 2 	 5 	 3.360585e-17 	 -8.884304e-17
1 	 206 	 2 	 5 	 3.565929e-17 	 -9.146084e-17
1 	 207 	 2 	 5 	 3.770375e-17 	 -9.424789e-17
1 	 208 	 2 	 5 	 3.974407e-17 	 -9.713964e-17
1 	 209 	 2 	 5 	 4.179677e-17 	 -1.000062e-16
1 	 210 	 2 	 5 	 4.384852e-17 	 -1.030691e-16
1 	 211 	 2 	 5 	 4.584351e-17 	 -1.064325e-16
1 	 212 	 2 	 5 	 4.785331e-17 	 -1.097535e-16
1 	 213 	 2 	 5 	 4.996495e-17 	 -1.132069e-16
1 	 214 	 2 	 5 	 5.229366e-17 	 -1.170263e-16
1 	 215 	 2 	 5 	 5.466025e-17 	 -1.207520e-16
1 	 216 	 2 	 5 	 5.715226e-17 	 -1.244868e-16
1 	 217 	 2 	 5 	 5.993610e-17 	 -1.284447e-16
1 	 218 	 2 	 5 	 6.277234e-17 	 -1.322507e-16
1 	 219 	 2 	 5 	 6.596952e-17 	 -1.361596e-16
1 	 220 	 2 	 5 	 7.010607e-17 	 -1.406384e-16
1 	 221 	 2 	 5 	 7.431162e-17 	 -1.449883e-16
1 	 222 	 2 	 5 	 7.879802e-17 	 -1.495089e-16
1 	 223 	 2 	 5 	 8.378006e-17 	 -1.544867e-16
1 	 224 	 2 	 5 	 8.882852e-17 	 -1.593563e-16
1 	 225 	 2 	 5 	 9.320017e-17 	 -1.640010e-16
1 	 226 	 2 	 5 	 9.658727e-17 	 -1.684448e-16
1 	 227 	 2 	 5 	 9.984781e-17 	 -1.727965e-16
1 	 228 	 2 	 5 	 1.030487e-16 	 -1.777866e-16
1 	 229 	 2 	 5 	 1.062285e-16 	 -1.830078e-16
1 	 230 	 2 	 5 	 1.094099e-16 	 -1.880502e-16
1 	 231 	 2 	 5 	 1.128730e-16 	 -1.931478e-16
1 	 232 	 2 	 5 	 1.163700e-16 	 -1.980930e-16
1 	 233 	 2 	 5 	 1.199903e-16 	 -2.027552e-16
1 	 234 	 2 	 5 	 1.240652e-16 	 -2.067587e-16
1 	 235 	 2 	 5 	 1.281594e-16 	 -2.105849e-16
1 	 236 	 2 	 5 	 1.328999e-16 	 -2.131180e-16
1 	 237 	 2 	 5 	 1.381412e-16 	 -2.146255e-16
1 	 238 	 2 	 5 	 1.434145e-16 	 -2.159881e-16
1 	 239 	 2 	 5 	 1.514330e-16 	 -2.141779e-16
1 	 240 	 2 	 5 	 1.595207e-16 	 -2.122905e-16
1 	 241 	 2 	 5 	 1.705856e-16 	 -2.098110e-16
1 	 242 	 2 	 5 	 1.851770e-16 	 -2.066368e-16
1 	 243 	 2 	 5 	 1.998307e-16 	 -2.033091e-16
1 	 244 	 2 	 5 	 2.225892e-16 	 -1.973254e-16
1 	 245 	 2 	 5 	 2.458442e-16 	 -1.907911e-16
1 	 246 	 2 	 5 	 2.766832e-16 	 -1.818150e-16
1 	 247 	 2 	 5 	 3.140063e-16 	 -1.707205e-16
1 	 248 	 2 	 5 	 3.553397e-16 	 -1.591054e-16
1 	 249 	 2 	 5 	 4.150516e-16 	 -1.468846e-16
1 	 250 	 2 	 5 	 4.755108e-16 	 -1.342807e-16
1 	 251 	 2 	 5 	 5.610871e-16 	 -1.271954e-16
1 	 252 	 2 	 5 	 6.525122e-16 	 -1.211401e-16
1 	 253 	 2 	 5 	 7.658728e-16 	 -1.248499e-16
1 	 254 	 2 	 5 	 8.975991e-16 	 -1.368873e-16
1 	 255 	 2 	 5 	 1.045098e-15 	 -1.599415e-16
1 	 256 	 2 	 5 	 1.226182e-15 	 -2.073144e-16
1 	 257 	 2 	 5 	 1.415409e-15 	 -2.623794e-16
1 	 258 	 2 	 5 	 1.653643e-15 	 -3.692598e-16
1 	 259 	 2 	 5 	 1.893696e-15 	 -4.781365e-16
1 	 260 	 2 	 5 	 2.213128e-15 	 -6.842981e-16
1 	 261 	 2 	 5 	 2.537069e-15 	 -8.970473e-16
1 	 262 	 2 	 5 	 2.880448e-15 	 -1.246012e-15
1 	 263 	 2 	 5 	 3.225955e-15 	 -1.621386e-15
1 	 264 	 2 	 5 	 3.545133e-15 	 -2.156857e-15
1 	 265 	 2 	 5 	 3.853835e-15 	 -2.736265e-15
1 	 266 	 2 	 5 	 4.129540e-15 	 -3.548366e-15
1 	 267 	 2 	 5 	 4.390126e-15 	 -4.430141e-15
1 	 268 	 2 	 5 	 4.514800e-15 	 -5.597441e-15
1 	 269 	 2 	 5 	 4.595919e-15 	 -6.840065e-15
1 	 270 	 2 	 5 	 4.396054e-15 	 -8.443716e-15
1 	 271 	 2 	 5 	 4.135032e-15 	 -1.010832e-14
1 	 272 	 2 	 5 	 3.356695e-15 	 -1.222410e-14
1 	 273 	 2 	 5 	 2.439237e-15 	 -1.442374e-14
1 	 274 	 2 	 5 	 7.982455e-16 	 -1.711779e-14
1 	 275 	 2 	 5 	 -1.309498e-15 	 -2.008568e-14
1 	 276 	 2 	 5 	 -4.461398e-15 	 -2.369164e-14
1 	 277 	 2 	 5 	 -8.666817e-15 	 -2.737884e-14
1 	 278 	 2 	 5 	 -1.390351e-14 	 -3.112114e-14
1 	 279 	 2 	 5 	 -2.084470e-14 	 -3.437354e-14
1 	 280 	 2 	 5 	 -2.857794e-14 	 -3.736438e-14
1 	 281 	 2 	 5 	 -3.920199e-14 	 -3.948513e-14
1 	 282 	 2 	 5 	 -5.178377e-14 	 -4.089237e-14
1 	 283 	 2 	 5 	 -6.740213e-14 	 -4.120266e-14
1 	 284 	 2 	 5 	 -8.767590e-14 	 -3.886437e-14
1 	 285 	 2 	 5 	 -1.106767e-13 	 -3.458974e-14
1 	 286 	 2 	 5 	 -1.399866e-13 	 -2.497809e-14
1 	 287 	 2 	 5 	 -1.743159e-13 	 -9.743121e-15
1 	 288 	 2 	 5 	 -2.127889e-13 	 1.041559e-14
1 	 289 	 2 	 5 	 -2.611455e-13 	 4.478949e-14
1 	 290 	 2 	 5 	 -3.155724e-13 	 9.031279e-14
1 	 291 	 2 	 5 	 -3.761874e-13 	 1.477159e-13
1 	 292 	 2 	 5 	 -4.499008e-13 	 2.345644e-13
1 	 293 	 2 	 5 	 -5.332871e-13 	 3.480859e-13
1 	 294 	 2 	 5 	 -6.263098e-13 	 4.933007e-13
1 	 295 	 2 	 5 	 -7.357406e-13 	 6.993710e-13
1 	 296 	 2 	 5 	 -8.516020e-13 	 9.799714e-13
1 	 297 	 2 	 5 	 -9.697266e-13 	 1.324620e-12
1 	 298 	 2 	 5 	 -1.088633e-12 	 1.739428e-12
1 	 299 	 2 	 5 	 -1.220351e-12 	 2.297402e-12
1 	 300 	 2 	 5 	 -1.331844e-12 	 3.053016e-12
1 	 301 	 2 	 5 	 -1.392199e-12 	 4.029657e-12
1 	 302 	 2 	 5 	 -1.366856e-12 	 5.262832e-12
1 	 303 	 2 	 5 	 -1.214011e-12 	 6.787963e-12
1 	 304 	 2 	 5 	 -8.092222e-13 	 8.707161e-12
1 	 305 	 2 	 5 	 -1.187202e-13 	 1.090435e-11
1 	 306 	 2 	 5 	 9.059968e-13 	 1.328182e-11
1 	 307 	 2 	 5 	 -1.488827e-12 	 -1.359394e-11
1 	 308 	 2 	 5 	 -4.285725e-13 	 -1.128333e-11
1 	 309 	 2 	 5 	 3.354662e-13 	 -9.128364e-12
1 	 310 	 2 	 5 	 8.265544e-13 	 -7.224580e-12
1 	 311 	 2 	 5 	 1.065712e-12 	 -5.686477e-12
1 	 312 	 2 	 5 	 1.172318e-12 	 -4.434350e-12
1 	 313 	 2 	 5 	 1.198312e-12 	 -3.403851e-12
1 	 314 	 2 	 5 	 1.170027e-12 	 -2.555475e-12
1 	 315 	 2 	 5 	 1.098516e-12 	 -1.868676e-12
1 	 316 	 2 	 5 	 9.885585e-13 	 -1.385756e-12
1 	 317 	 2 	 5 	 8.736355e-13 	 -1.006272e-12
1 	 318 	 2 	 5 	 7.584404e-13 	 -7.120393e-13
1 	 319 	 2 	 5 	 6.487757e-13 	 -4.963081e-13
1 	 320 	 2 	 5 	 5.533112e-13 	 -3.499894e-13
1 	 321 	 2 	 5 	 4.675866e-13 	 -2.352370e-13
1 	 322 	 2 	 5 	 3.908417e-13 	 -1.472636e-13
1 	 323 	 2 	 5 	 3.277542e-13 	 -9.083583e-14
1 	 324 	 2 	 5 	 2.717367e-13 	 -4.631139e-14
1 	 325 	 2 	 5 	 2.217977e-13 	 -1.215562e-14
1 	 326 	 2 	 5 	 1.823474e-13 	 7.422661e-15
1 	 327 	 2 	 5 	 1.477470e-13 	 2.213661e-14
1 	 328 	 2 	 5 	 1.175624e-13 	 3.227895e-14
1 	 329 	 2 	 5 	 9.473427e-14 	 3.633104e-14
1 	 330 	 2 	 5 	 7.434798e-14 	 3.899276e-14
1 	 331 	 2 	 5 	 5.788211e-14 	 3.931571e-14
1 	 332 	 2 	 5 	 4.513402e-14 	 3.835715e-14
1 	 333 	 2 	 5 	 3.383598e-14 	 3.688326e-14
1 	 334 	 2 	 5 	 2.459523e-14 	 3.343734e-14
1 	 335 	 2 	 5 	 1.630085e-14 	 2.970946e-14
1 	 336 	 2 	 5 	 9.863755e-15 	 2.537344e-14
1 	 337 	 2 	 5 	 5.329073e-15 	 2.165446e-14
1 	 338 	 2 	 5 	 1.902779e-15 	 1.829932e-14
1 	 339 	 2 	 5 	 -8.444449e-17 	 1.571601e-14
1 	 340 	 2 	 5 	 -1.818156e-15 	 1.328368e-14
1 	 341 	 2 	 5 	 -2.715123e-15 	 1.125194e-14
1 	 342 	 2 	 5 	 -3.524461e-15 	 9.301258e-15
1 	 343 	 2 	 5 	 -3.875903e-15 	 7.677813e-15
1 	 344 	 2 	 5 	 -4.123531e-15 	 6.177720e-15
1 	 345 	 2 	 5 	 -4.125634e-15 	 4.942607e-15
1 	 346 	 2 	 5 	 -4.051412e-15 	 3.847436e-15
1 	 347 	 2 	 5 	 -3.857215e-15 	 2.958177e-15
1 	 348 	 2 	 5 	 -3.627796e-15 	 2.194668e-15
1 	 349 	 2 	 5 	 -3.350405e-15 	 1.586156e-15
1 	 350 	 2 	 5 	 -3.074085e-15 	 1.074901e-15
1 	 351 	 2 	 5 	 -2.796003e-15 	 6.850453e-16
1 	 352 	 2 	 5 	 -2.512377e-15 	 3.536812e-16
1 	 353 	 2 	 5 	 -2.217570e-15 	 1.105212e-16
1 	 354 	 2 	 5 	 -1.916951e-15 	 -9.373888e-17
1 	 355 	 2 	 5 	 -1.602029e-15 	 -2.108349e-16
1 	 356 	 2 	 5 	 -1.307519e-15 	 -3.126878e-16
1 	 357 	 2 	 5 	 -1.103457e-15 	 -3.466771e-16
1 	 358 	 2 	 5 	 -9.009354e-16 	 -3.822753e-16
1 	 359 	 2 	 5 	 -7.748066e-16 	 -3.863171e-16
1 	 360 	 2 	 5 	 -6.478822e-16 	 -3.920724e-16
1 	 361 	 2 	 5 	 -5.493194e-16 	 -3.794125e-16
1 	 362 	 2 	 5 	 -4.560906e-16 	 -3.631544e-16
1 	 363 	 2 	 5 	 -3.788541e-16 	 -3.414405e-16
1 	 364 	 2 	 5 	 -3.140931e-16 	 -3.151656e-16
1 	 365 	 2 	 5 	 -2.546008e-16 	 -2.886776e-16
1 	 366 	 2 	 5 	 -2.126601e-16 	 -2.609227e-16
1 	 367 	 2 	 5 	 -1.699988e-16 	 -2.329851e-16
1 	 368 	 2 	 5 	 -1.428941e-16 	 -2.096351e-16
1 	 369 	 2 	 5 	 -1.171478e-16 	 -1.866110e-16
1 	 370 	 2 	 5 	 -9.669825e-17 	 -1.639270e-16
1 	 371 	 2 	 5 	 -8.165921e-17 	 -1.415126e-16
1 	 372 	 2 	 5 	 -6.670197e-17 	 -1.189029e-16
1 	 373 	 2 	 5 	 -6.148623e-17 	 -9.757839e-17
1 	 374 	 2 	 5 	 -5.611493e-17 	 -7.574148e-17
1 	 375 	 2 	 5 	 -5.255096e-17 	 -6.049533e-17
1 	 376 	 2 	 5 	 -5.058291e-17 	 -5.094307e-17
1 	 377 	 2 	 5 	 -4.860013e-17 	 -4.118500e-17
1 	 378 	 2 	 5 	 -4.716429e-17 	 -3.565460e-17
1 	 379 	 2 	 5 	 -4.574726e-17 	 -2.999420e-17
1 	 380 	 2 	 5 	 -4.461177e-17 	 -2.513621e-17
1 	 381 	 2 	 5 	 -4.394724e-17 	 -2.169222e-17
1 	 382 	 2 	 5 	 -4.332059e-17 	 -1.812298e-17
1 	 383 	 2 	 5 	 -4.276223e-17 	 -1.585503e-17
1 	 384 	 2 	 5 	 -4.226823e-17 	 -1.403308e-17
1 	 385 	 2 	 5 	 -4.184854e-17 	 -1.205514e-17
1 	 386 	 2 	 5 	 -4.108975e-17 	 -1.129980e-17
1 	 387 	 2 	 5 	 -4.038598e-17 	 -1.048020e-17
1 	 388 	 2 	 5 	 -3.964099e-17 	 -9.664989e-18
1 	 389 	 2 	 5 	 -3.863748e-17 	 -9.006893e-18
1 	 390 	 2 	 5 	 -3.767246e-17 	 -8.293686e-18
1 	 391 	 2 	 5 	 -3.662969e-17 	 -7.817101e-18
1 	 392 	 2 	 5 	 -3.545280e-17 	 -7.724633e-18
1 	 393 	 2 	 5 	 -3.430288e-17 	 -7.608551e-18
1 	 394 	 2 	 5 	 -3.317735e-17 	 -7.756683e-18
1 	 395 	 2 	 5 	 -3.208173e-17 	 -8.155337e-18
1 	 396 	 2 	 5 	 -3.102511e-17 	 -8.544949e-18
1 	 397 	 2 	 5 	 -2.987951e-17 	 -8.792597e-18
1 	 398 	 2 	 5 	 -2.868081e-17 	 -8.892694e-18
1 	 399 	 2 	 5 	 -2.750669e-17 	 -8.982472e-18
1 	 400 	 2 	 5 	 -2.633976e-17 	 -9.086629e-18
1 	 401 	 2 	 5 	 -2.518215e-17 	 -9.206919e-18
1 	 402 	 2 	 5 	 -2.404996e-17 	 -9.324685e-18
1 	 403 	 2 	 5 	 -2.286427e-17 	 -9.145005e-18
1 	 404 	 2 	 5 	 -2.161913e-17 	 -8.651049e-18
1 	 405 	 2 	 5 	 -2.038944e-17 	 -8.123879e-18
1 	 406 	 2 	 5 	 -1.928268e-17 	 -7.755288e-18
1 	 407 	 2 	 5 	 -1.837821e-17 	 -7.681805e-18
1 	 408 	 2 	 5 	 -1.749464e-17 	 -7.574786e-18
1 	 1 	 2 	 6 	 -1.550656e-18 	 -1.164504e-17
1 	 2 	 2 	 6 	 -1.894338e-18 	 -1.176144e-17
1 	 3 	 2 	 6 	 -2.118398e-18 	 -1.193474e-17
1 	 4 	 2 	 6 	 -2.254459e-18 	 -1.214688e-17
1 	 5 	 2 	 6 	 -2.385804e-18 	 -1.235452e-17
1 	 6 	 2 	 6 	 -2.488956e-18 	 -1.256366e-17
1 	 7 	 2 	 6 	 -2.556393e-18 	 -1.277887e-17
1 	 8 	 2 	 6 	 -2.622984e-18 	 -1.299269e-17
1 	 9 	 2 	 6 	 -2.717893e-18 	 -1.319407e-17
1 	 10 	 2 	 6 	 -2.884023e-18 	 -1.336779e-17
1 	 11 	 2 	 6 	 -3.062224e-18 	 -1.354419e-17
1 	 12 	 2 	 6 	 -3.083305e-18 	 -1.374714e-17
1 	 13 	 2 	 6 	 -2.602719e-18 	 -1.402626e-17
1 	 14 	 2 	 6 	 -2.111092e-18 	 -1.430624e-17
1 	 15 	 2 	 6 	 -1.618424e-18 	 -1.460503e-17
1 	 16 	 2 	 6 	 -1.154547e-18 	 -1.496155e-17
1 	 17 	 2 	 6 	 -6.691757e-19 	 -1.531573e-17
1 	 18 	 2 	 6 	 -4.668991e-19 	 -1.566550e-17
1 	 19 	 2 	 6 	 -8.642175e-19 	 -1.600336e-17
1 	 20 	 2 	 6 	 -1.286252e-18 	 -1.633094e-17
1 	 21 	 2 	 6 	 -1.693835e-18 	 -1.669970e-17
1 	 22 	 2 	 6 	 -2.076165e-18 	 -1.711948e-17
1 	 23 	 2 	 6 	 -2.460703e-18 	 -1.753428e-17
1 	 24 	 2 	 6 	 -2.856034e-18 	 -1.794237e-17
1 	 25 	 2 	 6 	 -3.266058e-18 	 -1.834540e-17
1 	 26 	 2 	 6 	 -3.688198e-18 	 -1.874528e-17
1 	 27 	 2 	 6 	 -3.459246e-18 	 -1.928688e-17
1 	 28 	 2 	 6 	 -3.156801e-18 	 -1.984691e-17
1 	 29 	 2 	 6 	 -2.764702e-18 	 -2.042425e-17
1 	 30 	 2 	 6 	 -2.058416e-18 	 -2.105538e-17
1 	 31 	 2 	 6 	 -1.326355e-18 	 -2.169144e-17
1 	 32 	 2 	 6 	 -9.398011e-19 	 -2.210543e-17
1 	 33 	 2 	 6 	 -8.109638e-19 	 -2.234331e-17
1 	 34 	 2 	 6 	 -6.657620e-19 	 -2.256699e-17
1 	 35 	 2 	 6 	 -1.029172e-18 	 -2.255237e-17
1 	 36 	 2 	 6 	 -1.386172e-18 	 -2.250825e-17
1 	 37 	 2 	 6 	 -2.037725e-18 	 -2.240842e-17
1 	 38 	 2 	 6 	 -3.012772e-18 	 -2.224913e-17
1 	 39 	 2 	 6 	 -3.999661e-18 	 -2.206597e-17
1 	 40 	 2 	 6 	 -4.840695e-18 	 -2.171294e-17
1 	 41 	 2 	 6 	 -5.679357e-18 	 -2.133995e-17
1 	 42 	 2 	 6 	 -6.268418e-18 	 -2.079805e-17
1 	 43 	 2 	 6 	 -6.635304e-18 	 -2.010933e-17
1 	 44 	 2 	 6 	 -6.903558e-18 	 -1.938483e-17
1 	 45 	 2 	 6 	 -6.742268e-18 	 -1.857937e-17
1 	 46 	 2 	 6 	 -6.536709e-18 	 -1.775775e-17
1 	 47 	 2 	 6 	 -6.147567e-18 	 -1.570627e-17
1 	 48 	 2 	 6 	 -5.667311e-18 	 -1.341730e-17
1 	 49 	 2 	 6 	 -3.619410e-18 	 -6.909857e-18
1 	 50 	 2 	 6 	 -2.175254e-19 	 3.173976e-18
1 	 51 	 2 	 6 	 8.566400e-18 	 1.774002e-17
1 	 52 	 2 	 6 	 2.951257e-17 	 4.239875e-17
1 	 53 	 2 	 6 	 4.936916e-17 	 6.341041e-17
1 	 54 	 2 	 6 	 5.534104e-17 	 5.215504e-17
1 	 55 	 2 	 6 	 6.089007e-17 	 3.984383e-17
1 	 56 	 2 	 6 	 6.808081e-17 	 2.765877e-17
1 	 57 	 2 	 6 	 7.525186e-17 	 1.521388e-17
1 	 58 	 2 	 6 	 8.938395e-17 	 5.222096e-19
1 	 59 	 2 	 6 	 1.046350e-16 	 -1.479627e-17
1 	 60 	 2 	 6 	 1.209419e-16 	 -3.855473e-17
1 	 61 	 2 	 6 	 1.373811e-16 	 -6.472797e-17
1 	 62 	 2 	 6 	 1.527007e-16 	 -1.019365e-16
1 	 63 	 2 	 6 	 1.673715e-16 	 -1.425307e-16
1 	 64 	 2 	 6 	 1.745215e-16 	 -1.977971e-16
1 	 65 	 2 	 6 	 1.789882e-16 	 -2.567051e-16
1 	 66 	 2 	 6 	 2.041560e-16 	 -3.723812e-16
1 	 67 	 2 	 6 	 2.315963e-16 	 -4.970417e-16
1 	 68 	 2 	 6 	 2.653470e-16 	 -7.866799e-16
1 	 69 	 2 	 6 	 2.801558e-16 	 -1.087023e-15
1 	 70 	 2 	 6 	 1.541776e-16 	 -1.406855e-15
1 	 71 	 2 	 6 	 -2.342143e-17 	 -1.590844e-15
1 	 72 	 2 	 6 	 -3.136625e-16 	 -1.434080e-15
1 	 73 	 2 	 6 	 -6.365144e-16 	 -1.358077e-15
1 	 74 	 2 	 6 	 -9.890755e-16 	 -1.368542e-15
1 	 75 	 2 	 6 	 -1.410539e-15 	 -1.279314e-15
1 	 76 	 2 	 6 	 -1.858924e-15 	 -1.142989e-15
1 	 77 	 2 	 6 	 -2.362905e-15 	 -8.135876e-16
1 	 78 	 2 	 6 	 -2.866604e-15 	 -3.790850e-16
1 	 79 	 2 	 6 	 -3.363974e-15 	 2.202447e-16
1 	 80 	 2 	 6 	 -3.841305e-15 	 9.982646e-16
1 	 81 	 2 	 6 	 -4.291755e-15 	 1.889292e-15
1 	 82 	 2 	 6 	 -4.658380e-15 	 3.008385e-15
1 	 83 	 2 	 6 	 -7.196626e-15 	 4.719819e-15
1 	 84 	 2 	 6 	 -1.158147e-14 	 6.991525e-15
1 	 85 	 2 	 6 	 -1.955903e-14 	 1.315528e-14
1 	 86 	 2 	 6 	 -2.538721e-14 	 2.084445e-14
1 	 87 	 2 	 6 	 -2.872331e-14 	 2.995215e-14
1 	 88 	 2 	 6 	 -2.313759e-14 	 3.649522e-14
1 	 89 	 2 	 6 	 -1.198272e-14 	 3.744672e-14
1 	 90 	 2 	 6 	 3.224919e-15 	 3.440793e-14
1 	 91 	 2 	 6 	 1.748902e-14 	 3.373547e-14
1 	 92 	 2 	 6 	 3.464239e-14 	 3.013170e-14
1 	 93 	 2 	 6 	 5.423026e-14 	 2.185245e-14
1 	 94 	 2 	 6 	 7.615833e-14 	 7.036937e-15
1 	 95 	 2 	 6 	 9.884610e-14 	 -1.993427e-14
1 	 96 	 2 	 6 	 1.165092e-13 	 -6.316116e-14
1 	 97 	 2 	 6 	 1.237640e-13 	 -1.245546e-13
1 	 98 	 2 	 6 	 1.157893e-13 	 -2.055739e-13
1 	 99 	 2 	 6 	 8.831275e-14 	 -3.054216e-13
1 	 100 	 2 	 6 	 8.327781e-14 	 -4.247784e-13
1 	 101 	 2 	 6 	 3.120019e-13 	 -5.433659e-13
1 	 102 	 2 	 6 	 9.732416e-13 	 -5.658691e-13
1 	 103 	 2 	 6 	 -2.883176e-13 	 -1.679497e-13
1 	 104 	 2 	 6 	 -4.417022e-13 	 -2.506182e-13
1 	 105 	 2 	 6 	 -4.483119e-13 	 -2.386995e-13
1 	 106 	 2 	 6 	 -2.435996e-13 	 -1.085812e-13
1 	 107 	 2 	 6 	 -9.088754e-14 	 -4.147285e-15
1 	 108 	 2 	 6 	 -4.459462e-14 	 1.999405e-14
1 	 109 	 2 	 6 	 -3.698064e-14 	 9.190145e-15
1 	 110 	 2 	 6 	 -3.535185e-14 	 -1.051820e-14
1 	 111 	 2 	 6 	 -2.752207e-14 	 -2.360152e-14
1 	 112 	 2 	 6 	 -1.731715e-14 	 -2.990781e-14
1 	 113 	 2 	 6 	 -7.586314e-15 	 -3.230832e-14
1 	 114 	 2 	 6 	 1.308451e-15 	 -3.204149e-14
1 	 115 	 2 	 6 	 8.829580e-15 	 -3.043950e-14
1 	 116 	 2 	 6 	 1.623233e-14 	 -2.996672e-14
1 	 117 	 2 	 6 	 2.211217e-14 	 -2.804941e-14
1 	 118 	 2 	 6 	 2.616075e-14 	 -2.419676e-14
1 	 119 	 2 	 6 	 2.492572e-14 	 -1.779554e-14
1 	 120 	 2 	 6 	 2.040852e-14 	 -1.164319e-14
1 	 121 	 2 	 6 	 1.328048e-14 	 -5.828139e-15
1 	 122 	 2 	 6 	 9.154913e-15 	 -3.713838e-15
1 	 123 	 2 	 6 	 5.693512e-15 	 -2.350280e-15
1 	 124 	 2 	 6 	 2.817723e-15 	 -1.692226e-15
1 	 125 	 2 	 6 	 1.962536e-15 	 -1.405709e-15
1 	 126 	 2 	 6 	 1.525312e-15 	 -1.023777e-15
1 	 127 	 2 	 6 	 1.680305e-15 	 -4.411311e-16
1 	 128 	 2 	 6 	 1.642739e-15 	 5.590819e-17
1 	 129 	 2 	 6 	 1.520737e-15 	 5.126734e-16
1 	 130 	 2 	 6 	 1.252389e-15 	 7.572477e-16
1 	 131 	 2 	 6 	 9.823199e-16 	 9.449786e-16
1 	 132 	 2 	 6 	 7.086570e-16 	 1.027714e-15
1 	 133 	 2 	 6 	 4.653805e-16 	 1.043394e-15
1 	 134 	 2 	 6 	 2.380693e-16 	 1.019478e-15
1 	 135 	 2 	 6 	 6.015927e-17 	 9.706069e-16
1 	 136 	 2 	 6 	 -1.116657e-16 	 9.196084e-16
1 	 137 	 2 	 6 	 -2.680875e-16 	 8.960746e-16
1 	 138 	 2 	 6 	 -4.092814e-16 	 8.563950e-16
1 	 139 	 2 	 6 	 -4.788367e-16 	 7.442900e-16
1 	 140 	 2 	 6 	 -4.749050e-16 	 6.043062e-16
1 	 141 	 2 	 6 	 -3.116569e-16 	 4.046839e-16
1 	 142 	 2 	 6 	 -1.617437e-16 	 2.534219e-16
1 	 143 	 2 	 6 	 -3.356019e-17 	 1.773630e-16
1 	 144 	 2 	 6 	 3.287916e-17 	 1.261635e-16
1 	 145 	 2 	 6 	 2.006488e-17 	 1.071807e-16
1 	 146 	 2 	 6 	 4.268434e-18 	 8.683463e-17
1 	 147 	 2 	 6 	 -1.430037e-17 	 6.466126e-17
1 	 148 	 2 	 6 	 -2.617678e-17 	 4.473454e-17
1 	 149 	 2 	 6 	 -2.716189e-17 	 2.826871e-17
1 	 150 	 2 	 6 	 -2.635245e-17 	 1.409582e-17
1 	 151 	 2 	 6 	 -2.151523e-17 	 5.030044e-18
1 	 152 	 2 	 6 	 -1.671137e-17 	 -3.259288e-18
1 	 153 	 2 	 6 	 -1.198077e-17 	 -8.034951e-18
1 	 154 	 2 	 6 	 -7.293045e-18 	 -1.293119e-17
1 	 155 	 2 	 6 	 -4.141873e-18 	 -1.908039e-17
1 	 156 	 2 	 6 	 -9.901512e-19 	 -2.546294e-17
1 	 157 	 2 	 6 	 1.665559e-18 	 -2.531795e-17
1 	 158 	 2 	 6 	 4.317435e-18 	 -2.372678e-17
1 	 159 	 2 	 6 	 3.302289e-18 	 -1.644150e-17
1 	 160 	 2 	 6 	 -7.129551e-19 	 -4.333580e-18
1 	 161 	 2 	 6 	 -3.993933e-18 	 4.971064e-18
1 	 162 	 2 	 6 	 -4.948803e-18 	 4.671577e-18
1 	 163 	 2 	 6 	 -5.901794e-18 	 4.311245e-18
1 	 164 	 2 	 6 	 -5.179059e-18 	 3.485270e-18
1 	 165 	 2 	 6 	 -4.244277e-18 	 2.589608e-18
1 	 166 	 2 	 6 	 -3.584940e-18 	 2.087040e-18
1 	 167 	 2 	 6 	 -3.223196e-18 	 2.002652e-18
1 	 168 	 2 	 6 	 -2.874871e-18 	 1.928759e-18
1 	 169 	 2 	 6 	 -2.851371e-18 	 1.989587e-18
1 	 170 	 2 	 6 	 -2.830258e-18 	 2.056914e-18
1 	 171 	 2 	 6 	 -2.873334e-18 	 2.092415e-18
1 	 172 	 2 	 6 	 -2.973351e-18 	 2.102291e-18
1 	 173 	 2 	 6 	 -3.080449e-18 	 2.120232e-18
1 	 174 	 2 	 6 	 -3.096569e-18 	 2.122922e-18
1 	 175 	 2 	 6 	 -3.113757e-18 	 2.133147e-18
1 	 176 	 2 	 6 	 -3.219087e-18 	 2.124676e-18
1 	 177 	 2 	 6 	 -3.470737e-18 	 2.082032e-18
1 	 178 	 2 	 6 	 -3.730915e-18 	 2.047581e-18
1 	 179 	 2 	 6 	 -3.896284e-18 	 1.893886e-18
1 	 180 	 2 	 6 	 -4.029574e-18 	 1.693136e-18
1 	 181 	 2 	 6 	 -4.169381e-18 	 1.492999e-18
1 	 182 	 2 	 6 	 -4.148393e-18 	 1.267794e-18
1 	 183 	 2 	 6 	 -4.132029e-18 	 1.039875e-18
1 	 184 	 2 	 6 	 -4.111546e-18 	 8.427978e-19
1 	 185 	 2 	 6 	 -4.066053e-18 	 7.527623e-19
1 	 186 	 2 	 6 	 -4.024035e-18 	 6.652469e-19
1 	 187 	 2 	 6 	 -3.972223e-18 	 5.743048e-19
1 	 188 	 2 	 6 	 -3.903899e-18 	 4.757004e-19
1 	 189 	 2 	 6 	 -3.836735e-18 	 3.839155e-19
1 	 190 	 2 	 6 	 -3.770734e-18 	 3.032483e-19
1 	 191 	 2 	 6 	 -3.705768e-18 	 2.287982e-19
1 	 192 	 2 	 6 	 -3.642478e-18 	 1.521611e-19
1 	 193 	 2 	 6 	 -3.587140e-18 	 1.900422e-19
1 	 194 	 2 	 6 	 -3.536890e-18 	 3.181702e-19
1 	 195 	 2 	 6 	 -3.487191e-18 	 4.541872e-19
1 	 196 	 2 	 6 	 -3.411287e-18 	 4.460719e-19
1 	 197 	 2 	 6 	 -3.316513e-18 	 3.240127e-19
1 	 198 	 2 	 6 	 -3.222715e-18 	 1.982897e-19
1 	 199 	 2 	 6 	 -3.123417e-18 	 1.002171e-19
1 	 200 	 2 	 6 	 -3.018107e-18 	 3.708322e-20
1 	 201 	 2 	 6 	 -2.913173e-18 	 -2.643964e-20
1 	 202 	 2 	 6 	 -2.805691e-18 	 -9.298333e-20
1 	 203 	 2 	 6 	 -2.692683e-18 	 -1.645799e-19
1 	 204 	 2 	 6 	 -2.579129e-18 	 -2.394525e-19
1 	 205 	 2 	 6 	 4.393150e-17 	 -3.061182e-17
1 	 206 	 2 	 6 	 4.564492e-17 	 -3.105597e-17
1 	 207 	 2 	 6 	 4.740407e-17 	 -3.157909e-17
1 	 208 	 2 	 6 	 4.919205e-17 	 -3.214965e-17
1 	 209 	 2 	 6 	 5.097777e-17 	 -3.270228e-17
1 	 210 	 2 	 6 	 5.282860e-17 	 -3.333894e-17
1 	 211 	 2 	 6 	 5.474918e-17 	 -3.412968e-17
1 	 212 	 2 	 6 	 5.666301e-17 	 -3.489286e-17
1 	 213 	 2 	 6 	 5.866960e-17 	 -3.566445e-17
1 	 214 	 2 	 6 	 6.090185e-17 	 -3.649309e-17
1 	 215 	 2 	 6 	 6.312178e-17 	 -3.725894e-17
1 	 216 	 2 	 6 	 6.540448e-17 	 -3.796238e-17
1 	 217 	 2 	 6 	 6.789991e-17 	 -3.861204e-17
1 	 218 	 2 	 6 	 7.037314e-17 	 -3.916361e-17
1 	 219 	 2 	 6 	 7.305525e-17 	 -3.958550e-17
1 	 220 	 2 	 6 	 7.637660e-17 	 -3.981453e-17
1 	 221 	 2 	 6 	 7.969330e-17 	 -3.994813e-17
1 	 222 	 2 	 6 	 8.324022e-17 	 -4.003031e-17
1 	 223 	 2 	 6 	 8.725026e-17 	 -4.009887e-17
1 	 224 	 2 	 6 	 9.126414e-17 	 -4.008535e-17
1 	 225 	 2 	 6 	 9.501232e-17 	 -4.032628e-17
1 	 226 	 2 	 6 	 9.836764e-17 	 -4.098977e-17
1 	 227 	 2 	 6 	 1.016403e-16 	 -4.166703e-17
1 	 228 	 2 	 6 	 1.052690e-16 	 -4.277938e-17
1 	 229 	 2 	 6 	 1.090555e-16 	 -4.407673e-17
1 	 230 	 2 	 6 	 1.127914e-16 	 -4.530016e-17
1 	 231 	 2 	 6 	 1.168423e-16 	 -4.677384e-17
1 	 232 	 2 	 6 	 1.208764e-16 	 -4.821448e-17
1 	 233 	 2 	 6 	 1.248972e-16 	 -4.961612e-17
1 	 234 	 2 	 6 	 1.289857e-16 	 -5.100338e-17
1 	 235 	 2 	 6 	 1.330178e-16 	 -5.232441e-17
1 	 236 	 2 	 6 	 1.369999e-16 	 -5.340369e-17
1 	 237 	 2 	 6 	 1.409296e-16 	 -5.427431e-17
1 	 238 	 2 	 6 	 1.448185e-16 	 -5.509256e-17
1 	 239 	 2 	 6 	 1.481569e-16 	 -5.481493e-17
1 	 240 	 2 	 6 	 1.514713e-16 	 -5.451224e-17
1 	 241 	 2 	 6 	 1.551158e-16 	 -5.339334e-17
1 	 242 	 2 	 6 	 1.591337e-16 	 -5.131488e-17
1 	 243 	 2 	 6 	 1.630755e-16 	 -4.917455e-17
1 	 244 	 2 	 6 	 1.677133e-16 	 -4.380121e-17
1 	 245 	 2 	 6 	 1.722642e-16 	 -3.803249e-17
1 	 246 	 2 	 6 	 1.777407e-16 	 -2.896584e-17
1 	 247 	 2 	 6 	 1.840055e-16 	 -1.704304e-17
1 	 248 	 2 	 6 	 1.911385e-16 	 -3.381334e-18
1 	 249 	 2 	 6 	 2.029199e-16 	 1.747033e-17
1 	 250 	 2 	 6 	 2.147769e-16 	 3.882446e-17
1 	 251 	 2 	 6 	 2.361157e-16 	 6.877016e-17
1 	 252 	 2 	 6 	 2.595979e-16 	 1.008801e-16
1 	 253 	 2 	 6 	 2.940530e-16 	 1.390638e-16
1 	 254 	 2 	 6 	 3.377960e-16 	 1.823139e-16
1 	 255 	 2 	 6 	 3.916031e-16 	 2.285183e-16
1 	 256 	 2 	 6 	 4.672155e-16 	 2.806047e-16
1 	 257 	 2 	 6 	 5.491409e-16 	 3.334825e-16
1 	 258 	 2 	 6 	 6.711601e-16 	 3.882462e-16
1 	 259 	 2 	 6 	 7.948602e-16 	 4.432200e-16
1 	 260 	 2 	 6 	 9.893535e-16 	 4.932172e-16
1 	 261 	 2 	 6 	 1.188522e-15 	 5.426382e-16
1 	 262 	 2 	 6 	 1.456492e-15 	 5.447055e-16
1 	 263 	 2 	 6 	 1.737242e-15 	 5.367964e-16
1 	 264 	 2 	 6 	 2.079337e-15 	 4.455941e-16
1 	 265 	 2 	 6 	 2.436969e-15 	 3.299845e-16
1 	 266 	 2 	 6 	 2.876062e-15 	 8.889777e-17
1 	 267 	 2 	 6 	 3.337285e-15 	 -1.922386e-16
1 	 268 	 2 	 6 	 3.850089e-15 	 -6.763389e-16
1 	 269 	 2 	 6 	 4.372878e-15 	 -1.217586e-15
1 	 270 	 2 	 6 	 4.893957e-15 	 -2.069895e-15
1 	 271 	 2 	 6 	 5.407800e-15 	 -2.981125e-15
1 	 272 	 2 	 6 	 5.810461e-15 	 -4.355922e-15
1 	 273 	 2 	 6 	 6.165419e-15 	 -5.834701e-15
1 	 274 	 2 	 6 	 6.287346e-15 	 -7.878602e-15
1 	 275 	 2 	 6 	 6.240993e-15 	 -1.025430e-14
1 	 276 	 2 	 6 	 5.828402e-15 	 -1.338287e-14
1 	 277 	 2 	 6 	 4.799087e-15 	 -1.698678e-14
1 	 278 	 2 	 6 	 3.154799e-15 	 -2.104033e-14
1 	 279 	 2 	 6 	 1.714356e-16 	 -2.548455e-14
1 	 280 	 2 	 6 	 -3.450465e-15 	 -3.007731e-14
1 	 281 	 2 	 6 	 -9.410196e-15 	 -3.515295e-14
1 	 282 	 2 	 6 	 -1.699032e-14 	 -4.041502e-14
1 	 283 	 2 	 6 	 -2.707861e-14 	 -4.596207e-14
1 	 284 	 2 	 6 	 -4.143492e-14 	 -5.118044e-14
1 	 285 	 2 	 6 	 -5.844666e-14 	 -5.589296e-14
1 	 286 	 2 	 6 	 -8.196599e-14 	 -5.867535e-14
1 	 287 	 2 	 6 	 -1.111414e-13 	 -5.867863e-14
1 	 288 	 2 	 6 	 -1.450740e-13 	 -5.615483e-14
1 	 289 	 2 	 6 	 -1.910490e-13 	 -4.517562e-14
1 	 290 	 2 	 6 	 -2.449633e-13 	 -2.676857e-14
1 	 291 	 2 	 6 	 -3.070917e-13 	 -3.490335e-16
1 	 292 	 2 	 6 	 -3.871321e-13 	 4.717760e-14
1 	 293 	 2 	 6 	 -4.810306e-13 	 1.144784e-13
1 	 294 	 2 	 6 	 -5.898233e-13 	 2.057251e-13
1 	 295 	 2 	 6 	 -7.251522e-13 	 3.430963e-13
1 	 296 	 2 	 6 	 -8.822297e-13 	 5.410720e-13
1 	 297 	 2 	 6 	 -1.053113e-12 	 7.927527e-13
1 	 298 	 2 	 6 	 -1.235948e-12 	 1.103984e-12
1 	 299 	 2 	 6 	 -1.449642e-12 	 1.529336e-12
1 	 300 	 2 	 6 	 -1.682701e-12 	 2.120268e-12
1 	 301 	 2 	 6 	 -1.914171e-12 	 2.904784e-12
1 	 302 	 2 	 6 	 -2.121361e-12 	 3.921424e-12
1 	 303 	 2 	 6 	 -2.274350e-12 	 5.210206e-12
1 	 304 	 2 	 6 	 -2.283963e-12 	 6.889118e-12
1 	 305 	 2 	 6 	 -2.094151e-12 	 8.874484e-12
1 	 306 	 2 	 6 	 -1.637006e-12 	 1.110001e-11
1 	 307 	 2 	 6 	 1.186802e-12 	 -1.151829e-11
1 	 308 	 2 	 6 	 1.698153e-12 	 -9.339235e-12
1 	 309 	 2 	 6 	 1.969821e-12 	 -7.367207e-12
1 	 310 	 2 	 6 	 2.043708e-12 	 -5.673970e-12
1 	 311 	 2 	 6 	 1.964340e-12 	 -4.347450e-12
1 	 312 	 2 	 6 	 1.823670e-12 	 -3.289642e-12
1 	 313 	 2 	 6 	 1.652513e-12 	 -2.433132e-12
1 	 314 	 2 	 6 	 1.464993e-12 	 -1.739591e-12
1 	 315 	 2 	 6 	 1.265856e-12 	 -1.191739e-12
1 	 316 	 2 	 6 	 1.073651e-12 	 -8.251261e-13
1 	 317 	 2 	 6 	 8.977320e-13 	 -5.462817e-13
1 	 318 	 2 	 6 	 7.387382e-13 	 -3.388162e-13
1 	 319 	 2 	 6 	 6.007423e-13 	 -1.956363e-13
1 	 320 	 2 	 6 	 4.901221e-13 	 -1.061769e-13
1 	 321 	 2 	 6 	 3.947776e-13 	 -4.014130e-14
1 	 322 	 2 	 6 	 3.130478e-13 	 6.246872e-15
1 	 323 	 2 	 6 	 2.502641e-13 	 3.053571e-14
1 	 324 	 2 	 6 	 1.963112e-13 	 4.726050e-14
1 	 325 	 2 	 6 	 1.499965e-13 	 5.738353e-14
1 	 326 	 2 	 6 	 1.160800e-13 	 5.918671e-14
1 	 327 	 2 	 6 	 8.732244e-14 	 5.878947e-14
1 	 328 	 2 	 6 	 6.330208e-14 	 5.626947e-14
1 	 329 	 2 	 6 	 4.666907e-14 	 5.159334e-14
1 	 330 	 2 	 6 	 3.224256e-14 	 4.671619e-14
1 	 331 	 2 	 6 	 2.139971e-14 	 4.144280e-14
1 	 332 	 2 	 6 	 1.355319e-14 	 3.651567e-14
1 	 333 	 2 	 6 	 6.885654e-15 	 3.171452e-14
1 	 334 	 2 	 6 	 2.502763e-15 	 2.640682e-14
1 	 335 	 2 	 6 	 -1.142878e-15 	 2.129339e-14
1 	 336 	 2 	 6 	 -3.318229e-15 	 1.652114e-14
1 	 337 	 2 	 6 	 -4.566136e-15 	 1.280169e-14
1 	 338 	 2 	 6 	 -5.274305e-15 	 9.695072e-15
1 	 339 	 2 	 6 	 -5.412651e-15 	 7.559152e-15
1 	 340 	 2 	 6 	 -5.456275e-15 	 5.602038e-15
1 	 341 	 2 	 6 	 -5.157022e-15 	 4.211775e-15
1 	 342 	 2 	 6 	 -4.839845e-15 	 2.902364e-15
1 	 343 	 2 	 6 	 -4.391966e-15 	 1.966101e-15
1 	 344 	 2 	 6 	 -3.938119e-15 	 1.139737e-15
1 	 345 	 2 	 6 	 -3.459532e-15 	 5.597303e-16
1 	 346 	 2 	 6 	 -3.000012e-15 	 8.398201e-17
1 	 347 	 2 	 6 	 -2.564530e-15 	 -2.346795e-16
1 	 348 	 2 	 6 	 -2.164815e-15 	 -4.768740e-16
1 	 349 	 2 	 6 	 -1.806920e-15 	 -6.224832e-16
1 	 350 	 2 	 6 	 -1.490005e-15 	 -7.234086e-16
1 	 351 	 2 	 6 	 -1.222830e-15 	 -7.669449e-16
1 	 352 	 2 	 6 	 -9.803296e-16 	 -7.829455e-16
1 	 353 	 2 	 6 	 -7.739198e-16 	 -7.560192e-16
1 	 354 	 2 	 6 	 -5.842050e-16 	 -7.123304e-16
1 	 355 	 2 	 6 	 -4.313582e-16 	 -6.302701e-16
1 	 356 	 2 	 6 	 -2.920377e-16 	 -5.507877e-16
1 	 357 	 2 	 6 	 -2.129536e-16 	 -4.825400e-16
1 	 358 	 2 	 6 	 -1.335692e-16 	 -4.153934e-16
1 	 359 	 2 	 6 	 -9.333949e-17 	 -3.673294e-16
1 	 360 	 2 	 6 	 -5.204865e-17 	 -3.193782e-16
1 	 361 	 2 	 6 	 -2.835280e-17 	 -2.778548e-16
1 	 362 	 2 	 6 	 -8.058095e-18 	 -2.374444e-16
1 	 363 	 2 	 6 	 4.968368e-18 	 -2.023566e-16
1 	 364 	 2 	 6 	 1.216337e-17 	 -1.713268e-16
1 	 365 	 2 	 6 	 1.778970e-17 	 -1.424611e-16
1 	 366 	 2 	 6 	 1.794835e-17 	 -1.207620e-16
1 	 367 	 2 	 6 	 1.819749e-17 	 -9.867248e-17
1 	 368 	 2 	 6 	 1.625148e-17 	 -8.413388e-17
1 	 369 	 2 	 6 	 1.404440e-17 	 -7.020616e-17
1 	 370 	 2 	 6 	 1.094666e-17 	 -5.863243e-17
1 	 371 	 2 	 6 	 6.909105e-18 	 -4.946168e-17
1 	 372 	 2 	 6 	 2.786434e-18 	 -4.026872e-17
1 	 373 	 2 	 6 	 -2.289883e-18 	 -3.532304e-17
1 	 374 	 2 	 6 	 -7.532460e-18 	 -3.021156e-17
1 	 375 	 2 	 6 	 -1.101737e-17 	 -2.686011e-17
1 	 376 	 2 	 6 	 -1.300268e-17 	 -2.504397e-17
1 	 377 	 2 	 6 	 -1.509372e-17 	 -2.317132e-17
1 	 378 	 2 	 6 	 -1.579843e-17 	 -2.216807e-17
1 	 379 	 2 	 6 	 -1.657506e-17 	 -2.114177e-17
1 	 380 	 2 	 6 	 -1.712124e-17 	 -2.030846e-17
1 	 381 	 2 	 6 	 -1.723703e-17 	 -1.982048e-17
1 	 382 	 2 	 6 	 -1.741615e-17 	 -1.932365e-17
1 	 383 	 2 	 6 	 -1.719006e-17 	 -1.898485e-17
1 	 384 	 2 	 6 	 -1.683789e-17 	 -1.871087e-17
1 	 385 	 2 	 6 	 -1.657298e-17 	 -1.840674e-17
1 	 386 	 2 	 6 	 -1.594707e-17 	 -1.810446e-17
1 	 387 	 2 	 6 	 -1.536208e-17 	 -1.781292e-17
1 	 388 	 2 	 6 	 -1.475674e-17 	 -1.746789e-17
1 	 389 	 2 	 6 	 -1.398760e-17 	 -1.692462e-17
1 	 390 	 2 	 6 	 -1.324061e-17 	 -1.638536e-17
1 	 391 	 2 	 6 	 -1.248117e-17 	 -1.584256e-17
1 	 392 	 2 	 6 	 -1.168698e-17 	 -1.529346e-17
1 	 393 	 2 	 6 	 -1.090248e-17 	 -1.474904e-17
1 	 394 	 2 	 6 	 -1.016971e-17 	 -1.430937e-17
1 	 395 	 2 	 6 	 -9.485880e-18 	 -1.396966e-17
1 	 396 	 2 	 6 	 -8.815796e-18 	 -1.364161e-17
1 	 397 	 2 	 6 	 -8.204630e-18 	 -1.324972e-17
1 	 398 	 2 	 6 	 -7.658874e-18 	 -1.279576e-17
1 	 399 	 2 	 6 	 -7.121834e-18 	 -1.234754e-17
1 	 400 	 2 	 6 	 -6.607076e-18 	 -1.191631e-17
1 	 401 	 2 	 6 	 -6.108458e-18 	 -1.150001e-17
1 	 402 	 2 	 6 	 -5.617271e-18 	 -1.109102e-17
1 	 403 	 2 	 6 	 -5.217345e-18 	 -1.059738e-17
1 	 404 	 2 	 6 	 -4.913072e-18 	 -1.001184e-17
1 	 405 	 2 	 6 	 -4.624544e-18 	 -9.421462e-18
1 	 406 	 2 	 6 	 -4.335351e-18 	 -8.921126e-18
1 	 407 	 2 	 6 	 -4.035653e-18 	 -8.578177e-18
1 	 408 	 2 	 6 	 -3.757808e-18 	 -8.227532e-18
1 	 1 	 3 	 1 	 1.500292e-15 	 -2.651063e-17
1 	 2 	 3 	 1 	 1.598595e-15 	 -8.087385e-17
1 	 3 	 3 	 1 	 1.698099e-15 	 -1.408421e-16
1 	 4 	 3 	 1 	 1.798761e-15 	 -2.049023e-16
1 	 5 	 3 	 1 	 1.899966e-15 	 -2.695314e-16
1 	 6 	 3 	 1 	 2.006469e-15 	 -3.444296e-16
1 	 7 	 3 	 1 	 2.120152e-15 	 -4.337209e-16
1 	 8 	 3 	 1 	 2.234192e-15 	 -5.236885e-16
1 	 9 	 3 	 1 	 2.345838e-15 	 -6.194991e-16
1 	 10 	 3 	 1 	 2.451043e-15 	 -7.269612e-16
1 	 11 	 3 	 1 	 2.555334e-15 	 -8.342660e-16
1 	 12 	 3 	 1 	 2.671619e-15 	 -9.574248e-16
1 	 13 	 3 	 1 	 2.825809e-15 	 -1.128741e-15
1 	 14 	 3 	 1 	 2.980245e-15 	 -1.300743e-15
1 	 15 	 3 	 1 	 3.143311e-15 	 -1.491079e-15
1 	 16 	 3 	 1 	 3.330188e-15 	 -1.731748e-15
1 	 17 	 3 	 1 	 3.519138e-15 	 -1.975097e-15
1 	 18 	 3 	 1 	 3.709156e-15 	 -2.240748e-15
1 	 19 	 3 	 1 	 3.898458e-15 	 -2.547717e-15
1 	 20 	 3 	 1 	 4.088725e-15 	 -2.857374e-15
1 	 21 	 3 	 1 	 4.258047e-15 	 -3.187477e-15
1 	 22 	 3 	 1 	 4.402939e-15 	 -3.540302e-15
1 	 23 	 3 	 1 	 4.547759e-15 	 -3.895448e-15
1 	 24 	 3 	 1 	 4.665649e-15 	 -4.287760e-15
1 	 25 	 3 	 1 	 4.768553e-15 	 -4.699399e-15
1 	 26 	 3 	 1 	 4.870020e-15 	 -5.112051e-15
1 	 27 	 3 	 1 	 4.917082e-15 	 -5.582806e-15
1 	 28 	 3 	 1 	 4.962181e-15 	 -6.064884e-15
1 	 29 	 3 	 1 	 5.035367e-15 	 -6.614642e-15
1 	 30 	 3 	 1 	 5.204715e-15 	 -7.399982e-15
1 	 31 	 3 	 1 	 5.371184e-15 	 -8.188483e-15
1 	 32 	 3 	 1 	 5.615570e-15 	 -9.186982e-15
1 	 33 	 3 	 1 	 5.919426e-15 	 -1.034578e-14
1 	 34 	 3 	 1 	 6.224124e-15 	 -1.151469e-14
1 	 35 	 3 	 1 	 6.268328e-15 	 -1.262457e-14
1 	 36 	 3 	 1 	 6.307939e-15 	 -1.374165e-14
1 	 37 	 3 	 1 	 6.291344e-15 	 -1.494807e-14
1 	 38 	 3 	 1 	 6.206106e-15 	 -1.625687e-14
1 	 39 	 3 	 1 	 6.115396e-15 	 -1.756787e-14
1 	 40 	 3 	 1 	 5.860253e-15 	 -1.909726e-14
1 	 41 	 3 	 1 	 5.596553e-15 	 -2.063409e-14
1 	 42 	 3 	 1 	 5.227027e-15 	 -2.230838e-14
1 	 43 	 3 	 1 	 4.768472e-15 	 -2.409945e-14
1 	 44 	 3 	 1 	 4.259276e-15 	 -2.592164e-14
1 	 45 	 3 	 1 	 3.511578e-15 	 -2.787760e-14
1 	 46 	 3 	 1 	 2.755244e-15 	 -2.984342e-14
1 	 47 	 3 	 1 	 1.659254e-15 	 -3.181572e-14
1 	 48 	 3 	 1 	 4.866114e-16 	 -3.379429e-14
1 	 49 	 3 	 1 	 -1.120372e-15 	 -3.567893e-14
1 	 50 	 3 	 1 	 -3.103447e-15 	 -3.746571e-14
1 	 51 	 3 	 1 	 -5.083963e-15 	 -3.996291e-14
1 	 52 	 3 	 1 	 -7.003217e-15 	 -4.410756e-14
1 	 53 	 3 	 1 	 -8.952376e-15 	 -4.843857e-14
1 	 54 	 3 	 1 	 -1.100282e-14 	 -5.381707e-14
1 	 55 	 3 	 1 	 -1.305926e-14 	 -5.926756e-14
1 	 56 	 3 	 1 	 -1.627180e-14 	 -6.321553e-14
1 	 57 	 3 	 1 	 -1.954533e-14 	 -6.710430e-14
1 	 58 	 3 	 1 	 -2.377476e-14 	 -7.141510e-14
1 	 59 	 3 	 1 	 -2.817583e-14 	 -7.579613e-14
1 	 60 	 3 	 1 	 -3.353070e-14 	 -8.045693e-14
1 	 61 	 3 	 1 	 -3.914635e-14 	 -8.518263e-14
1 	 62 	 3 	 1 	 -4.581637e-14 	 -9.014852e-14
1 	 63 	 3 	 1 	 -5.279215e-14 	 -9.518254e-14
1 	 64 	 3 	 1 	 -6.094611e-14 	 -1.000345e-13
1 	 65 	 3 	 1 	 -6.939352e-14 	 -1.048433e-13
1 	 66 	 3 	 1 	 -8.015036e-14 	 -1.085719e-13
1 	 67 	 3 	 1 	 -9.128812e-14 	 -1.120647e-13
1 	 68 	 3 	 1 	 -1.049414e-13 	 -1.203646e-13
1 	 69 	 3 	 1 	 -1.190448e-13 	 -1.285112e-13
1 	 70 	 3 	 1 	 -1.354593e-13 	 -1.342088e-13
1 	 71 	 3 	 1 	 -1.528697e-13 	 -1.408905e-13
1 	 72 	 3 	 1 	 -1.724410e-13 	 -1.499131e-13
1 	 73 	 3 	 1 	 -1.936013e-13 	 -1.569057e-13
1 	 74 	 3 	 1 	 -2.162331e-13 	 -1.619410e-13
1 	 75 	 3 	 1 	 -2.424851e-13 	 -1.658008e-13
1 	 76 	 3 	 1 	 -2.702042e-13 	 -1.691913e-13
1 	 77 	 3 	 1 	 -3.026776e-13 	 -1.711486e-13
1 	 78 	 3 	 1 	 -3.372635e-13 	 -1.716374e-13
1 	 79 	 3 	 1 	 -3.750995e-13 	 -1.698260e-13
1 	 80 	 3 	 1 	 -4.167186e-13 	 -1.648345e-13
1 	 81 	 3 	 1 	 -4.601611e-13 	 -1.567161e-13
1 	 82 	 3 	 1 	 -5.059847e-13 	 -1.354559e-13
1 	 83 	 3 	 1 	 -5.560981e-13 	 -1.077889e-13
1 	 84 	 3 	 1 	 -6.097821e-13 	 -7.442576e-14
1 	 85 	 3 	 1 	 -6.788989e-13 	 -1.680232e-14
1 	 86 	 3 	 1 	 -7.747216e-13 	 1.379522e-14
1 	 87 	 3 	 1 	 -8.971397e-13 	 1.723261e-14
1 	 88 	 3 	 1 	 -9.801491e-13 	 7.909372e-14
1 	 89 	 3 	 1 	 -1.067861e-12 	 1.529527e-13
1 	 90 	 3 	 1 	 -1.156956e-12 	 2.441808e-13
1 	 91 	 3 	 1 	 -1.231645e-12 	 3.836697e-13
1 	 92 	 3 	 1 	 -1.289103e-12 	 5.687372e-13
1 	 93 	 3 	 1 	 -1.315985e-12 	 8.028921e-13
1 	 94 	 3 	 1 	 -1.298216e-12 	 1.096586e-12
1 	 95 	 3 	 1 	 -1.171552e-12 	 1.496472e-12
1 	 96 	 3 	 1 	 -8.673362e-13 	 2.023861e-12
1 	 97 	 3 	 1 	 -3.127015e-13 	 2.697426e-12
1 	 98 	 3 	 1 	 6.209869e-13 	 3.551135e-12
1 	 99 	 3 	 1 	 2.133624e-12 	 4.629013e-12
1 	 100 	 3 	 1 	 5.403400e-12 	 6.235113e-12
1 	 101 	 3 	 1 	 1.179176e-11 	 8.579202e-12
1 	 102 	 3 	 1 	 2.449177e-11 	 1.215190e-11
1 	 103 	 3 	 1 	 -1.189215e-11 	 -9.553416e-12
1 	 104 	 3 	 1 	 -4.591730e-12 	 -6.968085e-12
1 	 105 	 3 	 1 	 -8.793179e-13 	 -5.115130e-12
1 	 106 	 3 	 1 	 8.663963e-13 	 -3.850878e-12
1 	 107 	 3 	 1 	 1.343138e-12 	 -3.085440e-12
1 	 108 	 3 	 1 	 1.611286e-12 	 -2.407400e-12
1 	 109 	 3 	 1 	 1.764915e-12 	 -1.821291e-12
1 	 110 	 3 	 1 	 1.827646e-12 	 -1.338327e-12
1 	 111 	 3 	 1 	 1.795498e-12 	 -9.676402e-13
1 	 112 	 3 	 1 	 1.712350e-12 	 -6.919026e-13
1 	 113 	 3 	 1 	 1.603036e-12 	 -4.739796e-13
1 	 114 	 3 	 1 	 1.478591e-12 	 -3.016084e-13
1 	 115 	 3 	 1 	 1.350200e-12 	 -1.663691e-13
1 	 116 	 3 	 1 	 1.223767e-12 	 -6.706146e-14
1 	 117 	 3 	 1 	 1.104601e-12 	 1.687238e-14
1 	 118 	 3 	 1 	 9.951095e-13 	 8.914688e-14
1 	 119 	 3 	 1 	 9.262000e-13 	 1.587606e-13
1 	 120 	 3 	 1 	 8.516738e-13 	 1.962573e-13
1 	 121 	 3 	 1 	 7.721150e-13 	 2.071946e-13
1 	 122 	 3 	 1 	 6.919058e-13 	 2.168938e-13
1 	 123 	 3 	 1 	 6.161234e-13 	 2.195734e-13
1 	 124 	 3 	 1 	 5.444002e-13 	 2.155978e-13
1 	 125 	 3 	 1 	 4.843748e-13 	 2.109896e-13
1 	 126 	 3 	 1 	 4.286636e-13 	 2.061438e-13
1 	 127 	 3 	 1 	 3.800417e-13 	 2.009569e-13
1 	 128 	 3 	 1 	 3.382309e-13 	 1.957070e-13
1 	 129 	 3 	 1 	 2.993669e-13 	 1.904643e-13
1 	 130 	 3 	 1 	 2.675205e-13 	 1.849258e-13
1 	 131 	 3 	 1 	 2.376577e-13 	 1.790657e-13
1 	 132 	 3 	 1 	 2.113837e-13 	 1.725633e-13
1 	 133 	 3 	 1 	 1.879650e-13 	 1.659787e-13
1 	 134 	 3 	 1 	 1.661750e-13 	 1.593545e-13
1 	 135 	 3 	 1 	 1.476412e-13 	 1.527127e-13
1 	 136 	 3 	 1 	 1.297063e-13 	 1.460936e-13
1 	 137 	 3 	 1 	 1.146618e-13 	 1.398902e-13
1 	 138 	 3 	 1 	 1.002209e-13 	 1.339902e-13
1 	 139 	 3 	 1 	 8.834148e-14 	 1.292361e-13
1 	 140 	 3 	 1 	 7.756384e-14 	 1.250370e-13
1 	 141 	 3 	 1 	 6.913845e-14 	 1.220903e-13
1 	 142 	 3 	 1 	 6.120296e-14 	 1.172163e-13
1 	 143 	 3 	 1 	 5.392334e-14 	 1.094083e-13
1 	 144 	 3 	 1 	 4.674765e-14 	 1.016312e-13
1 	 145 	 3 	 1 	 3.964700e-14 	 9.378616e-14
1 	 146 	 3 	 1 	 3.335856e-14 	 8.692541e-14
1 	 147 	 3 	 1 	 2.811292e-14 	 8.133388e-14
1 	 148 	 3 	 1 	 2.336509e-14 	 7.612320e-14
1 	 149 	 3 	 1 	 1.935409e-14 	 7.145077e-14
1 	 150 	 3 	 1 	 1.561420e-14 	 6.697046e-14
1 	 151 	 3 	 1 	 1.248283e-14 	 6.289504e-14
1 	 152 	 3 	 1 	 9.477192e-15 	 5.890271e-14
1 	 153 	 3 	 1 	 7.064152e-15 	 5.526300e-14
1 	 154 	 3 	 1 	 4.651000e-15 	 5.163632e-14
1 	 155 	 3 	 1 	 2.734124e-15 	 4.859078e-14
1 	 156 	 3 	 1 	 7.992807e-16 	 4.553270e-14
1 	 157 	 3 	 1 	 -8.827119e-16 	 4.341761e-14
1 	 158 	 3 	 1 	 -2.532384e-15 	 4.153899e-14
1 	 159 	 3 	 1 	 -3.709477e-15 	 3.921900e-14
1 	 160 	 3 	 1 	 -4.503953e-15 	 3.651825e-14
1 	 161 	 3 	 1 	 -5.198847e-15 	 3.375448e-14
1 	 162 	 3 	 1 	 -5.586761e-15 	 3.084508e-14
1 	 163 	 3 	 1 	 -5.982049e-15 	 2.790828e-14
1 	 164 	 3 	 1 	 -6.292641e-15 	 2.570525e-14
1 	 165 	 3 	 1 	 -6.600282e-15 	 2.357972e-14
1 	 166 	 3 	 1 	 -6.833282e-15 	 2.168825e-14
1 	 167 	 3 	 1 	 -6.989419e-15 	 2.003479e-14
1 	 168 	 3 	 1 	 -7.145050e-15 	 1.839265e-14
1 	 169 	 3 	 1 	 -7.183668e-15 	 1.705171e-14
1 	 170 	 3 	 1 	 -7.226807e-15 	 1.570772e-14
1 	 171 	 3 	 1 	 -7.220683e-15 	 1.448868e-14
1 	 172 	 3 	 1 	 -7.172931e-15 	 1.337259e-14
1 	 173 	 3 	 1 	 -7.128775e-15 	 1.225051e-14
1 	 174 	 3 	 1 	 -7.052211e-15 	 1.135319e-14
1 	 175 	 3 	 1 	 -6.976984e-15 	 1.045171e-14
1 	 176 	 3 	 1 	 -6.953241e-15 	 9.682110e-15
1 	 177 	 3 	 1 	 -7.016885e-15 	 9.135448e-15
1 	 178 	 3 	 1 	 -7.090646e-15 	 8.594332e-15
1 	 179 	 3 	 1 	 -6.885011e-15 	 7.894116e-15
1 	 180 	 3 	 1 	 -6.567639e-15 	 7.125584e-15
1 	 181 	 3 	 1 	 -6.246920e-15 	 6.350459e-15
1 	 182 	 3 	 1 	 -5.909384e-15 	 5.718294e-15
1 	 183 	 3 	 1 	 -5.568330e-15 	 5.079405e-15
1 	 184 	 3 	 1 	 -5.252470e-15 	 4.490453e-15
1 	 185 	 3 	 1 	 -5.015955e-15 	 4.069986e-15
1 	 186 	 3 	 1 	 -4.780636e-15 	 3.646733e-15
1 	 187 	 3 	 1 	 -4.563938e-15 	 3.271562e-15
1 	 188 	 3 	 1 	 -4.372607e-15 	 2.966682e-15
1 	 189 	 3 	 1 	 -4.181376e-15 	 2.659507e-15
1 	 190 	 3 	 1 	 -4.062004e-15 	 2.429308e-15
1 	 191 	 3 	 1 	 -4.010754e-15 	 2.270897e-15
1 	 192 	 3 	 1 	 -3.963724e-15 	 2.113108e-15
1 	 193 	 3 	 1 	 -3.840425e-15 	 1.929004e-15
1 	 194 	 3 	 1 	 -3.655790e-15 	 1.721492e-15
1 	 195 	 3 	 1 	 -3.467135e-15 	 1.509604e-15
1 	 196 	 3 	 1 	 -3.248281e-15 	 1.310663e-15
1 	 197 	 3 	 1 	 -3.006895e-15 	 1.121108e-15
1 	 198 	 3 	 1 	 -2.766408e-15 	 9.305857e-16
1 	 199 	 3 	 1 	 -2.581209e-15 	 7.893296e-16
1 	 200 	 3 	 1 	 -2.449485e-15 	 6.964440e-16
1 	 201 	 3 	 1 	 -2.317960e-15 	 6.029386e-16
1 	 202 	 3 	 1 	 -2.219181e-15 	 5.307215e-16
1 	 203 	 3 	 1 	 -2.175895e-15 	 4.950940e-16
1 	 204 	 3 	 1 	 -2.134175e-15 	 4.594410e-16
1 	 205 	 3 	 1 	 1.429831e-15 	 1.688169e-17
1 	 206 	 3 	 1 	 1.526534e-15 	 -2.624307e-17
1 	 207 	 3 	 1 	 1.632996e-15 	 -8.310143e-17
1 	 208 	 3 	 1 	 1.746341e-15 	 -1.496366e-16
1 	 209 	 3 	 1 	 1.860150e-15 	 -2.166517e-16
1 	 210 	 3 	 1 	 1.975423e-15 	 -2.927969e-16
1 	 211 	 3 	 1 	 2.092470e-15 	 -3.817045e-16
1 	 212 	 3 	 1 	 2.209869e-15 	 -4.711470e-16
1 	 213 	 3 	 1 	 2.327543e-15 	 -5.679264e-16
1 	 214 	 3 	 1 	 2.445368e-15 	 -6.811959e-16
1 	 215 	 3 	 1 	 2.564021e-15 	 -7.955401e-16
1 	 216 	 3 	 1 	 2.679816e-15 	 -9.153820e-16
1 	 217 	 3 	 1 	 2.784867e-15 	 -1.049308e-15
1 	 218 	 3 	 1 	 2.890476e-15 	 -1.184669e-15
1 	 219 	 3 	 1 	 2.991876e-15 	 -1.324809e-15
1 	 220 	 3 	 1 	 3.082850e-15 	 -1.477826e-15
1 	 221 	 3 	 1 	 3.176456e-15 	 -1.634186e-15
1 	 222 	 3 	 1 	 3.334025e-15 	 -1.854289e-15
1 	 223 	 3 	 1 	 3.614169e-15 	 -2.196818e-15
1 	 224 	 3 	 1 	 3.893866e-15 	 -2.541187e-15
1 	 225 	 3 	 1 	 4.163673e-15 	 -2.920655e-15
1 	 226 	 3 	 1 	 4.422954e-15 	 -3.340821e-15
1 	 227 	 3 	 1 	 4.682557e-15 	 -3.764244e-15
1 	 228 	 3 	 1 	 4.881823e-15 	 -4.203228e-15
1 	 229 	 3 	 1 	 5.048943e-15 	 -4.651146e-15
1 	 230 	 3 	 1 	 5.214863e-15 	 -5.101565e-15
1 	 231 	 3 	 1 	 5.364169e-15 	 -5.637444e-15
1 	 232 	 3 	 1 	 5.510913e-15 	 -6.184323e-15
1 	 233 	 3 	 1 	 5.644649e-15 	 -6.750655e-15
1 	 234 	 3 	 1 	 5.736316e-15 	 -7.376748e-15
1 	 235 	 3 	 1 	 5.825241e-15 	 -8.003397e-15
1 	 236 	 3 	 1 	 5.898405e-15 	 -8.725513e-15
1 	 237 	 3 	 1 	 5.957945e-15 	 -9.516990e-15
1 	 238 	 3 	 1 	 6.013540e-15 	 -1.030707e-14
1 	 239 	 3 	 1 	 6.289699e-15 	 -1.164949e-14
1 	 240 	 3 	 1 	 6.571322e-15 	 -1.300434e-14
1 	 241 	 3 	 1 	 6.714717e-15 	 -1.435732e-14
1 	 242 	 3 	 1 	 6.690210e-15 	 -1.570459e-14
1 	 243 	 3 	 1 	 6.664118e-15 	 -1.705651e-14
1 	 244 	 3 	 1 	 6.481431e-15 	 -1.855671e-14
1 	 245 	 3 	 1 	 6.291723e-15 	 -2.006822e-14
1 	 246 	 3 	 1 	 5.996756e-15 	 -2.168452e-14
1 	 247 	 3 	 1 	 5.612421e-15 	 -2.338839e-14
1 	 248 	 3 	 1 	 5.187467e-15 	 -2.514618e-14
1 	 249 	 3 	 1 	 4.578762e-15 	 -2.715231e-14
1 	 250 	 3 	 1 	 3.963524e-15 	 -2.916727e-14
1 	 251 	 3 	 1 	 3.115552e-15 	 -3.143356e-14
1 	 252 	 3 	 1 	 2.214242e-15 	 -3.375780e-14
1 	 253 	 3 	 1 	 1.111179e-15 	 -3.623274e-14
1 	 254 	 3 	 1 	 -1.633956e-16 	 -3.883310e-14
1 	 255 	 3 	 1 	 -1.580103e-15 	 -4.151098e-14
1 	 256 	 3 	 1 	 -3.300382e-15 	 -4.435008e-14
1 	 257 	 3 	 1 	 -5.102616e-15 	 -4.721513e-14
1 	 258 	 3 	 1 	 -7.401479e-15 	 -5.018116e-14
1 	 259 	 3 	 1 	 -9.723226e-15 	 -5.315259e-14
1 	 260 	 3 	 1 	 -1.281670e-14 	 -5.681964e-14
1 	 261 	 3 	 1 	 -1.596505e-14 	 -6.051291e-14
1 	 262 	 3 	 1 	 -1.968075e-14 	 -6.581334e-14
1 	 263 	 3 	 1 	 -2.350705e-14 	 -7.141337e-14
1 	 264 	 3 	 1 	 -2.813949e-14 	 -7.627242e-14
1 	 265 	 3 	 1 	 -3.298912e-14 	 -8.094497e-14
1 	 266 	 3 	 1 	 -3.871253e-14 	 -8.579131e-14
1 	 267 	 3 	 1 	 -4.469761e-14 	 -9.068814e-14
1 	 268 	 3 	 1 	 -5.178290e-14 	 -9.584024e-14
1 	 269 	 3 	 1 	 -5.917346e-14 	 -1.010539e-13
1 	 270 	 3 	 1 	 -6.786525e-14 	 -1.064609e-13
1 	 271 	 3 	 1 	 -7.679227e-14 	 -1.118963e-13
1 	 272 	 3 	 1 	 -8.713563e-14 	 -1.174250e-13
1 	 273 	 3 	 1 	 -9.772340e-14 	 -1.229442e-13
1 	 274 	 3 	 1 	 -1.095825e-13 	 -1.284868e-13
1 	 275 	 3 	 1 	 -1.224749e-13 	 -1.345741e-13
1 	 276 	 3 	 1 	 -1.377855e-13 	 -1.420045e-13
1 	 277 	 3 	 1 	 -1.561566e-13 	 -1.498476e-13
1 	 278 	 3 	 1 	 -1.774539e-13 	 -1.581165e-13
1 	 279 	 3 	 1 	 -2.021179e-13 	 -1.654719e-13
1 	 280 	 3 	 1 	 -2.280234e-13 	 -1.723759e-13
1 	 281 	 3 	 1 	 -2.552027e-13 	 -1.762732e-13
1 	 282 	 3 	 1 	 -2.836575e-13 	 -1.794380e-13
1 	 283 	 3 	 1 	 -3.140371e-13 	 -1.814780e-13
1 	 284 	 3 	 1 	 -3.484885e-13 	 -1.828039e-13
1 	 285 	 3 	 1 	 -3.852294e-13 	 -1.834415e-13
1 	 286 	 3 	 1 	 -4.269738e-13 	 -1.815024e-13
1 	 287 	 3 	 1 	 -4.723548e-13 	 -1.780324e-13
1 	 288 	 3 	 1 	 -5.207379e-13 	 -1.732736e-13
1 	 289 	 3 	 1 	 -5.741875e-13 	 -1.625456e-13
1 	 290 	 3 	 1 	 -6.308419e-13 	 -1.490689e-13
1 	 291 	 3 	 1 	 -6.907926e-13 	 -1.327330e-13
1 	 292 	 3 	 1 	 -7.557279e-13 	 -1.078162e-13
1 	 293 	 3 	 1 	 -8.266201e-13 	 -8.212592e-14
1 	 294 	 3 	 1 	 -9.053012e-13 	 -5.586910e-14
1 	 295 	 3 	 1 	 -1.001994e-12 	 -2.900769e-14
1 	 296 	 3 	 1 	 -1.117378e-12 	 2.106786e-14
1 	 297 	 3 	 1 	 -1.223566e-12 	 1.025785e-13
1 	 298 	 3 	 1 	 -1.300888e-12 	 2.239294e-13
1 	 299 	 3 	 1 	 -1.299816e-12 	 3.864561e-13
1 	 300 	 3 	 1 	 -1.285251e-12 	 5.473315e-13
1 	 301 	 3 	 1 	 -1.260836e-12 	 7.134318e-13
1 	 302 	 3 	 1 	 -1.222456e-12 	 8.897871e-13
1 	 303 	 3 	 1 	 -1.155265e-12 	 1.079842e-12
1 	 304 	 3 	 1 	 -1.039064e-12 	 1.280391e-12
1 	 305 	 3 	 1 	 -8.808406e-13 	 1.475792e-12
1 	 306 	 3 	 1 	 -6.834677e-13 	 1.651693e-12
1 	 307 	 3 	 1 	 1.008332e-12 	 -1.526952e-12
1 	 308 	 3 	 1 	 1.216326e-12 	 -1.347832e-12
1 	 309 	 3 	 1 	 1.366679e-12 	 -1.156302e-12
1 	 310 	 3 	 1 	 1.450669e-12 	 -9.594041e-13
1 	 311 	 3 	 1 	 1.481430e-12 	 -7.684668e-13
1 	 312 	 3 	 1 	 1.502560e-12 	 -5.695827e-13
1 	 313 	 3 	 1 	 1.528523e-12 	 -3.772461e-13
1 	 314 	 3 	 1 	 1.537391e-12 	 -2.172556e-13
1 	 315 	 3 	 1 	 1.477866e-12 	 -1.287716e-13
1 	 316 	 3 	 1 	 1.372288e-12 	 -5.271095e-14
1 	 317 	 3 	 1 	 1.263642e-12 	 4.968132e-15
1 	 318 	 3 	 1 	 1.153176e-12 	 4.765326e-14
1 	 319 	 3 	 1 	 1.036378e-12 	 7.552548e-14
1 	 320 	 3 	 1 	 9.336303e-13 	 9.827081e-14
1 	 321 	 3 	 1 	 8.409004e-13 	 1.197123e-13
1 	 322 	 3 	 1 	 7.580118e-13 	 1.404647e-13
1 	 323 	 3 	 1 	 6.878015e-13 	 1.571600e-13
1 	 324 	 3 	 1 	 6.226037e-13 	 1.704370e-13
1 	 325 	 3 	 1 	 5.617929e-13 	 1.807487e-13
1 	 326 	 3 	 1 	 5.086223e-13 	 1.866012e-13
1 	 327 	 3 	 1 	 4.592103e-13 	 1.907147e-13
1 	 328 	 3 	 1 	 4.132658e-13 	 1.932415e-13
1 	 329 	 3 	 1 	 3.730908e-13 	 1.931234e-13
1 	 330 	 3 	 1 	 3.352535e-13 	 1.928748e-13
1 	 331 	 3 	 1 	 3.012239e-13 	 1.925881e-13
1 	 332 	 3 	 1 	 2.707976e-13 	 1.937013e-13
1 	 333 	 3 	 1 	 2.420356e-13 	 1.951020e-13
1 	 334 	 3 	 1 	 2.209083e-13 	 1.981732e-13
1 	 335 	 3 	 1 	 2.007061e-13 	 1.962576e-13
1 	 336 	 3 	 1 	 1.820522e-13 	 1.854181e-13
1 	 337 	 3 	 1 	 1.629656e-13 	 1.726006e-13
1 	 338 	 3 	 1 	 1.434368e-13 	 1.584675e-13
1 	 339 	 3 	 1 	 1.268061e-13 	 1.479159e-13
1 	 340 	 3 	 1 	 1.107434e-13 	 1.380860e-13
1 	 341 	 3 	 1 	 9.806947e-14 	 1.307209e-13
1 	 342 	 3 	 1 	 8.587109e-14 	 1.235823e-13
1 	 343 	 3 	 1 	 7.567821e-14 	 1.172122e-13
1 	 344 	 3 	 1 	 6.609042e-14 	 1.110215e-13
1 	 345 	 3 	 1 	 5.780515e-14 	 1.051805e-13
1 	 346 	 3 	 1 	 5.014007e-14 	 9.950445e-14
1 	 347 	 3 	 1 	 4.338480e-14 	 9.405806e-14
1 	 348 	 3 	 1 	 3.719820e-14 	 8.887151e-14
1 	 349 	 3 	 1 	 3.170494e-14 	 8.399604e-14
1 	 350 	 3 	 1 	 2.661698e-14 	 7.948245e-14
1 	 351 	 3 	 1 	 2.202513e-14 	 7.540587e-14
1 	 352 	 3 	 1 	 1.775253e-14 	 7.185382e-14
1 	 353 	 3 	 1 	 1.395272e-14 	 6.908519e-14
1 	 354 	 3 	 1 	 1.055394e-14 	 6.620040e-14
1 	 355 	 3 	 1 	 8.028389e-15 	 6.302242e-14
1 	 356 	 3 	 1 	 5.683077e-15 	 5.955121e-14
1 	 357 	 3 	 1 	 4.104090e-15 	 5.485627e-14
1 	 358 	 3 	 1 	 2.523087e-15 	 5.014412e-14
1 	 359 	 3 	 1 	 1.099101e-15 	 4.637035e-14
1 	 360 	 3 	 1 	 -3.456634e-16 	 4.257669e-14
1 	 361 	 3 	 1 	 -1.497291e-15 	 3.958380e-14
1 	 362 	 3 	 1 	 -2.595549e-15 	 3.676531e-14
1 	 363 	 3 	 1 	 -3.513508e-15 	 3.421713e-14
1 	 364 	 3 	 1 	 -4.290328e-15 	 3.188058e-14
1 	 365 	 3 	 1 	 -5.011078e-15 	 2.962730e-14
1 	 366 	 3 	 1 	 -5.541034e-15 	 2.762710e-14
1 	 367 	 3 	 1 	 -6.081139e-15 	 2.561796e-14
1 	 368 	 3 	 1 	 -6.518514e-15 	 2.397394e-14
1 	 369 	 3 	 1 	 -6.952405e-15 	 2.236451e-14
1 	 370 	 3 	 1 	 -7.387724e-15 	 2.100937e-14
1 	 371 	 3 	 1 	 -7.828932e-15 	 1.992145e-14
1 	 372 	 3 	 1 	 -8.260919e-15 	 1.882799e-14
1 	 373 	 3 	 1 	 -8.197360e-15 	 1.746738e-14
1 	 374 	 3 	 1 	 -8.135382e-15 	 1.609740e-14
1 	 375 	 3 	 1 	 -7.928844e-15 	 1.471152e-14
1 	 376 	 3 	 1 	 -7.598191e-15 	 1.330720e-14
1 	 377 	 3 	 1 	 -7.264293e-15 	 1.188849e-14
1 	 378 	 3 	 1 	 -7.048388e-15 	 1.089250e-14
1 	 379 	 3 	 1 	 -6.837301e-15 	 9.896301e-15
1 	 380 	 3 	 1 	 -6.635340e-15 	 8.994890e-15
1 	 381 	 3 	 1 	 -6.445137e-15 	 8.249213e-15
1 	 382 	 3 	 1 	 -6.257418e-15 	 7.500826e-15
1 	 383 	 3 	 1 	 -6.064347e-15 	 6.863868e-15
1 	 384 	 3 	 1 	 -5.869495e-15 	 6.267198e-15
1 	 385 	 3 	 1 	 -5.676227e-15 	 5.668577e-15
1 	 386 	 3 	 1 	 -5.544386e-15 	 5.239259e-15
1 	 387 	 3 	 1 	 -5.414437e-15 	 4.807648e-15
1 	 388 	 3 	 1 	 -5.300693e-15 	 4.408137e-15
1 	 389 	 3 	 1 	 -5.236512e-15 	 4.117992e-15
1 	 390 	 3 	 1 	 -5.177487e-15 	 3.828812e-15
1 	 391 	 3 	 1 	 -5.015354e-15 	 3.497432e-15
1 	 392 	 3 	 1 	 -4.691819e-15 	 3.098179e-15
1 	 393 	 3 	 1 	 -4.370336e-15 	 2.698031e-15
1 	 394 	 3 	 1 	 -4.075590e-15 	 2.360273e-15
1 	 395 	 3 	 1 	 -3.803940e-15 	 2.078445e-15
1 	 396 	 3 	 1 	 -3.532742e-15 	 1.794961e-15
1 	 397 	 3 	 1 	 -3.327570e-15 	 1.581353e-15
1 	 398 	 3 	 1 	 -3.170427e-15 	 1.418448e-15
1 	 399 	 3 	 1 	 -3.013817e-15 	 1.254468e-15
1 	 400 	 3 	 1 	 -2.913662e-15 	 1.137961e-15
1 	 401 	 3 	 1 	 -2.856948e-15 	 1.057361e-15
1 	 402 	 3 	 1 	 -2.802500e-15 	 9.768636e-16
1 	 403 	 3 	 1 	 -2.734635e-15 	 8.982593e-16
1 	 404 	 3 	 1 	 -2.652488e-15 	 8.198383e-16
1 	 405 	 3 	 1 	 -2.571044e-15 	 7.401615e-16
1 	 406 	 3 	 1 	 -2.449768e-15 	 6.498381e-16
1 	 407 	 3 	 1 	 -2.258752e-15 	 5.413553e-16
1 	 408 	 3 	 1 	 -2.064648e-15 	 4.304967e-16
1 	 1 	 3 	 2 	 -2.396623e-16 	 3.993782e-16
1 	 2 	 3 	 2 	 -2.341909e-16 	 4.382517e-16
1 	 3 	 3 	 2 	 -2.282622e-16 	 4.841354e-16
1 	 4 	 3 	 2 	 -2.219423e-16 	 5.350056e-16
1 	 5 	 3 	 2 	 -2.154299e-16 	 5.862398e-16
1 	 6 	 3 	 2 	 -2.045737e-16 	 6.425077e-16
1 	 7 	 3 	 2 	 -1.875441e-16 	 7.056924e-16
1 	 8 	 3 	 2 	 -1.701799e-16 	 7.691429e-16
1 	 9 	 3 	 2 	 -1.500527e-16 	 8.359282e-16
1 	 10 	 3 	 2 	 -1.245996e-16 	 9.099598e-16
1 	 11 	 3 	 2 	 -9.910260e-17 	 9.838294e-16
1 	 12 	 3 	 2 	 -6.542120e-17 	 1.062014e-15
1 	 13 	 3 	 2 	 -7.124478e-18 	 1.153522e-15
1 	 14 	 3 	 2 	 5.151915e-17 	 1.245256e-15
1 	 15 	 3 	 2 	 1.211757e-16 	 1.340590e-15
1 	 16 	 3 	 2 	 2.213412e-16 	 1.445282e-15
1 	 17 	 3 	 2 	 3.229112e-16 	 1.550657e-15
1 	 18 	 3 	 2 	 4.399978e-16 	 1.656617e-15
1 	 19 	 3 	 2 	 5.864390e-16 	 1.762837e-15
1 	 20 	 3 	 2 	 7.345455e-16 	 1.869313e-15
1 	 21 	 3 	 2 	 8.986979e-16 	 1.971932e-15
1 	 22 	 3 	 2 	 1.080817e-15 	 2.069907e-15
1 	 23 	 3 	 2 	 1.264518e-15 	 2.167677e-15
1 	 24 	 3 	 2 	 1.476459e-15 	 2.254765e-15
1 	 25 	 3 	 2 	 1.703296e-15 	 2.335668e-15
1 	 26 	 3 	 2 	 1.931109e-15 	 2.415656e-15
1 	 27 	 3 	 2 	 2.196655e-15 	 2.483272e-15
1 	 28 	 3 	 2 	 2.469675e-15 	 2.548553e-15
1 	 29 	 3 	 2 	 2.782161e-15 	 2.615512e-15
1 	 30 	 3 	 2 	 3.231192e-15 	 2.690407e-15
1 	 31 	 3 	 2 	 3.681869e-15 	 2.764534e-15
1 	 32 	 3 	 2 	 4.271297e-15 	 2.806479e-15
1 	 33 	 3 	 2 	 4.966300e-15 	 2.823885e-15
1 	 34 	 3 	 2 	 5.667166e-15 	 2.839683e-15
1 	 35 	 3 	 2 	 6.366585e-15 	 2.699120e-15
1 	 36 	 3 	 2 	 7.070927e-15 	 2.552347e-15
1 	 37 	 3 	 2 	 7.831553e-15 	 2.336540e-15
1 	 38 	 3 	 2 	 8.656314e-15 	 2.038768e-15
1 	 39 	 3 	 2 	 9.482110e-15 	 1.735386e-15
1 	 40 	 3 	 2 	 1.042749e-14 	 1.244959e-15
1 	 41 	 3 	 2 	 1.137619e-14 	 7.451302e-16
1 	 42 	 3 	 2 	 1.239156e-14 	 1.055373e-16
1 	 43 	 3 	 2 	 1.346323e-14 	 -6.523530e-16
1 	 44 	 3 	 2 	 1.454336e-14 	 -1.465734e-15
1 	 45 	 3 	 2 	 1.565723e-14 	 -2.535230e-15
1 	 46 	 3 	 2 	 1.677362e-14 	 -3.617412e-15
1 	 47 	 3 	 2 	 1.782277e-14 	 -4.968780e-15
1 	 48 	 3 	 2 	 1.885735e-14 	 -6.385034e-15
1 	 49 	 3 	 2 	 1.977114e-14 	 -7.989545e-15
1 	 50 	 3 	 2 	 2.057112e-14 	 -9.749009e-15
1 	 51 	 3 	 2 	 2.170140e-14 	 -1.186221e-14
1 	 52 	 3 	 2 	 2.361241e-14 	 -1.475736e-14
1 	 53 	 3 	 2 	 2.556788e-14 	 -1.781514e-14
1 	 54 	 3 	 2 	 2.774295e-14 	 -2.185364e-14
1 	 55 	 3 	 2 	 2.993757e-14 	 -2.594114e-14
1 	 56 	 3 	 2 	 3.085994e-14 	 -3.032446e-14
1 	 57 	 3 	 2 	 3.171591e-14 	 -3.473592e-14
1 	 58 	 3 	 2 	 3.221467e-14 	 -4.011476e-14
1 	 59 	 3 	 2 	 3.263951e-14 	 -4.566527e-14
1 	 60 	 3 	 2 	 3.250031e-14 	 -5.216514e-14
1 	 61 	 3 	 2 	 3.219088e-14 	 -5.891870e-14
1 	 62 	 3 	 2 	 3.109864e-14 	 -6.669069e-14
1 	 63 	 3 	 2 	 2.977061e-14 	 -7.475350e-14
1 	 64 	 3 	 2 	 2.726577e-14 	 -8.368739e-14
1 	 65 	 3 	 2 	 2.445152e-14 	 -9.283673e-14
1 	 66 	 3 	 2 	 1.979598e-14 	 -1.029727e-13
1 	 67 	 3 	 2 	 1.480960e-14 	 -1.132308e-13
1 	 68 	 3 	 2 	 8.418870e-15 	 -1.280984e-13
1 	 69 	 3 	 2 	 1.482073e-15 	 -1.431713e-13
1 	 70 	 3 	 2 	 -8.777734e-15 	 -1.583632e-13
1 	 71 	 3 	 2 	 -2.025217e-14 	 -1.746534e-13
1 	 72 	 3 	 2 	 -3.437170e-14 	 -1.934411e-13
1 	 73 	 3 	 2 	 -5.138251e-14 	 -2.118580e-13
1 	 74 	 3 	 2 	 -7.109764e-14 	 -2.298751e-13
1 	 75 	 3 	 2 	 -9.587988e-14 	 -2.488128e-13
1 	 76 	 3 	 2 	 -1.227791e-13 	 -2.680599e-13
1 	 77 	 3 	 2 	 -1.571093e-13 	 -2.880298e-13
1 	 78 	 3 	 2 	 -1.952921e-13 	 -3.075565e-13
1 	 79 	 3 	 2 	 -2.394089e-13 	 -3.263813e-13
1 	 80 	 3 	 2 	 -2.916120e-13 	 -3.432594e-13
1 	 81 	 3 	 2 	 -3.484155e-13 	 -3.581980e-13
1 	 82 	 3 	 2 	 -4.154277e-13 	 -3.653466e-13
1 	 83 	 3 	 2 	 -4.929948e-13 	 -3.687529e-13
1 	 84 	 3 	 2 	 -5.794131e-13 	 -3.688477e-13
1 	 85 	 3 	 2 	 -6.999939e-13 	 -3.585875e-13
1 	 86 	 3 	 2 	 -8.486678e-13 	 -3.581388e-13
1 	 87 	 3 	 2 	 -1.025445e-12 	 -3.669090e-13
1 	 88 	 3 	 2 	 -1.193161e-12 	 -3.131924e-13
1 	 89 	 3 	 2 	 -1.380103e-12 	 -2.363106e-13
1 	 90 	 3 	 2 	 -1.585606e-12 	 -1.309021e-13
1 	 91 	 3 	 2 	 -1.813495e-12 	 3.840996e-14
1 	 92 	 3 	 2 	 -2.061795e-12 	 2.833069e-13
1 	 93 	 3 	 2 	 -2.315847e-12 	 6.106365e-13
1 	 94 	 3 	 2 	 -2.566835e-12 	 1.038951e-12
1 	 95 	 3 	 2 	 -2.777886e-12 	 1.659446e-12
1 	 96 	 3 	 2 	 -2.883340e-12 	 2.509839e-12
1 	 97 	 3 	 2 	 -2.812116e-12 	 3.634189e-12
1 	 98 	 3 	 2 	 -2.441722e-12 	 5.106131e-12
1 	 99 	 3 	 2 	 -1.575959e-12 	 7.022357e-12
1 	 100 	 3 	 2 	 8.529697e-13 	 9.909308e-12
1 	 101 	 3 	 2 	 6.139913e-12 	 1.415318e-11
1 	 102 	 3 	 2 	 1.734010e-11 	 2.071056e-11
1 	 103 	 3 	 2 	 -6.172147e-12 	 -1.672482e-11
1 	 104 	 3 	 2 	 1.489486e-13 	 -1.182129e-11
1 	 105 	 3 	 2 	 3.037728e-12 	 -8.372687e-12
1 	 106 	 3 	 2 	 4.155655e-12 	 -6.012801e-12
1 	 107 	 3 	 2 	 4.185875e-12 	 -4.486574e-12
1 	 108 	 3 	 2 	 3.989270e-12 	 -3.226091e-12
1 	 109 	 3 	 2 	 3.700428e-12 	 -2.209865e-12
1 	 110 	 3 	 2 	 3.370014e-12 	 -1.422443e-12
1 	 111 	 3 	 2 	 3.010597e-12 	 -8.450252e-13
1 	 112 	 3 	 2 	 2.664884e-12 	 -4.498511e-13
1 	 113 	 3 	 2 	 2.335568e-12 	 -1.519704e-13
1 	 114 	 3 	 2 	 2.026522e-12 	 6.866155e-14
1 	 115 	 3 	 2 	 1.745594e-12 	 2.231552e-13
1 	 116 	 3 	 2 	 1.499818e-12 	 3.194588e-13
1 	 117 	 3 	 2 	 1.279396e-12 	 3.895401e-13
1 	 118 	 3 	 2 	 1.084472e-12 	 4.386823e-13
1 	 119 	 3 	 2 	 9.505809e-13 	 4.793230e-13
1 	 120 	 3 	 2 	 8.248766e-13 	 4.985155e-13
1 	 121 	 3 	 2 	 7.057155e-13 	 4.993911e-13
1 	 122 	 3 	 2 	 5.951985e-13 	 4.845650e-13
1 	 123 	 3 	 2 	 4.951675e-13 	 4.634738e-13
1 	 124 	 3 	 2 	 4.047328e-13 	 4.365644e-13
1 	 125 	 3 	 2 	 3.337523e-13 	 4.075683e-13
1 	 126 	 3 	 2 	 2.696156e-13 	 3.787694e-13
1 	 127 	 3 	 2 	 2.165583e-13 	 3.504507e-13
1 	 128 	 3 	 2 	 1.734039e-13 	 3.238907e-13
1 	 129 	 3 	 2 	 1.344645e-13 	 2.982053e-13
1 	 130 	 3 	 2 	 1.051914e-13 	 2.749847e-13
1 	 131 	 3 	 2 	 7.856239e-14 	 2.525339e-13
1 	 132 	 3 	 2 	 5.677446e-14 	 2.313580e-13
1 	 133 	 3 	 2 	 3.866851e-14 	 2.116473e-13
1 	 134 	 3 	 2 	 2.265364e-14 	 1.927818e-13
1 	 135 	 3 	 2 	 1.057429e-14 	 1.758352e-13
1 	 136 	 3 	 2 	 -8.077993e-16 	 1.592836e-13
1 	 137 	 3 	 2 	 -8.910604e-15 	 1.448905e-13
1 	 138 	 3 	 2 	 -1.659276e-14 	 1.310942e-13
1 	 139 	 3 	 2 	 -2.235830e-14 	 1.196832e-13
1 	 140 	 3 	 2 	 -2.767379e-14 	 1.092294e-13
1 	 141 	 3 	 2 	 -3.202954e-14 	 1.008431e-13
1 	 142 	 3 	 2 	 -3.515535e-14 	 9.164637e-14
1 	 143 	 3 	 2 	 -3.645901e-14 	 8.115155e-14
1 	 144 	 3 	 2 	 -3.703237e-14 	 7.118461e-14
1 	 145 	 3 	 2 	 -3.666170e-14 	 6.178465e-14
1 	 146 	 3 	 2 	 -3.615895e-14 	 5.359593e-14
1 	 147 	 3 	 2 	 -3.549864e-14 	 4.694656e-14
1 	 148 	 3 	 2 	 -3.471113e-14 	 4.090941e-14
1 	 149 	 3 	 2 	 -3.371401e-14 	 3.576164e-14
1 	 150 	 3 	 2 	 -3.265513e-14 	 3.094800e-14
1 	 151 	 3 	 2 	 -3.143070e-14 	 2.687209e-14
1 	 152 	 3 	 2 	 -3.018656e-14 	 2.294821e-14
1 	 153 	 3 	 2 	 -2.880413e-14 	 1.972888e-14
1 	 154 	 3 	 2 	 -2.743445e-14 	 1.651447e-14
1 	 155 	 3 	 2 	 -2.612189e-14 	 1.405283e-14
1 	 156 	 3 	 2 	 -2.481473e-14 	 1.156895e-14
1 	 157 	 3 	 2 	 -2.389638e-14 	 9.675186e-15
1 	 158 	 3 	 2 	 -2.308846e-14 	 7.903195e-15
1 	 159 	 3 	 2 	 -2.190020e-14 	 6.244283e-15
1 	 160 	 3 	 2 	 -2.039084e-14 	 4.662855e-15
1 	 161 	 3 	 2 	 -1.882665e-14 	 3.180961e-15
1 	 162 	 3 	 2 	 -1.711413e-14 	 2.042967e-15
1 	 163 	 3 	 2 	 -1.538882e-14 	 8.871683e-16
1 	 164 	 3 	 2 	 -1.408430e-14 	 1.541778e-16
1 	 165 	 3 	 2 	 -1.282587e-14 	 -5.390331e-16
1 	 166 	 3 	 2 	 -1.169858e-14 	 -1.096816e-15
1 	 167 	 3 	 2 	 -1.070383e-14 	 -1.516230e-15
1 	 168 	 3 	 2 	 -9.716754e-15 	 -1.933202e-15
1 	 169 	 3 	 2 	 -8.907365e-15 	 -2.167296e-15
1 	 170 	 3 	 2 	 -8.096733e-15 	 -2.407122e-15
1 	 171 	 3 	 2 	 -7.364326e-15 	 -2.577190e-15
1 	 172 	 3 	 2 	 -6.696057e-15 	 -2.688862e-15
1 	 173 	 3 	 2 	 -6.024161e-15 	 -2.805821e-15
1 	 174 	 3 	 2 	 -5.499035e-15 	 -2.837359e-15
1 	 175 	 3 	 2 	 -4.971434e-15 	 -2.871330e-15
1 	 176 	 3 	 2 	 -4.520967e-15 	 -2.906613e-15
1 	 177 	 3 	 2 	 -4.200815e-15 	 -2.943240e-15
1 	 178 	 3 	 2 	 -3.883527e-15 	 -2.984806e-15
1 	 179 	 3 	 2 	 -3.470008e-15 	 -2.924329e-15
1 	 180 	 3 	 2 	 -3.014391e-15 	 -2.824676e-15
1 	 181 	 3 	 2 	 -2.554019e-15 	 -2.725832e-15
1 	 182 	 3 	 2 	 -2.219460e-15 	 -2.576854e-15
1 	 183 	 3 	 2 	 -1.880940e-15 	 -2.427412e-15
1 	 184 	 3 	 2 	 -1.573463e-15 	 -2.284714e-15
1 	 185 	 3 	 2 	 -1.369902e-15 	 -2.161765e-15
1 	 186 	 3 	 2 	 -1.164245e-15 	 -2.039864e-15
1 	 187 	 3 	 2 	 -9.873741e-16 	 -1.924804e-15
1 	 188 	 3 	 2 	 -8.528453e-16 	 -1.818599e-15
1 	 189 	 3 	 2 	 -7.166155e-16 	 -1.712783e-15
1 	 190 	 3 	 2 	 -6.220567e-16 	 -1.632060e-15
1 	 191 	 3 	 2 	 -5.663673e-16 	 -1.574817e-15
1 	 192 	 3 	 2 	 -5.105944e-16 	 -1.518950e-15
1 	 193 	 3 	 2 	 -4.385042e-16 	 -1.443184e-15
1 	 194 	 3 	 2 	 -3.521462e-16 	 -1.351098e-15
1 	 195 	 3 	 2 	 -2.630490e-16 	 -1.257804e-15
1 	 196 	 3 	 2 	 -1.849879e-16 	 -1.158530e-15
1 	 197 	 3 	 2 	 -1.151150e-16 	 -1.054631e-15
1 	 198 	 3 	 2 	 -4.457166e-17 	 -9.508547e-16
1 	 199 	 3 	 2 	 -5.579714e-19 	 -8.676255e-16
1 	 200 	 3 	 2 	 1.737048e-17 	 -8.043154e-16
1 	 201 	 3 	 2 	 3.573226e-17 	 -7.409269e-16
1 	 202 	 3 	 2 	 4.472822e-17 	 -6.895102e-16
1 	 203 	 3 	 2 	 3.743511e-17 	 -6.583608e-16
1 	 204 	 3 	 2 	 3.020125e-17 	 -6.273764e-16
1 	 205 	 3 	 2 	 -2.488862e-16 	 3.712711e-16
1 	 206 	 3 	 2 	 -2.509940e-16 	 4.108562e-16
1 	 207 	 3 	 2 	 -2.476373e-16 	 4.568572e-16
1 	 208 	 3 	 2 	 -2.404060e-16 	 5.073441e-16
1 	 209 	 3 	 2 	 -2.329645e-16 	 5.580228e-16
1 	 210 	 3 	 2 	 -2.211865e-16 	 6.125960e-16
1 	 211 	 3 	 2 	 -2.033286e-16 	 6.726260e-16
1 	 212 	 3 	 2 	 -1.852249e-16 	 7.328904e-16
1 	 213 	 3 	 2 	 -1.632990e-16 	 7.959943e-16
1 	 214 	 3 	 2 	 -1.327089e-16 	 8.653985e-16
1 	 215 	 3 	 2 	 -1.016175e-16 	 9.352604e-16
1 	 216 	 3 	 2 	 -6.720971e-17 	 1.006914e-15
1 	 217 	 3 	 2 	 -2.390144e-17 	 1.082835e-15
1 	 218 	 3 	 2 	 2.020429e-17 	 1.159230e-15
1 	 219 	 3 	 2 	 6.611025e-17 	 1.239466e-15
1 	 220 	 3 	 2 	 1.167419e-16 	 1.329826e-15
1 	 221 	 3 	 2 	 1.691470e-16 	 1.420947e-15
1 	 222 	 3 	 2 	 2.540787e-16 	 1.527858e-15
1 	 223 	 3 	 2 	 4.014378e-16 	 1.665235e-15
1 	 224 	 3 	 2 	 5.498076e-16 	 1.803185e-15
1 	 225 	 3 	 2 	 7.266728e-16 	 1.936077e-15
1 	 226 	 3 	 2 	 9.366496e-16 	 2.062551e-15
1 	 227 	 3 	 2 	 1.148838e-15 	 2.188730e-15
1 	 228 	 3 	 2 	 1.381964e-15 	 2.296568e-15
1 	 229 	 3 	 2 	 1.626643e-15 	 2.394359e-15
1 	 230 	 3 	 2 	 1.873201e-15 	 2.491301e-15
1 	 231 	 3 	 2 	 2.179919e-15 	 2.571337e-15
1 	 232 	 3 	 2 	 2.494421e-15 	 2.648614e-15
1 	 233 	 3 	 2 	 2.824115e-15 	 2.715705e-15
1 	 234 	 3 	 2 	 3.200500e-15 	 2.751294e-15
1 	 235 	 3 	 2 	 3.577685e-15 	 2.784717e-15
1 	 236 	 3 	 2 	 4.012920e-15 	 2.800217e-15
1 	 237 	 3 	 2 	 4.490164e-15 	 2.801869e-15
1 	 238 	 3 	 2 	 4.966629e-15 	 2.801583e-15
1 	 239 	 3 	 2 	 5.777696e-15 	 2.766876e-15
1 	 240 	 3 	 2 	 6.595868e-15 	 2.731089e-15
1 	 241 	 3 	 2 	 7.422153e-15 	 2.612153e-15
1 	 242 	 3 	 2 	 8.256109e-15 	 2.393455e-15
1 	 243 	 3 	 2 	 9.092623e-15 	 2.172214e-15
1 	 244 	 3 	 2 	 1.002619e-14 	 1.757160e-15
1 	 245 	 3 	 2 	 1.096626e-14 	 1.332137e-15
1 	 246 	 3 	 2 	 1.196028e-14 	 7.752927e-16
1 	 247 	 3 	 2 	 1.299885e-14 	 1.067977e-16
1 	 248 	 3 	 2 	 1.406101e-14 	 -6.170094e-16
1 	 249 	 3 	 2 	 1.523220e-14 	 -1.591993e-15
1 	 250 	 3 	 2 	 1.640636e-14 	 -2.576245e-15
1 	 251 	 3 	 2 	 1.766209e-14 	 -3.874856e-15
1 	 252 	 3 	 2 	 1.893560e-14 	 -5.245759e-15
1 	 253 	 3 	 2 	 2.022457e-14 	 -6.868199e-15
1 	 254 	 3 	 2 	 2.152377e-14 	 -8.704055e-15
1 	 255 	 3 	 2 	 2.280437e-14 	 -1.070706e-14
1 	 256 	 3 	 2 	 2.404327e-14 	 -1.306507e-14
1 	 257 	 3 	 2 	 2.525725e-14 	 -1.550494e-14
1 	 258 	 3 	 2 	 2.629819e-14 	 -1.840900e-14
1 	 259 	 3 	 2 	 2.732753e-14 	 -2.133628e-14
1 	 260 	 3 	 2 	 2.838487e-14 	 -2.513143e-14
1 	 261 	 3 	 2 	 2.942752e-14 	 -2.897749e-14
1 	 262 	 3 	 2 	 3.078700e-14 	 -3.426138e-14
1 	 263 	 3 	 2 	 3.219880e-14 	 -3.981292e-14
1 	 264 	 3 	 2 	 3.264764e-14 	 -4.579324e-14
1 	 265 	 3 	 2 	 3.283820e-14 	 -5.189302e-14
1 	 266 	 3 	 2 	 3.236094e-14 	 -5.883090e-14
1 	 267 	 3 	 2 	 3.167794e-14 	 -6.601647e-14
1 	 268 	 3 	 2 	 3.013759e-14 	 -7.421802e-14
1 	 269 	 3 	 2 	 2.834487e-14 	 -8.269370e-14
1 	 270 	 3 	 2 	 2.533151e-14 	 -9.226791e-14
1 	 271 	 3 	 2 	 2.208718e-14 	 -1.020305e-13
1 	 272 	 3 	 2 	 1.720390e-14 	 -1.128424e-13
1 	 273 	 3 	 2 	 1.201038e-14 	 -1.237709e-13
1 	 274 	 3 	 2 	 5.288269e-15 	 -1.352813e-13
1 	 275 	 3 	 2 	 -2.139568e-15 	 -1.476684e-13
1 	 276 	 3 	 2 	 -1.113341e-14 	 -1.621622e-13
1 	 277 	 3 	 2 	 -2.262383e-14 	 -1.790480e-13
1 	 278 	 3 	 2 	 -3.648292e-14 	 -1.982273e-13
1 	 279 	 3 	 2 	 -5.538350e-14 	 -2.193438e-13
1 	 280 	 3 	 2 	 -7.630593e-14 	 -2.410080e-13
1 	 281 	 3 	 2 	 -1.025553e-13 	 -2.609263e-13
1 	 282 	 3 	 2 	 -1.312755e-13 	 -2.804392e-13
1 	 283 	 3 	 2 	 -1.637397e-13 	 -2.992766e-13
1 	 284 	 3 	 2 	 -2.023801e-13 	 -3.183929e-13
1 	 285 	 3 	 2 	 -2.446590e-13 	 -3.373762e-13
1 	 286 	 3 	 2 	 -2.954227e-13 	 -3.552712e-13
1 	 287 	 3 	 2 	 -3.528602e-13 	 -3.719387e-13
1 	 288 	 3 	 2 	 -4.158093e-13 	 -3.875121e-13
1 	 289 	 3 	 2 	 -4.902174e-13 	 -3.975955e-13
1 	 290 	 3 	 2 	 -5.717453e-13 	 -4.042089e-13
1 	 291 	 3 	 2 	 -6.605591e-13 	 -4.071933e-13
1 	 292 	 3 	 2 	 -7.619879e-13 	 -4.004350e-13
1 	 293 	 3 	 2 	 -8.721420e-13 	 -3.896293e-13
1 	 294 	 3 	 2 	 -9.918901e-13 	 -3.757374e-13
1 	 295 	 3 	 2 	 -1.128713e-12 	 -3.612669e-13
1 	 296 	 3 	 2 	 -1.305667e-12 	 -3.303590e-13
1 	 297 	 3 	 2 	 -1.507374e-12 	 -2.596528e-13
1 	 298 	 3 	 2 	 -1.724099e-12 	 -1.302291e-13
1 	 299 	 3 	 2 	 -1.891242e-12 	 7.976046e-14
1 	 300 	 3 	 2 	 -2.035693e-12 	 3.102997e-13
1 	 301 	 3 	 2 	 -2.166330e-12 	 5.629367e-13
1 	 302 	 3 	 2 	 -2.282172e-12 	 8.427673e-13
1 	 303 	 3 	 2 	 -2.370620e-12 	 1.157437e-12
1 	 304 	 3 	 2 	 -2.402259e-12 	 1.506396e-12
1 	 305 	 3 	 2 	 -2.373577e-12 	 1.864124e-12
1 	 306 	 3 	 2 	 -2.275383e-12 	 2.205711e-12
1 	 307 	 3 	 2 	 2.506419e-12 	 -2.054885e-12
1 	 308 	 3 	 2 	 2.613364e-12 	 -1.711199e-12
1 	 309 	 3 	 2 	 2.637286e-12 	 -1.360122e-12
1 	 310 	 3 	 2 	 2.576697e-12 	 -1.024206e-12
1 	 311 	 3 	 2 	 2.453497e-12 	 -7.213473e-13
1 	 312 	 3 	 2 	 2.316342e-12 	 -4.442192e-13
1 	 313 	 3 	 2 	 2.192960e-12 	 -1.952396e-13
1 	 314 	 3 	 2 	 2.070602e-12 	 1.517362e-14
1 	 315 	 3 	 2 	 1.906611e-12 	 1.677235e-13
1 	 316 	 3 	 2 	 1.709861e-12 	 2.684630e-13
1 	 317 	 3 	 2 	 1.514868e-12 	 3.472308e-13
1 	 318 	 3 	 2 	 1.325689e-12 	 4.044385e-13
1 	 319 	 3 	 2 	 1.145863e-12 	 4.321576e-13
1 	 320 	 3 	 2 	 9.911340e-13 	 4.439485e-13
1 	 321 	 3 	 2 	 8.521316e-13 	 4.493521e-13
1 	 322 	 3 	 2 	 7.279443e-13 	 4.497821e-13
1 	 323 	 3 	 2 	 6.260163e-13 	 4.424428e-13
1 	 324 	 3 	 2 	 5.342760e-13 	 4.313823e-13
1 	 325 	 3 	 2 	 4.513951e-13 	 4.171597e-13
1 	 326 	 3 	 2 	 3.832445e-13 	 3.989617e-13
1 	 327 	 3 	 2 	 3.218725e-13 	 3.797647e-13
1 	 328 	 3 	 2 	 2.667199e-13 	 3.596508e-13
1 	 329 	 3 	 2 	 2.218846e-13 	 3.384424e-13
1 	 330 	 3 	 2 	 1.807586e-13 	 3.177218e-13
1 	 331 	 3 	 2 	 1.456082e-13 	 2.978644e-13
1 	 332 	 3 	 2 	 1.154523e-13 	 2.797816e-13
1 	 333 	 3 	 2 	 8.749737e-14 	 2.624717e-13
1 	 334 	 3 	 2 	 6.664276e-14 	 2.506374e-13
1 	 335 	 3 	 2 	 4.736435e-14 	 2.363803e-13
1 	 336 	 3 	 2 	 3.088740e-14 	 2.176509e-13
1 	 337 	 3 	 2 	 1.704576e-14 	 1.971701e-13
1 	 338 	 3 	 2 	 4.653054e-15 	 1.754622e-13
1 	 339 	 3 	 2 	 -4.282344e-15 	 1.574651e-13
1 	 340 	 3 	 2 	 -1.260224e-14 	 1.402303e-13
1 	 341 	 3 	 2 	 -1.813680e-14 	 1.266603e-13
1 	 342 	 3 	 2 	 -2.330572e-14 	 1.135760e-13
1 	 343 	 3 	 2 	 -2.680276e-14 	 1.023912e-13
1 	 344 	 3 	 2 	 -2.982587e-14 	 9.177679e-14
1 	 345 	 3 	 2 	 -3.179352e-14 	 8.235941e-14
1 	 346 	 3 	 2 	 -3.329276e-14 	 7.354574e-14
1 	 347 	 3 	 2 	 -3.409062e-14 	 6.560709e-14
1 	 348 	 3 	 2 	 -3.454064e-14 	 5.830509e-14
1 	 349 	 3 	 2 	 -3.455862e-14 	 5.177467e-14
1 	 350 	 3 	 2 	 -3.441849e-14 	 4.581473e-14
1 	 351 	 3 	 2 	 -3.407297e-14 	 4.055036e-14
1 	 352 	 3 	 2 	 -3.378051e-14 	 3.581192e-14
1 	 353 	 3 	 2 	 -3.356125e-14 	 3.185640e-14
1 	 354 	 3 	 2 	 -3.314978e-14 	 2.805142e-14
1 	 355 	 3 	 2 	 -3.228821e-14 	 2.455697e-14
1 	 356 	 3 	 2 	 -3.119507e-14 	 2.107252e-14
1 	 357 	 3 	 2 	 -2.908741e-14 	 1.767983e-14
1 	 358 	 3 	 2 	 -2.697594e-14 	 1.427961e-14
1 	 359 	 3 	 2 	 -2.512437e-14 	 1.186169e-14
1 	 360 	 3 	 2 	 -2.327282e-14 	 9.418102e-15
1 	 361 	 3 	 2 	 -2.173439e-14 	 7.610500e-15
1 	 362 	 3 	 2 	 -2.026890e-14 	 5.930995e-15
1 	 363 	 3 	 2 	 -1.890341e-14 	 4.520363e-15
1 	 364 	 3 	 2 	 -1.761601e-14 	 3.319465e-15
1 	 365 	 3 	 2 	 -1.636626e-14 	 2.198362e-15
1 	 366 	 3 	 2 	 -1.521995e-14 	 1.342349e-15
1 	 367 	 3 	 2 	 -1.407191e-14 	 4.723956e-16
1 	 368 	 3 	 2 	 -1.311876e-14 	 -1.537888e-16
1 	 369 	 3 	 2 	 -1.218571e-14 	 -7.619894e-16
1 	 370 	 3 	 2 	 -1.139435e-14 	 -1.287807e-15
1 	 371 	 3 	 2 	 -1.075177e-14 	 -1.729462e-15
1 	 372 	 3 	 2 	 -1.010476e-14 	 -2.170671e-15
1 	 373 	 3 	 2 	 -9.240416e-15 	 -2.419455e-15
1 	 374 	 3 	 2 	 -8.369693e-15 	 -2.675599e-15
1 	 375 	 3 	 2 	 -7.503009e-15 	 -2.820382e-15
1 	 376 	 3 	 2 	 -6.636749e-15 	 -2.870323e-15
1 	 377 	 3 	 2 	 -5.761403e-15 	 -2.923748e-15
1 	 378 	 3 	 2 	 -5.179726e-15 	 -2.899218e-15
1 	 379 	 3 	 2 	 -4.598359e-15 	 -2.877585e-15
1 	 380 	 3 	 2 	 -4.077475e-15 	 -2.842428e-15
1 	 381 	 3 	 2 	 -3.655482e-15 	 -2.782713e-15
1 	 382 	 3 	 2 	 -3.231473e-15 	 -2.725667e-15
1 	 383 	 3 	 2 	 -2.881485e-15 	 -2.647380e-15
1 	 384 	 3 	 2 	 -2.558133e-15 	 -2.561736e-15
1 	 385 	 3 	 2 	 -2.233243e-15 	 -2.477772e-15
1 	 386 	 3 	 2 	 -2.017174e-15 	 -2.396971e-15
1 	 387 	 3 	 2 	 -1.799443e-15 	 -2.317492e-15
1 	 388 	 3 	 2 	 -1.598604e-15 	 -2.243395e-15
1 	 389 	 3 	 2 	 -1.456228e-15 	 -2.184101e-15
1 	 390 	 3 	 2 	 -1.313785e-15 	 -2.127000e-15
1 	 391 	 3 	 2 	 -1.148597e-15 	 -2.037207e-15
1 	 392 	 3 	 2 	 -9.469076e-16 	 -1.895942e-15
1 	 393 	 3 	 2 	 -7.440910e-16 	 -1.755816e-15
1 	 394 	 3 	 2 	 -5.858813e-16 	 -1.622697e-15
1 	 395 	 3 	 2 	 -4.681311e-16 	 -1.495237e-15
1 	 396 	 3 	 2 	 -3.493901e-16 	 -1.367922e-15
1 	 397 	 3 	 2 	 -2.686229e-16 	 -1.266058e-15
1 	 398 	 3 	 2 	 -2.152634e-16 	 -1.182677e-15
1 	 399 	 3 	 2 	 -1.610636e-16 	 -1.099446e-15
1 	 400 	 3 	 2 	 -1.307250e-16 	 -1.037339e-15
1 	 401 	 3 	 2 	 -1.184596e-16 	 -9.912251e-16
1 	 402 	 3 	 2 	 -1.060946e-16 	 -9.455717e-16
1 	 403 	 3 	 2 	 -9.211815e-17 	 -8.991826e-16
1 	 404 	 3 	 2 	 -7.557479e-17 	 -8.516600e-16
1 	 405 	 3 	 2 	 -5.818584e-17 	 -8.040587e-16
1 	 406 	 3 	 2 	 -3.441563e-17 	 -7.477076e-16
1 	 407 	 3 	 2 	 2.881285e-20 	 -6.760507e-16
1 	 408 	 3 	 2 	 3.587574e-17 	 -6.034258e-16
1 	 1 	 3 	 3 	 1.762612e-17 	 -4.508770e-17
1 	 2 	 3 	 3 	 1.848567e-17 	 -4.953195e-17
1 	 3 	 3 	 3 	 1.728999e-17 	 -5.611336e-17
1 	 4 	 3 	 3 	 1.464136e-17 	 -6.418638e-17
1 	 5 	 3 	 3 	 1.190495e-17 	 -7.232352e-17
1 	 6 	 3 	 3 	 7.700038e-18 	 -8.143269e-17
1 	 7 	 3 	 3 	 1.436542e-18 	 -9.186657e-17
1 	 8 	 3 	 3 	 -4.936987e-18 	 -1.023284e-16
1 	 9 	 3 	 3 	 -1.331822e-17 	 -1.136920e-16
1 	 10 	 3 	 3 	 -2.614259e-17 	 -1.271439e-16
1 	 11 	 3 	 3 	 -3.906649e-17 	 -1.405789e-16
1 	 12 	 3 	 3 	 -5.330818e-17 	 -1.537911e-16
1 	 13 	 3 	 3 	 -7.135483e-17 	 -1.663562e-16
1 	 14 	 3 	 3 	 -8.954964e-17 	 -1.789177e-16
1 	 15 	 3 	 3 	 -1.101090e-16 	 -1.907012e-16
1 	 16 	 3 	 3 	 -1.369332e-16 	 -2.001736e-16
1 	 17 	 3 	 3 	 -1.640443e-16 	 -2.095274e-16
1 	 18 	 3 	 3 	 -1.948542e-16 	 -2.165607e-16
1 	 19 	 3 	 3 	 -2.327659e-16 	 -2.190486e-16
1 	 20 	 3 	 3 	 -2.710684e-16 	 -2.212465e-16
1 	 21 	 3 	 3 	 -3.157388e-16 	 -2.196140e-16
1 	 22 	 3 	 3 	 -3.675862e-16 	 -2.135686e-16
1 	 23 	 3 	 3 	 -4.198073e-16 	 -2.070664e-16
1 	 24 	 3 	 3 	 -4.796654e-16 	 -1.913921e-16
1 	 25 	 3 	 3 	 -5.434664e-16 	 -1.706595e-16
1 	 26 	 3 	 3 	 -6.074118e-16 	 -1.493620e-16
1 	 27 	 3 	 3 	 -6.848913e-16 	 -1.142910e-16
1 	 28 	 3 	 3 	 -7.635345e-16 	 -7.654422e-17
1 	 29 	 3 	 3 	 -8.471141e-16 	 -2.934727e-17
1 	 30 	 3 	 3 	 -9.487077e-16 	 4.978706e-17
1 	 31 	 3 	 3 	 -1.050754e-15 	 1.297944e-16
1 	 32 	 3 	 3 	 -1.157754e-15 	 2.554996e-16
1 	 33 	 3 	 3 	 -1.268315e-15 	 4.160170e-16
1 	 34 	 3 	 3 	 -1.379137e-15 	 5.787295e-16
1 	 35 	 3 	 3 	 -1.460638e-15 	 7.947224e-16
1 	 36 	 3 	 3 	 -1.540770e-15 	 1.014186e-15
1 	 37 	 3 	 3 	 -1.604958e-15 	 1.271503e-15
1 	 38 	 3 	 3 	 -1.649625e-15 	 1.572922e-15
1 	 39 	 3 	 3 	 -1.691985e-15 	 1.876398e-15
1 	 40 	 3 	 3 	 -1.674944e-15 	 2.267533e-15
1 	 41 	 3 	 3 	 -1.653900e-15 	 2.662182e-15
1 	 42 	 3 	 3 	 -1.575248e-15 	 3.111079e-15
1 	 43 	 3 	 3 	 -1.447451e-15 	 3.605622e-15
1 	 44 	 3 	 3 	 -1.291820e-15 	 4.114167e-15
1 	 45 	 3 	 3 	 -1.008073e-15 	 4.685381e-15
1 	 46 	 3 	 3 	 -7.169518e-16 	 5.259345e-15
1 	 47 	 3 	 3 	 -2.710158e-16 	 5.852199e-15
1 	 48 	 3 	 3 	 2.133483e-16 	 6.449323e-15
1 	 49 	 3 	 3 	 7.983358e-16 	 7.023086e-15
1 	 50 	 3 	 3 	 1.467416e-15 	 7.571773e-15
1 	 51 	 3 	 3 	 2.311426e-15 	 8.252270e-15
1 	 52 	 3 	 3 	 3.536676e-15 	 9.240836e-15
1 	 53 	 3 	 3 	 4.867815e-15 	 1.024168e-14
1 	 54 	 3 	 3 	 6.857010e-15 	 1.130543e-14
1 	 55 	 3 	 3 	 8.877699e-15 	 1.237035e-14
1 	 56 	 3 	 3 	 1.127537e-14 	 1.282059e-14
1 	 57 	 3 	 3 	 1.370230e-14 	 1.323091e-14
1 	 58 	 3 	 3 	 1.676872e-14 	 1.328053e-14
1 	 59 	 3 	 3 	 1.995016e-14 	 1.325372e-14
1 	 60 	 3 	 3 	 2.376905e-14 	 1.265810e-14
1 	 61 	 3 	 3 	 2.775840e-14 	 1.188842e-14
1 	 62 	 3 	 3 	 3.239813e-14 	 1.029167e-14
1 	 63 	 3 	 3 	 3.721989e-14 	 8.440421e-15
1 	 64 	 3 	 3 	 4.253840e-14 	 5.414500e-15
1 	 65 	 3 	 3 	 4.797379e-14 	 2.070579e-15
1 	 66 	 3 	 3 	 5.374694e-14 	 -2.862883e-15
1 	 67 	 3 	 3 	 5.953948e-14 	 -8.079554e-15
1 	 68 	 3 	 3 	 6.768631e-14 	 -1.622937e-14
1 	 69 	 3 	 3 	 7.581242e-14 	 -2.494684e-14
1 	 70 	 3 	 3 	 8.323867e-14 	 -3.664151e-14
1 	 71 	 3 	 3 	 9.081292e-14 	 -5.003684e-14
1 	 72 	 3 	 3 	 9.876429e-14 	 -6.719137e-14
1 	 73 	 3 	 3 	 1.052112e-13 	 -8.697620e-14
1 	 74 	 3 	 3 	 1.101972e-13 	 -1.091990e-13
1 	 75 	 3 	 3 	 1.128746e-13 	 -1.365323e-13
1 	 76 	 3 	 3 	 1.144367e-13 	 -1.659875e-13
1 	 77 	 3 	 3 	 1.114695e-13 	 -2.027834e-13
1 	 78 	 3 	 3 	 1.052709e-13 	 -2.429491e-13
1 	 79 	 3 	 3 	 9.408626e-14 	 -2.882614e-13
1 	 80 	 3 	 3 	 7.462429e-14 	 -3.400942e-13
1 	 81 	 3 	 3 	 4.993238e-14 	 -3.949923e-13
1 	 82 	 3 	 3 	 1.244731e-14 	 -4.542000e-13
1 	 83 	 3 	 3 	 -3.627532e-14 	 -5.201649e-13
1 	 84 	 3 	 3 	 -9.455692e-14 	 -5.915254e-13
1 	 85 	 3 	 3 	 -1.843730e-13 	 -6.840273e-13
1 	 86 	 3 	 3 	 -3.092034e-13 	 -8.044339e-13
1 	 87 	 3 	 3 	 -4.702541e-13 	 -9.520854e-13
1 	 88 	 3 	 3 	 -6.776808e-13 	 -1.053515e-12
1 	 89 	 3 	 3 	 -9.357934e-13 	 -1.148363e-12
1 	 90 	 3 	 3 	 -1.247869e-12 	 -1.231143e-12
1 	 91 	 3 	 3 	 -1.649010e-12 	 -1.275397e-12
1 	 92 	 3 	 3 	 -2.157805e-12 	 -1.259832e-12
1 	 93 	 3 	 3 	 -2.763733e-12 	 -1.163866e-12
1 	 94 	 3 	 3 	 -3.475818e-12 	 -9.599782e-13
1 	 95 	 3 	 3 	 -4.350810e-12 	 -5.208514e-13
1 	 96 	 3 	 3 	 -5.340975e-12 	 2.361096e-13
1 	 97 	 3 	 3 	 -6.402438e-12 	 1.406832e-12
1 	 98 	 3 	 3 	 -7.458078e-12 	 3.141680e-12
1 	 99 	 3 	 3 	 -8.362076e-12 	 5.650037e-12
1 	 100 	 3 	 3 	 -8.327282e-12 	 9.827456e-12
1 	 101 	 3 	 3 	 -6.213377e-12 	 1.634416e-11
1 	 102 	 3 	 3 	 5.812657e-13 	 2.692582e-11
1 	 103 	 3 	 3 	 8.005364e-12 	 -2.183428e-11
1 	 104 	 3 	 3 	 1.105581e-11 	 -1.353117e-11
1 	 105 	 3 	 3 	 1.132212e-11 	 -8.036207e-12
1 	 106 	 3 	 3 	 1.042139e-11 	 -4.461897e-12
1 	 107 	 3 	 3 	 8.901999e-12 	 -2.313761e-12
1 	 108 	 3 	 3 	 7.369314e-12 	 -8.096984e-13
1 	 109 	 3 	 3 	 5.984848e-12 	 2.157078e-13
1 	 110 	 3 	 3 	 4.795597e-12 	 8.703071e-13
1 	 111 	 3 	 3 	 3.792547e-12 	 1.237996e-12
1 	 112 	 3 	 3 	 3.009144e-12 	 1.384591e-12
1 	 113 	 3 	 3 	 2.350366e-12 	 1.435210e-12
1 	 114 	 3 	 3 	 1.800081e-12 	 1.415339e-12
1 	 115 	 3 	 3 	 1.358389e-12 	 1.342562e-12
1 	 116 	 3 	 3 	 1.021752e-12 	 1.237270e-12
1 	 117 	 3 	 3 	 7.432803e-13 	 1.126015e-12
1 	 118 	 3 	 3 	 5.174287e-13 	 1.013696e-12
1 	 119 	 3 	 3 	 3.683718e-13 	 9.345285e-13
1 	 120 	 3 	 3 	 2.386753e-13 	 8.461332e-13
1 	 121 	 3 	 3 	 1.257093e-13 	 7.495669e-13
1 	 122 	 3 	 3 	 4.710651e-14 	 6.507735e-13
1 	 123 	 3 	 3 	 -1.538553e-14 	 5.568847e-13
1 	 124 	 3 	 3 	 -6.310828e-14 	 4.673413e-13
1 	 125 	 3 	 3 	 -8.880454e-14 	 3.941986e-13
1 	 126 	 3 	 3 	 -1.085978e-13 	 3.274848e-13
1 	 127 	 3 	 3 	 -1.189812e-13 	 2.711884e-13
1 	 128 	 3 	 3 	 -1.231312e-13 	 2.248603e-13
1 	 129 	 3 	 3 	 -1.248312e-13 	 1.828039e-13
1 	 130 	 3 	 3 	 -1.218460e-13 	 1.506992e-13
1 	 131 	 3 	 3 	 -1.179451e-13 	 1.213125e-13
1 	 132 	 3 	 3 	 -1.121516e-13 	 9.687360e-14
1 	 133 	 3 	 3 	 -1.055186e-13 	 7.640475e-14
1 	 134 	 3 	 3 	 -9.841578e-14 	 5.818065e-14
1 	 135 	 3 	 3 	 -9.090357e-14 	 4.425933e-14
1 	 136 	 3 	 3 	 -8.337577e-14 	 3.109353e-14
1 	 137 	 3 	 3 	 -7.606695e-14 	 2.165352e-14
1 	 138 	 3 	 3 	 -6.899368e-14 	 1.273974e-14
1 	 139 	 3 	 3 	 -6.275379e-14 	 6.213865e-15
1 	 140 	 3 	 3 	 -5.692076e-14 	 3.059704e-16
1 	 141 	 3 	 3 	 -5.194497e-14 	 -4.250239e-15
1 	 142 	 3 	 3 	 -4.645292e-14 	 -8.006160e-15
1 	 143 	 3 	 3 	 -4.013032e-14 	 -1.058609e-14
1 	 144 	 3 	 3 	 -3.425063e-14 	 -1.241648e-14
1 	 145 	 3 	 3 	 -2.886694e-14 	 -1.329682e-14
1 	 146 	 3 	 3 	 -2.421495e-14 	 -1.385029e-14
1 	 147 	 3 	 3 	 -2.048458e-14 	 -1.398778e-14
1 	 148 	 3 	 3 	 -1.713604e-14 	 -1.395117e-14
1 	 149 	 3 	 3 	 -1.434343e-14 	 -1.363618e-14
1 	 150 	 3 	 3 	 -1.176275e-14 	 -1.324662e-14
1 	 151 	 3 	 3 	 -9.657083e-15 	 -1.266662e-14
1 	 152 	 3 	 3 	 -7.646764e-15 	 -1.206665e-14
1 	 153 	 3 	 3 	 -6.094934e-15 	 -1.133706e-14
1 	 154 	 3 	 3 	 -4.541792e-15 	 -1.061656e-14
1 	 155 	 3 	 3 	 -3.448720e-15 	 -9.892664e-15
1 	 156 	 3 	 3 	 -2.338918e-15 	 -9.173119e-15
1 	 157 	 3 	 3 	 -1.528206e-15 	 -8.600308e-15
1 	 158 	 3 	 3 	 -7.735299e-16 	 -8.068487e-15
1 	 159 	 3 	 3 	 -1.386540e-16 	 -7.404057e-15
1 	 160 	 3 	 3 	 4.054630e-16 	 -6.625049e-15
1 	 161 	 3 	 3 	 8.858365e-16 	 -5.847911e-15
1 	 162 	 3 	 3 	 1.147406e-15 	 -5.087378e-15
1 	 163 	 3 	 3 	 1.417469e-15 	 -4.319608e-15
1 	 164 	 3 	 3 	 1.525293e-15 	 -3.771261e-15
1 	 165 	 3 	 3 	 1.619012e-15 	 -3.245357e-15
1 	 166 	 3 	 3 	 1.668255e-15 	 -2.790388e-15
1 	 167 	 3 	 3 	 1.671454e-15 	 -2.407187e-15
1 	 168 	 3 	 3 	 1.675340e-15 	 -2.026695e-15
1 	 169 	 3 	 3 	 1.626783e-15 	 -1.746340e-15
1 	 170 	 3 	 3 	 1.580811e-15 	 -1.463776e-15
1 	 171 	 3 	 3 	 1.520208e-15 	 -1.223427e-15
1 	 172 	 3 	 3 	 1.446876e-15 	 -1.017921e-15
1 	 173 	 3 	 3 	 1.375087e-15 	 -8.095479e-16
1 	 174 	 3 	 3 	 1.294775e-15 	 -6.684249e-16
1 	 175 	 3 	 3 	 1.214895e-15 	 -5.256464e-16
1 	 176 	 3 	 3 	 1.143342e-15 	 -4.044855e-16
1 	 177 	 3 	 3 	 1.085304e-15 	 -3.202960e-16
1 	 178 	 3 	 3 	 1.028586e-15 	 -2.352827e-16
1 	 179 	 3 	 3 	 9.450967e-16 	 -1.520695e-16
1 	 180 	 3 	 3 	 8.507014e-16 	 -6.801053e-17
1 	 181 	 3 	 3 	 7.559536e-16 	 1.780860e-17
1 	 182 	 3 	 3 	 6.738851e-16 	 5.610592e-17
1 	 183 	 3 	 3 	 5.911230e-16 	 9.544511e-17
1 	 184 	 3 	 3 	 5.146562e-16 	 1.287518e-16
1 	 185 	 3 	 3 	 4.589677e-16 	 1.407377e-16
1 	 186 	 3 	 3 	 4.029059e-16 	 1.535753e-16
1 	 187 	 3 	 3 	 3.535199e-16 	 1.614408e-16
1 	 188 	 3 	 3 	 3.138228e-16 	 1.616001e-16
1 	 189 	 3 	 3 	 2.737325e-16 	 1.622997e-16
1 	 190 	 3 	 3 	 2.431292e-16 	 1.582277e-16
1 	 191 	 3 	 3 	 2.212618e-16 	 1.496105e-16
1 	 192 	 3 	 3 	 1.992148e-16 	 1.411925e-16
1 	 193 	 3 	 3 	 1.762055e-16 	 1.348619e-16
1 	 194 	 3 	 3 	 1.520757e-16 	 1.302511e-16
1 	 195 	 3 	 3 	 1.273701e-16 	 1.260031e-16
1 	 196 	 3 	 3 	 1.060017e-16 	 1.205576e-16
1 	 197 	 3 	 3 	 8.707136e-17 	 1.141379e-16
1 	 198 	 3 	 3 	 6.790326e-17 	 1.077722e-16
1 	 199 	 3 	 3 	 5.455033e-17 	 9.970967e-17
1 	 200 	 3 	 3 	 4.692459e-17 	 8.994288e-17
1 	 201 	 3 	 3 	 3.912430e-17 	 8.016513e-17
1 	 202 	 3 	 3 	 3.370033e-17 	 7.036444e-17
1 	 203 	 3 	 3 	 3.243753e-17 	 6.046611e-17
1 	 204 	 3 	 3 	 3.106808e-17 	 5.044717e-17
1 	 205 	 3 	 3 	 1.788586e-17 	 -4.326731e-17
1 	 206 	 3 	 3 	 1.815516e-17 	 -4.871771e-17
1 	 207 	 3 	 3 	 1.740008e-17 	 -5.513456e-17
1 	 208 	 3 	 3 	 1.591996e-17 	 -6.221925e-17
1 	 209 	 3 	 3 	 1.440421e-17 	 -6.932034e-17
1 	 210 	 3 	 3 	 1.148531e-17 	 -7.722830e-17
1 	 211 	 3 	 3 	 6.562915e-18 	 -8.627963e-17
1 	 212 	 3 	 3 	 1.559806e-18 	 -9.535972e-17
1 	 213 	 3 	 3 	 -4.917114e-18 	 -1.050015e-16
1 	 214 	 3 	 3 	 -1.474690e-17 	 -1.158998e-16
1 	 215 	 3 	 3 	 -2.473863e-17 	 -1.268317e-16
1 	 216 	 3 	 3 	 -3.641985e-17 	 -1.381340e-16
1 	 217 	 3 	 3 	 -5.285193e-17 	 -1.504433e-16
1 	 218 	 3 	 3 	 -6.957953e-17 	 -1.627478e-16
1 	 219 	 3 	 3 	 -8.909568e-17 	 -1.759799e-16
1 	 220 	 3 	 3 	 -1.158579e-16 	 -1.916155e-16
1 	 221 	 3 	 3 	 -1.429498e-16 	 -2.070749e-16
1 	 222 	 3 	 3 	 -1.730034e-16 	 -2.196915e-16
1 	 223 	 3 	 3 	 -2.088079e-16 	 -2.268655e-16
1 	 224 	 3 	 3 	 -2.452611e-16 	 -2.339364e-16
1 	 225 	 3 	 3 	 -2.880648e-16 	 -2.349334e-16
1 	 226 	 3 	 3 	 -3.378200e-16 	 -2.287100e-16
1 	 227 	 3 	 3 	 -3.879787e-16 	 -2.219176e-16
1 	 228 	 3 	 3 	 -4.468185e-16 	 -2.064545e-16
1 	 229 	 3 	 3 	 -5.102852e-16 	 -1.861136e-16
1 	 230 	 3 	 3 	 -5.741231e-16 	 -1.650353e-16
1 	 231 	 3 	 3 	 -6.491398e-16 	 -1.244877e-16
1 	 232 	 3 	 3 	 -7.254240e-16 	 -8.113062e-17
1 	 233 	 3 	 3 	 -8.033318e-16 	 -3.067754e-17
1 	 234 	 3 	 3 	 -8.863642e-16 	 4.147328e-17
1 	 235 	 3 	 3 	 -9.690681e-16 	 1.146508e-16
1 	 236 	 3 	 3 	 -1.059095e-15 	 2.092438e-16
1 	 237 	 3 	 3 	 -1.154262e-15 	 3.196896e-16
1 	 238 	 3 	 3 	 -1.248885e-15 	 4.306970e-16
1 	 239 	 3 	 3 	 -1.363926e-15 	 6.411981e-16
1 	 240 	 3 	 3 	 -1.478843e-15 	 8.539626e-16
1 	 241 	 3 	 3 	 -1.575992e-15 	 1.096148e-15
1 	 242 	 3 	 3 	 -1.651691e-15 	 1.373058e-15
1 	 243 	 3 	 3 	 -1.726655e-15 	 1.651495e-15
1 	 244 	 3 	 3 	 -1.740353e-15 	 2.016193e-15
1 	 245 	 3 	 3 	 -1.750707e-15 	 2.385698e-15
1 	 246 	 3 	 3 	 -1.709020e-15 	 2.806580e-15
1 	 247 	 3 	 3 	 -1.622737e-15 	 3.270466e-15
1 	 248 	 3 	 3 	 -1.511430e-15 	 3.753747e-15
1 	 249 	 3 	 3 	 -1.286979e-15 	 4.324777e-15
1 	 250 	 3 	 3 	 -1.057496e-15 	 4.898390e-15
1 	 251 	 3 	 3 	 -6.645157e-16 	 5.550944e-15
1 	 252 	 3 	 3 	 -2.330353e-16 	 6.220718e-15
1 	 253 	 3 	 3 	 3.457923e-16 	 6.923126e-15
1 	 254 	 3 	 3 	 1.050783e-15 	 7.651089e-15
1 	 255 	 3 	 3 	 1.863305e-15 	 8.378359e-15
1 	 256 	 3 	 3 	 2.903875e-15 	 9.102961e-15
1 	 257 	 3 	 3 	 4.000383e-15 	 9.814498e-15
1 	 258 	 3 	 3 	 5.413709e-15 	 1.043935e-14
1 	 259 	 3 	 3 	 6.844933e-15 	 1.105572e-14
1 	 260 	 3 	 3 	 8.789119e-15 	 1.161975e-14
1 	 261 	 3 	 3 	 1.076698e-14 	 1.216841e-14
1 	 262 	 3 	 3 	 1.362678e-14 	 1.268745e-14
1 	 263 	 3 	 3 	 1.665141e-14 	 1.319104e-14
1 	 264 	 3 	 3 	 2.008547e-14 	 1.304564e-14
1 	 265 	 3 	 3 	 2.363074e-14 	 1.271813e-14
1 	 266 	 3 	 3 	 2.774494e-14 	 1.171913e-14
1 	 267 	 3 	 3 	 3.202554e-14 	 1.050860e-14
1 	 268 	 3 	 3 	 3.692072e-14 	 8.362722e-15
1 	 269 	 3 	 3 	 4.197704e-14 	 5.937629e-15
1 	 270 	 3 	 3 	 4.760231e-14 	 2.154165e-15
1 	 271 	 3 	 3 	 5.331422e-14 	 -1.892364e-15
1 	 272 	 3 	 3 	 5.939743e-14 	 -7.794299e-15
1 	 273 	 3 	 3 	 6.546318e-14 	 -1.405597e-14
1 	 274 	 3 	 3 	 7.143948e-14 	 -2.208782e-14
1 	 275 	 3 	 3 	 7.764891e-14 	 -3.105463e-14
1 	 276 	 3 	 3 	 8.447584e-14 	 -4.211619e-14
1 	 277 	 3 	 3 	 9.188955e-14 	 -5.592465e-14
1 	 278 	 3 	 3 	 9.985707e-14 	 -7.234851e-14
1 	 279 	 3 	 3 	 1.071159e-13 	 -9.399897e-14
1 	 280 	 3 	 3 	 1.138357e-13 	 -1.177337e-13
1 	 281 	 3 	 3 	 1.165104e-13 	 -1.465783e-13
1 	 282 	 3 	 3 	 1.170498e-13 	 -1.778521e-13
1 	 283 	 3 	 3 	 1.142769e-13 	 -2.127858e-13
1 	 284 	 3 	 3 	 1.066850e-13 	 -2.537100e-13
1 	 285 	 3 	 3 	 9.587212e-14 	 -2.979501e-13
1 	 286 	 3 	 3 	 7.687781e-14 	 -3.493074e-13
1 	 287 	 3 	 3 	 5.045180e-14 	 -4.059522e-13
1 	 288 	 3 	 3 	 1.771439e-14 	 -4.668472e-13
1 	 289 	 3 	 3 	 -3.126410e-14 	 -5.343386e-13
1 	 290 	 3 	 3 	 -9.130859e-14 	 -6.054324e-13
1 	 291 	 3 	 3 	 -1.628243e-13 	 -6.800445e-13
1 	 292 	 3 	 3 	 -2.579783e-13 	 -7.573784e-13
1 	 293 	 3 	 3 	 -3.700278e-13 	 -8.368422e-13
1 	 294 	 3 	 3 	 -4.992399e-13 	 -9.186867e-13
1 	 295 	 3 	 3 	 -6.531386e-13 	 -1.005658e-12
1 	 296 	 3 	 3 	 -8.576645e-13 	 -1.108339e-12
1 	 297 	 3 	 3 	 -1.121472e-12 	 -1.205167e-12
1 	 298 	 3 	 3 	 -1.454098e-12 	 -1.279046e-12
1 	 299 	 3 	 3 	 -1.825164e-12 	 -1.258906e-12
1 	 300 	 3 	 3 	 -2.213738e-12 	 -1.183368e-12
1 	 301 	 3 	 3 	 -2.623155e-12 	 -1.056865e-12
1 	 302 	 3 	 3 	 -3.053118e-12 	 -8.724581e-13
1 	 303 	 3 	 3 	 -3.494851e-12 	 -6.158766e-13
1 	 304 	 3 	 3 	 -3.912250e-12 	 -2.606966e-13
1 	 305 	 3 	 3 	 -4.271452e-12 	 1.662872e-13
1 	 306 	 3 	 3 	 -4.533072e-12 	 6.435416e-13
1 	 307 	 3 	 3 	 4.665234e-12 	 -5.611435e-13
1 	 308 	 3 	 3 	 4.415858e-12 	 -8.529352e-14
1 	 309 	 3 	 3 	 4.062619e-12 	 3.352358e-13
1 	 310 	 3 	 3 	 3.634320e-12 	 6.725072e-13
1 	 311 	 3 	 3 	 3.176779e-12 	 9.120184e-13
1 	 312 	 3 	 3 	 2.750711e-12 	 1.090202e-12
1 	 313 	 3 	 3 	 2.378154e-12 	 1.233127e-12
1 	 314 	 3 	 3 	 2.038452e-12 	 1.336256e-12
1 	 315 	 3 	 3 	 1.679703e-12 	 1.371499e-12
1 	 316 	 3 	 3 	 1.356224e-12 	 1.330246e-12
1 	 317 	 3 	 3 	 1.060653e-12 	 1.260476e-12
1 	 318 	 3 	 3 	 7.980442e-13 	 1.169226e-12
1 	 319 	 3 	 3 	 5.824763e-13 	 1.058092e-12
1 	 320 	 3 	 3 	 4.192683e-13 	 9.481215e-13
1 	 321 	 3 	 3 	 2.839909e-13 	 8.433932e-13
1 	 322 	 3 	 3 	 1.736207e-13 	 7.446826e-13
1 	 323 	 3 	 3 	 9.707279e-14 	 6.575573e-13
1 	 324 	 3 	 3 	 3.437067e-14 	 5.766488e-13
1 	 325 	 3 	 3 	 -1.642460e-14 	 5.011599e-13
1 	 326 	 3 	 3 	 -4.944618e-14 	 4.359673e-13
1 	 327 	 3 	 3 	 -7.564621e-14 	 3.762335e-13
1 	 328 	 3 	 3 	 -9.555465e-14 	 3.214619e-13
1 	 329 	 3 	 3 	 -1.059566e-13 	 2.754688e-13
1 	 330 	 3 	 3 	 -1.139108e-13 	 2.331052e-13
1 	 331 	 3 	 3 	 -1.178654e-13 	 1.966156e-13
1 	 332 	 3 	 3 	 -1.192515e-13 	 1.656441e-13
1 	 333 	 3 	 3 	 -1.196107e-13 	 1.369711e-13
1 	 334 	 3 	 3 	 -1.194112e-13 	 1.158992e-13
1 	 335 	 3 	 3 	 -1.170273e-13 	 9.498422e-14
1 	 336 	 3 	 3 	 -1.105403e-13 	 7.432844e-14
1 	 337 	 3 	 3 	 -1.018352e-13 	 5.632767e-14
1 	 338 	 3 	 3 	 -9.174626e-14 	 3.973176e-14
1 	 339 	 3 	 3 	 -8.263532e-14 	 2.813615e-14
1 	 340 	 3 	 3 	 -7.377924e-14 	 1.743966e-14
1 	 341 	 3 	 3 	 -6.636400e-14 	 1.047493e-14
1 	 342 	 3 	 3 	 -5.918200e-14 	 3.951446e-15
1 	 343 	 3 	 3 	 -5.283183e-14 	 -5.770493e-16
1 	 344 	 3 	 3 	 -4.677508e-14 	 -4.569931e-15
1 	 345 	 3 	 3 	 -4.131937e-14 	 -7.368966e-15
1 	 346 	 3 	 3 	 -3.621164e-14 	 -9.658723e-15
1 	 347 	 3 	 3 	 -3.160372e-14 	 -1.118428e-14
1 	 348 	 3 	 3 	 -2.738750e-14 	 -1.231671e-14
1 	 349 	 3 	 3 	 -2.364422e-14 	 -1.295972e-14
1 	 350 	 3 	 3 	 -2.025862e-14 	 -1.337815e-14
1 	 351 	 3 	 3 	 -1.730853e-14 	 -1.350742e-14
1 	 352 	 3 	 3 	 -1.466317e-14 	 -1.356918e-14
1 	 353 	 3 	 3 	 -1.247196e-14 	 -1.352029e-14
1 	 354 	 3 	 3 	 -1.038093e-14 	 -1.334808e-14
1 	 355 	 3 	 3 	 -8.503991e-15 	 -1.288444e-14
1 	 356 	 3 	 3 	 -6.671001e-15 	 -1.231446e-14
1 	 357 	 3 	 3 	 -5.072120e-15 	 -1.126010e-14
1 	 358 	 3 	 3 	 -3.467391e-15 	 -1.020753e-14
1 	 359 	 3 	 3 	 -2.476704e-15 	 -9.276985e-15
1 	 360 	 3 	 3 	 -1.468836e-15 	 -8.346919e-15
1 	 361 	 3 	 3 	 -7.947297e-16 	 -7.572323e-15
1 	 362 	 3 	 3 	 -1.853669e-16 	 -6.832428e-15
1 	 363 	 3 	 3 	 2.859157e-16 	 -6.157042e-15
1 	 364 	 3 	 3 	 6.494929e-16 	 -5.531449e-15
1 	 365 	 3 	 3 	 9.765430e-16 	 -4.931214e-15
1 	 366 	 3 	 3 	 1.174551e-15 	 -4.405889e-15
1 	 367 	 3 	 3 	 1.380670e-15 	 -3.877400e-15
1 	 368 	 3 	 3 	 1.484820e-15 	 -3.456524e-15
1 	 369 	 3 	 3 	 1.582339e-15 	 -3.044912e-15
1 	 370 	 3 	 3 	 1.654884e-15 	 -2.692155e-15
1 	 371 	 3 	 3 	 1.701690e-15 	 -2.400379e-15
1 	 372 	 3 	 3 	 1.748602e-15 	 -2.107129e-15
1 	 373 	 3 	 3 	 1.700788e-15 	 -1.799855e-15
1 	 374 	 3 	 3 	 1.655392e-15 	 -1.488265e-15
1 	 375 	 3 	 3 	 1.575388e-15 	 -1.211960e-15
1 	 376 	 3 	 3 	 1.465278e-15 	 -9.648010e-16
1 	 377 	 3 	 3 	 1.355498e-15 	 -7.137522e-16
1 	 378 	 3 	 3 	 1.256602e-15 	 -5.725122e-16
1 	 379 	 3 	 3 	 1.158540e-15 	 -4.303425e-16
1 	 380 	 3 	 3 	 1.065891e-15 	 -3.090167e-16
1 	 381 	 3 	 3 	 9.811914e-16 	 -2.226462e-16
1 	 382 	 3 	 3 	 8.968352e-16 	 -1.347375e-16
1 	 383 	 3 	 3 	 8.202302e-16 	 -7.313084e-17
1 	 384 	 3 	 3 	 7.464082e-16 	 -2.083972e-17
1 	 385 	 3 	 3 	 6.726256e-16 	 3.249117e-17
1 	 386 	 3 	 3 	 6.160132e-16 	 5.672312e-17
1 	 387 	 3 	 3 	 5.591734e-16 	 8.180845e-17
1 	 388 	 3 	 3 	 5.059105e-16 	 1.038370e-16
1 	 389 	 3 	 3 	 4.646892e-16 	 1.140488e-16
1 	 390 	 3 	 3 	 4.234788e-16 	 1.247854e-16
1 	 391 	 3 	 3 	 3.785054e-16 	 1.354695e-16
1 	 392 	 3 	 3 	 3.273958e-16 	 1.460747e-16
1 	 393 	 3 	 3 	 2.760916e-16 	 1.572312e-16
1 	 394 	 3 	 3 	 2.338964e-16 	 1.602220e-16
1 	 395 	 3 	 3 	 1.998490e-16 	 1.555961e-16
1 	 396 	 3 	 3 	 1.654736e-16 	 1.511886e-16
1 	 397 	 3 	 3 	 1.404497e-16 	 1.437840e-16
1 	 398 	 3 	 3 	 1.221662e-16 	 1.342039e-16
1 	 399 	 3 	 3 	 1.036049e-16 	 1.247738e-16
1 	 400 	 3 	 3 	 9.104498e-17 	 1.140520e-16
1 	 401 	 3 	 3 	 8.296114e-17 	 1.022611e-16
1 	 402 	 3 	 3 	 7.470641e-17 	 9.041630e-17
1 	 403 	 3 	 3 	 6.734128e-17 	 8.012487e-17
1 	 404 	 3 	 3 	 6.071253e-17 	 7.145731e-17
1 	 405 	 3 	 3 	 5.383561e-17 	 6.279239e-17
1 	 406 	 3 	 3 	 4.639398e-17 	 5.599195e-17
1 	 407 	 3 	 3 	 3.811667e-17 	 5.238136e-17
1 	 408 	 3 	 3 	 2.957346e-17 	 4.889961e-17
1 	 1 	 3 	 4 	 2.601582e-18 	 3.903624e-18
1 	 2 	 3 	 4 	 3.199873e-18 	 5.369601e-18
1 	 3 	 3 	 4 	 4.238635e-18 	 6.233194e-18
1 	 4 	 3 	 4 	 5.587330e-18 	 6.675544e-18
1 	 5 	 3 	 4 	 6.956236e-18 	 7.104184e-18
1 	 6 	 3 	 4 	 8.708824e-18 	 7.318697e-18
1 	 7 	 3 	 4 	 1.099590e-17 	 7.231421e-18
1 	 8 	 3 	 4 	 1.330250e-17 	 7.123935e-18
1 	 9 	 3 	 4 	 1.590503e-17 	 6.408089e-18
1 	 10 	 3 	 4 	 1.915377e-17 	 4.296325e-18
1 	 11 	 3 	 4 	 2.240123e-17 	 2.137721e-18
1 	 12 	 3 	 4 	 2.591045e-17 	 -7.634755e-20
1 	 13 	 3 	 4 	 3.021052e-17 	 -2.380773e-18
1 	 14 	 3 	 4 	 3.452170e-17 	 -4.733019e-18
1 	 15 	 3 	 4 	 3.902503e-17 	 -7.563023e-18
1 	 16 	 3 	 4 	 4.402676e-17 	 -1.160996e-17
1 	 17 	 3 	 4 	 4.904560e-17 	 -1.571604e-17
1 	 18 	 3 	 4 	 5.395257e-17 	 -2.095116e-17
1 	 19 	 3 	 4 	 5.859268e-17 	 -2.840903e-17
1 	 20 	 3 	 4 	 6.319858e-17 	 -3.599860e-17
1 	 21 	 3 	 4 	 6.696639e-17 	 -4.646492e-17
1 	 22 	 3 	 4 	 6.973557e-17 	 -6.020529e-17
1 	 23 	 3 	 4 	 7.239115e-17 	 -7.411426e-17
1 	 24 	 3 	 4 	 7.253295e-17 	 -9.179250e-17
1 	 25 	 3 	 4 	 7.125359e-17 	 -1.114649e-16
1 	 26 	 3 	 4 	 6.978240e-17 	 -1.312620e-16
1 	 27 	 3 	 4 	 6.297881e-17 	 -1.581035e-16
1 	 28 	 3 	 4 	 5.530904e-17 	 -1.855450e-16
1 	 29 	 3 	 4 	 4.518486e-17 	 -2.144312e-16
1 	 30 	 3 	 4 	 2.676093e-17 	 -2.486067e-16
1 	 31 	 3 	 4 	 7.897600e-18 	 -2.830687e-16
1 	 32 	 3 	 4 	 -2.416120e-17 	 -3.182671e-16
1 	 33 	 3 	 4 	 -6.631500e-17 	 -3.539237e-16
1 	 34 	 3 	 4 	 -1.092915e-16 	 -3.896924e-16
1 	 35 	 3 	 4 	 -1.775028e-16 	 -4.201021e-16
1 	 36 	 3 	 4 	 -2.471561e-16 	 -4.500494e-16
1 	 37 	 3 	 4 	 -3.324757e-16 	 -4.737784e-16
1 	 38 	 3 	 4 	 -4.361502e-16 	 -4.898214e-16
1 	 39 	 3 	 4 	 -5.408161e-16 	 -5.048818e-16
1 	 40 	 3 	 4 	 -6.823081e-16 	 -4.930453e-16
1 	 41 	 3 	 4 	 -8.253672e-16 	 -4.793022e-16
1 	 42 	 3 	 4 	 -9.899475e-16 	 -4.374024e-16
1 	 43 	 3 	 4 	 -1.172572e-15 	 -3.713932e-16
1 	 44 	 3 	 4 	 -1.360230e-15 	 -2.914447e-16
1 	 45 	 3 	 4 	 -1.569973e-15 	 -1.475591e-16
1 	 46 	 3 	 4 	 -1.780471e-15 	 2.264415e-19
1 	 47 	 3 	 4 	 -1.990496e-15 	 2.256371e-16
1 	 48 	 3 	 4 	 -2.199966e-15 	 4.705451e-16
1 	 49 	 3 	 4 	 -2.391824e-15 	 7.641445e-16
1 	 50 	 3 	 4 	 -2.566574e-15 	 1.098261e-15
1 	 51 	 3 	 4 	 -2.765746e-15 	 1.528115e-15
1 	 52 	 3 	 4 	 -3.024879e-15 	 2.167361e-15
1 	 53 	 3 	 4 	 -3.269319e-15 	 2.861276e-15
1 	 54 	 3 	 4 	 -3.419630e-15 	 3.892262e-15
1 	 55 	 3 	 4 	 -3.562509e-15 	 4.939324e-15
1 	 56 	 3 	 4 	 -3.337670e-15 	 6.126270e-15
1 	 57 	 3 	 4 	 -3.085387e-15 	 7.324314e-15
1 	 58 	 3 	 4 	 -2.472552e-15 	 8.777892e-15
1 	 59 	 3 	 4 	 -1.786600e-15 	 1.027542e-14
1 	 60 	 3 	 4 	 -5.981205e-16 	 1.196691e-14
1 	 61 	 3 	 4 	 7.402440e-16 	 1.370446e-14
1 	 62 	 3 	 4 	 2.761554e-15 	 1.554427e-14
1 	 63 	 3 	 4 	 4.990590e-15 	 1.740431e-14
1 	 64 	 3 	 4 	 8.088501e-15 	 1.914612e-14
1 	 65 	 3 	 4 	 1.141951e-14 	 2.084386e-14
1 	 66 	 3 	 4 	 1.581023e-14 	 2.212982e-14
1 	 67 	 3 	 4 	 2.038110e-14 	 2.331780e-14
1 	 68 	 3 	 4 	 2.743529e-14 	 2.440698e-14
1 	 69 	 3 	 4 	 3.482507e-14 	 2.522461e-14
1 	 70 	 3 	 4 	 4.377419e-14 	 2.434135e-14
1 	 71 	 3 	 4 	 5.375752e-14 	 2.265894e-14
1 	 72 	 3 	 4 	 6.603341e-14 	 1.923380e-14
1 	 73 	 3 	 4 	 7.920185e-14 	 1.350025e-14
1 	 74 	 3 	 4 	 9.316463e-14 	 5.576511e-15
1 	 75 	 3 	 4 	 1.087617e-13 	 -6.719631e-15
1 	 76 	 3 	 4 	 1.249349e-13 	 -2.096506e-14
1 	 77 	 3 	 4 	 1.425315e-13 	 -4.245485e-14
1 	 78 	 3 	 4 	 1.599884e-13 	 -6.809431e-14
1 	 79 	 3 	 4 	 1.771688e-13 	 -1.000944e-13
1 	 80 	 3 	 4 	 1.924505e-13 	 -1.414821e-13
1 	 81 	 3 	 4 	 2.058784e-13 	 -1.881362e-13
1 	 82 	 3 	 4 	 2.130021e-13 	 -2.453310e-13
1 	 83 	 3 	 4 	 2.157022e-13 	 -3.134751e-13
1 	 84 	 3 	 4 	 2.143329e-13 	 -3.907020e-13
1 	 85 	 3 	 4 	 2.015601e-13 	 -4.988751e-13
1 	 86 	 3 	 4 	 1.742875e-13 	 -6.486166e-13
1 	 87 	 3 	 4 	 1.308962e-13 	 -8.402198e-13
1 	 88 	 3 	 4 	 2.547255e-14 	 -1.030064e-12
1 	 89 	 3 	 4 	 -1.296483e-13 	 -1.245302e-12
1 	 90 	 3 	 4 	 -3.411684e-13 	 -1.482901e-12
1 	 91 	 3 	 4 	 -6.566756e-13 	 -1.741228e-12
1 	 92 	 3 	 4 	 -1.111860e-12 	 -2.009997e-12
1 	 93 	 3 	 4 	 -1.712032e-12 	 -2.262222e-12
1 	 94 	 3 	 4 	 -2.484627e-12 	 -2.475873e-12
1 	 95 	 3 	 4 	 -3.569086e-12 	 -2.560061e-12
1 	 96 	 3 	 4 	 -4.967883e-12 	 -2.400705e-12
1 	 97 	 3 	 4 	 -6.692470e-12 	 -1.870759e-12
1 	 98 	 3 	 4 	 -8.747094e-12 	 -7.753525e-13
1 	 99 	 3 	 4 	 -1.109271e-11 	 1.173220e-12
1 	 100 	 3 	 4 	 -1.332189e-11 	 5.118798e-12
1 	 101 	 3 	 4 	 -1.447749e-11 	 1.198720e-11
1 	 102 	 3 	 4 	 -1.253808e-11 	 2.407032e-11
1 	 103 	 3 	 4 	 1.929085e-11 	 -1.893951e-11
1 	 104 	 3 	 4 	 1.840345e-11 	 -9.198191e-12
1 	 105 	 3 	 4 	 1.578478e-11 	 -3.321689e-12
1 	 106 	 3 	 4 	 1.282974e-11 	 1.000788e-13
1 	 107 	 3 	 4 	 9.937277e-12 	 1.733552e-12
1 	 108 	 3 	 4 	 7.453548e-12 	 2.567579e-12
1 	 109 	 3 	 4 	 5.445471e-12 	 2.911463e-12
1 	 110 	 3 	 4 	 3.885551e-12 	 2.940668e-12
1 	 111 	 3 	 4 	 2.700780e-12 	 2.769204e-12
1 	 112 	 3 	 4 	 1.883368e-12 	 2.494090e-12
1 	 113 	 3 	 4 	 1.249060e-12 	 2.197719e-12
1 	 114 	 3 	 4 	 7.649580e-13 	 1.895855e-12
1 	 115 	 3 	 4 	 4.193876e-13 	 1.606303e-12
1 	 116 	 3 	 4 	 1.921353e-13 	 1.347749e-12
1 	 117 	 3 	 4 	 2.142978e-14 	 1.116663e-12
1 	 118 	 3 	 4 	 -1.008447e-13 	 9.136805e-13
1 	 119 	 3 	 4 	 -1.731592e-13 	 7.755485e-13
1 	 120 	 3 	 4 	 -2.248950e-13 	 6.415410e-13
1 	 121 	 3 	 4 	 -2.586727e-13 	 5.110711e-13
1 	 122 	 3 	 4 	 -2.629555e-13 	 4.022707e-13
1 	 123 	 3 	 4 	 -2.577236e-13 	 3.069775e-13
1 	 124 	 3 	 4 	 -2.436398e-13 	 2.239558e-13
1 	 125 	 3 	 4 	 -2.225051e-13 	 1.657631e-13
1 	 126 	 3 	 4 	 -2.008462e-13 	 1.153404e-13
1 	 127 	 3 	 4 	 -1.784184e-13 	 7.743805e-14
1 	 128 	 3 	 4 	 -1.573672e-13 	 4.951024e-14
1 	 129 	 3 	 4 	 -1.370392e-13 	 2.567821e-14
1 	 130 	 3 	 4 	 -1.192357e-13 	 1.065663e-14
1 	 131 	 3 	 4 	 -1.024016e-13 	 -2.268060e-15
1 	 132 	 3 	 4 	 -8.720811e-14 	 -1.118709e-14
1 	 133 	 3 	 4 	 -7.376375e-14 	 -1.740666e-14
1 	 134 	 3 	 4 	 -6.129840e-14 	 -2.209982e-14
1 	 135 	 3 	 4 	 -5.104493e-14 	 -2.426778e-14
1 	 136 	 3 	 4 	 -4.119457e-14 	 -2.603021e-14
1 	 137 	 3 	 4 	 -3.355182e-14 	 -2.603477e-14
1 	 138 	 3 	 4 	 -2.628851e-14 	 -2.591158e-14
1 	 139 	 3 	 4 	 -2.069287e-14 	 -2.507620e-14
1 	 140 	 3 	 4 	 -1.559368e-14 	 -2.416418e-14
1 	 141 	 3 	 4 	 -1.157262e-14 	 -2.305655e-14
1 	 142 	 3 	 4 	 -7.916759e-15 	 -2.146842e-14
1 	 143 	 3 	 4 	 -4.779564e-15 	 -1.913388e-14
1 	 144 	 3 	 4 	 -2.226082e-15 	 -1.682217e-14
1 	 145 	 3 	 4 	 -3.966334e-16 	 -1.450486e-14
1 	 146 	 3 	 4 	 1.040577e-15 	 -1.245149e-14
1 	 147 	 3 	 4 	 1.978712e-15 	 -1.072579e-14
1 	 148 	 3 	 4 	 2.717504e-15 	 -9.149654e-15
1 	 149 	 3 	 4 	 3.149014e-15 	 -7.785528e-15
1 	 150 	 3 	 4 	 3.487124e-15 	 -6.513477e-15
1 	 151 	 3 	 4 	 3.601551e-15 	 -5.444898e-15
1 	 152 	 3 	 4 	 3.684295e-15 	 -4.421407e-15
1 	 153 	 3 	 4 	 3.595948e-15 	 -3.613025e-15
1 	 154 	 3 	 4 	 3.512849e-15 	 -2.804355e-15
1 	 155 	 3 	 4 	 3.333589e-15 	 -2.228506e-15
1 	 156 	 3 	 4 	 3.159485e-15 	 -1.643951e-15
1 	 157 	 3 	 4 	 2.990803e-15 	 -1.222453e-15
1 	 158 	 3 	 4 	 2.827664e-15 	 -8.319952e-16
1 	 159 	 3 	 4 	 2.601699e-15 	 -4.988247e-16
1 	 160 	 3 	 4 	 2.322217e-15 	 -2.085610e-16
1 	 161 	 3 	 4 	 2.041530e-15 	 4.997104e-17
1 	 162 	 3 	 4 	 1.759211e-15 	 1.983965e-16
1 	 163 	 3 	 4 	 1.474363e-15 	 3.514175e-16
1 	 164 	 3 	 4 	 1.268908e-15 	 4.157559e-16
1 	 165 	 3 	 4 	 1.071390e-15 	 4.721957e-16
1 	 166 	 3 	 4 	 9.015125e-16 	 5.052864e-16
1 	 167 	 3 	 4 	 7.595333e-16 	 5.141473e-16
1 	 168 	 3 	 4 	 6.184874e-16 	 5.232808e-16
1 	 169 	 3 	 4 	 5.181213e-16 	 5.064670e-16
1 	 170 	 3 	 4 	 4.166784e-16 	 4.908067e-16
1 	 171 	 3 	 4 	 3.324911e-16 	 4.685311e-16
1 	 172 	 3 	 4 	 2.625720e-16 	 4.404368e-16
1 	 173 	 3 	 4 	 1.913836e-16 	 4.129359e-16
1 	 174 	 3 	 4 	 1.467065e-16 	 3.816895e-16
1 	 175 	 3 	 4 	 1.013233e-16 	 3.505359e-16
1 	 176 	 3 	 4 	 6.344470e-17 	 3.217478e-16
1 	 177 	 3 	 4 	 3.848331e-17 	 2.967211e-16
1 	 178 	 3 	 4 	 1.303594e-17 	 2.719448e-16
1 	 179 	 3 	 4 	 -8.171704e-18 	 2.430234e-16
1 	 180 	 3 	 4 	 -2.822862e-17 	 2.122994e-16
1 	 181 	 3 	 4 	 -4.888844e-17 	 1.814284e-16
1 	 182 	 3 	 4 	 -5.446380e-17 	 1.569652e-16
1 	 183 	 3 	 4 	 -6.034076e-17 	 1.322380e-16
1 	 184 	 3 	 4 	 -6.474382e-17 	 1.095458e-16
1 	 185 	 3 	 4 	 -6.371768e-17 	 9.382477e-17
1 	 186 	 3 	 4 	 -6.293680e-17 	 7.787726e-17
1 	 187 	 3 	 4 	 -6.111341e-17 	 6.422089e-17
1 	 188 	 3 	 4 	 -5.760637e-17 	 5.396386e-17
1 	 189 	 3 	 4 	 -5.422747e-17 	 4.351586e-17
1 	 190 	 3 	 4 	 -4.994769e-17 	 3.546353e-17
1 	 191 	 3 	 4 	 -4.477090e-17 	 2.959872e-17
1 	 192 	 3 	 4 	 -3.960187e-17 	 2.357880e-17
1 	 193 	 3 	 4 	 -3.555490e-17 	 1.854259e-17
1 	 194 	 3 	 4 	 -3.236100e-17 	 1.419201e-17
1 	 195 	 3 	 4 	 -2.921976e-17 	 9.712420e-18
1 	 196 	 3 	 4 	 -2.647259e-17 	 6.500872e-18
1 	 197 	 3 	 4 	 -2.398364e-17 	 4.229781e-18
1 	 198 	 3 	 4 	 -2.146300e-17 	 1.875128e-18
1 	 199 	 3 	 4 	 -1.875463e-17 	 4.947977e-19
1 	 200 	 3 	 4 	 -1.585895e-17 	 9.106506e-20
1 	 201 	 3 	 4 	 -1.292529e-17 	 -3.627027e-19
1 	 202 	 3 	 4 	 -1.002863e-17 	 -4.594011e-19
1 	 203 	 3 	 4 	 -7.205044e-18 	 9.222220e-20
1 	 204 	 3 	 4 	 -4.313793e-18 	 6.125985e-19
1 	 205 	 3 	 4 	 2.382284e-18 	 3.253461e-18
1 	 206 	 3 	 4 	 3.077747e-18 	 4.066176e-18
1 	 207 	 3 	 4 	 4.091672e-18 	 4.952335e-18
1 	 208 	 3 	 4 	 5.330083e-18 	 5.889119e-18
1 	 209 	 3 	 4 	 6.580505e-18 	 6.828832e-18
1 	 210 	 3 	 4 	 8.141592e-18 	 7.551284e-18
1 	 211 	 3 	 4 	 1.014040e-17 	 7.953275e-18
1 	 212 	 3 	 4 	 1.215531e-17 	 8.341649e-18
1 	 213 	 3 	 4 	 1.445644e-17 	 8.393966e-18
1 	 214 	 3 	 4 	 1.740303e-17 	 7.672594e-18
1 	 215 	 3 	 4 	 2.037481e-17 	 6.919969e-18
1 	 216 	 3 	 4 	 2.357550e-17 	 5.639179e-18
1 	 217 	 3 	 4 	 2.740090e-17 	 2.821782e-18
1 	 218 	 3 	 4 	 3.125030e-17 	 -7.606728e-20
1 	 219 	 3 	 4 	 3.532639e-17 	 -4.064766e-18
1 	 220 	 3 	 4 	 3.998809e-17 	 -1.090471e-17
1 	 221 	 3 	 4 	 4.466767e-17 	 -1.780540e-17
1 	 222 	 3 	 4 	 4.971346e-17 	 -2.419218e-17
1 	 223 	 3 	 4 	 5.543661e-17 	 -2.962764e-17
1 	 224 	 3 	 4 	 6.112865e-17 	 -3.533645e-17
1 	 225 	 3 	 4 	 6.590254e-17 	 -4.323458e-17
1 	 226 	 3 	 4 	 6.958417e-17 	 -5.350582e-17
1 	 227 	 3 	 4 	 7.315984e-17 	 -6.394334e-17
1 	 228 	 3 	 4 	 7.421953e-17 	 -7.918947e-17
1 	 229 	 3 	 4 	 7.384156e-17 	 -9.702643e-17
1 	 230 	 3 	 4 	 7.324784e-17 	 -1.150769e-16
1 	 231 	 3 	 4 	 6.706038e-17 	 -1.384465e-16
1 	 232 	 3 	 4 	 6.001347e-17 	 -1.624800e-16
1 	 233 	 3 	 4 	 5.051703e-17 	 -1.876848e-16
1 	 234 	 3 	 4 	 3.347814e-17 	 -2.165211e-16
1 	 235 	 3 	 4 	 1.599869e-17 	 -2.453438e-16
1 	 236 	 3 	 4 	 -9.388446e-18 	 -2.777479e-16
1 	 237 	 3 	 4 	 -4.072909e-17 	 -3.127262e-16
1 	 238 	 3 	 4 	 -7.243358e-17 	 -3.475959e-16
1 	 239 	 3 	 4 	 -1.342589e-16 	 -3.856674e-16
1 	 240 	 3 	 4 	 -1.968380e-16 	 -4.235357e-16
1 	 241 	 3 	 4 	 -2.732916e-16 	 -4.567425e-16
1 	 242 	 3 	 4 	 -3.662227e-16 	 -4.843271e-16
1 	 243 	 3 	 4 	 -4.598035e-16 	 -5.115850e-16
1 	 244 	 3 	 4 	 -5.892730e-16 	 -5.130540e-16
1 	 245 	 3 	 4 	 -7.207503e-16 	 -5.130244e-16
1 	 246 	 3 	 4 	 -8.735290e-16 	 -4.885808e-16
1 	 247 	 3 	 4 	 -1.044132e-15 	 -4.431422e-16
1 	 248 	 3 	 4 	 -1.222070e-15 	 -3.850716e-16
1 	 249 	 3 	 4 	 -1.432641e-15 	 -2.697152e-16
1 	 250 	 3 	 4 	 -1.644115e-15 	 -1.517033e-16
1 	 251 	 3 	 4 	 -1.878396e-15 	 5.089016e-17
1 	 252 	 3 	 4 	 -2.117376e-15 	 2.735324e-16
1 	 253 	 3 	 4 	 -2.355933e-15 	 5.727477e-16
1 	 254 	 3 	 4 	 -2.592738e-15 	 9.375525e-16
1 	 255 	 3 	 4 	 -2.814154e-15 	 1.357601e-15
1 	 256 	 3 	 4 	 -3.001983e-15 	 1.894468e-15
1 	 257 	 3 	 4 	 -3.173710e-15 	 2.459148e-15
1 	 258 	 3 	 4 	 -3.247291e-15 	 3.178828e-15
1 	 259 	 3 	 4 	 -3.312929e-15 	 3.907275e-15
1 	 260 	 3 	 4 	 -3.236516e-15 	 4.880103e-15
1 	 261 	 3 	 4 	 -3.143744e-15 	 5.868186e-15
1 	 262 	 3 	 4 	 -2.815805e-15 	 7.271630e-15
1 	 263 	 3 	 4 	 -2.436657e-15 	 8.751148e-15
1 	 264 	 3 	 4 	 -1.597207e-15 	 1.033771e-14
1 	 265 	 3 	 4 	 -6.270611e-16 	 1.195118e-14
1 	 266 	 3 	 4 	 9.019599e-16 	 1.368874e-14
1 	 267 	 3 	 4 	 2.605646e-15 	 1.545791e-14
1 	 268 	 3 	 4 	 5.061141e-15 	 1.725658e-14
1 	 269 	 3 	 4 	 7.737411e-15 	 1.905069e-14
1 	 270 	 3 	 4 	 1.142787e-14 	 2.065641e-14
1 	 271 	 3 	 4 	 1.531069e-14 	 2.220953e-14
1 	 272 	 3 	 4 	 2.046036e-14 	 2.320454e-14
1 	 273 	 3 	 4 	 2.582924e-14 	 2.402485e-14
1 	 274 	 3 	 4 	 3.225684e-14 	 2.397366e-14
1 	 275 	 3 	 4 	 3.929524e-14 	 2.356960e-14
1 	 276 	 3 	 4 	 4.772295e-14 	 2.242924e-14
1 	 277 	 3 	 4 	 5.784723e-14 	 2.023029e-14
1 	 278 	 3 	 4 	 6.958225e-14 	 1.701287e-14
1 	 279 	 3 	 4 	 8.389104e-14 	 1.066393e-14
1 	 280 	 3 	 4 	 9.911350e-14 	 2.871807e-15
1 	 281 	 3 	 4 	 1.154232e-13 	 -1.028893e-14
1 	 282 	 3 	 4 	 1.319494e-13 	 -2.630077e-14
1 	 283 	 3 	 4 	 1.487336e-13 	 -4.667647e-14
1 	 284 	 3 	 4 	 1.657875e-13 	 -7.387074e-14
1 	 285 	 3 	 4 	 1.825717e-13 	 -1.052484e-13
1 	 286 	 3 	 4 	 1.977700e-13 	 -1.464060e-13
1 	 287 	 3 	 4 	 2.105709e-13 	 -1.957600e-13
1 	 288 	 3 	 4 	 2.211362e-13 	 -2.519406e-13
1 	 289 	 3 	 4 	 2.232530e-13 	 -3.228178e-13
1 	 290 	 3 	 4 	 2.186278e-13 	 -4.030779e-13
1 	 291 	 3 	 4 	 2.068030e-13 	 -4.928983e-13
1 	 292 	 3 	 4 	 1.770551e-13 	 -5.991311e-13
1 	 293 	 3 	 4 	 1.334655e-13 	 -7.172056e-13
1 	 294 	 3 	 4 	 7.542488e-14 	 -8.472521e-13
1 	 295 	 3 	 4 	 -3.878085e-15 	 -9.949699e-13
1 	 296 	 3 	 4 	 -1.174889e-13 	 -1.180778e-12
1 	 297 	 3 	 4 	 -2.831001e-13 	 -1.396028e-12
1 	 298 	 3 	 4 	 -5.176178e-13 	 -1.634855e-12
1 	 299 	 3 	 4 	 -8.418464e-13 	 -1.830094e-12
1 	 300 	 3 	 4 	 -1.228080e-12 	 -1.989571e-12
1 	 301 	 3 	 4 	 -1.676463e-12 	 -2.113820e-12
1 	 302 	 3 	 4 	 -2.191426e-12 	 -2.192353e-12
1 	 303 	 3 	 4 	 -2.772817e-12 	 -2.205780e-12
1 	 304 	 3 	 4 	 -3.404979e-12 	 -2.103570e-12
1 	 305 	 3 	 4 	 -4.034680e-12 	 -1.889384e-12
1 	 306 	 3 	 4 	 -4.607432e-12 	 -1.560396e-12
1 	 307 	 3 	 4 	 4.764023e-12 	 1.577273e-12
1 	 308 	 3 	 4 	 4.212256e-12 	 1.910412e-12
1 	 309 	 3 	 4 	 3.596340e-12 	 2.130186e-12
1 	 310 	 3 	 4 	 2.964680e-12 	 2.227810e-12
1 	 311 	 3 	 4 	 2.375494e-12 	 2.210658e-12
1 	 312 	 3 	 4 	 1.866343e-12 	 2.147961e-12
1 	 313 	 3 	 4 	 1.436811e-12 	 2.074861e-12
1 	 314 	 3 	 4 	 1.064130e-12 	 1.979519e-12
1 	 315 	 3 	 4 	 7.090649e-13 	 1.815008e-12
1 	 316 	 3 	 4 	 4.397118e-13 	 1.609451e-12
1 	 317 	 3 	 4 	 2.184766e-13 	 1.395220e-12
1 	 318 	 3 	 4 	 4.383081e-14 	 1.182168e-12
1 	 319 	 3 	 4 	 -7.498337e-14 	 9.818407e-13
1 	 320 	 3 	 4 	 -1.460523e-13 	 8.133629e-13
1 	 321 	 3 	 4 	 -1.953241e-13 	 6.654972e-13
1 	 322 	 3 	 4 	 -2.261055e-13 	 5.369759e-13
1 	 323 	 3 	 4 	 -2.353822e-13 	 4.371586e-13
1 	 324 	 3 	 4 	 -2.374318e-13 	 3.500080e-13
1 	 325 	 3 	 4 	 -2.332796e-13 	 2.737654e-13
1 	 326 	 3 	 4 	 -2.214939e-13 	 2.152895e-13
1 	 327 	 3 	 4 	 -2.078339e-13 	 1.645198e-13
1 	 328 	 3 	 4 	 -1.923645e-13 	 1.208116e-13
1 	 329 	 3 	 4 	 -1.751756e-13 	 8.860619e-14
1 	 330 	 3 	 4 	 -1.583052e-13 	 6.012726e-14
1 	 331 	 3 	 4 	 -1.419032e-13 	 3.775598e-14
1 	 332 	 3 	 4 	 -1.267287e-13 	 2.037922e-14
1 	 333 	 3 	 4 	 -1.120660e-13 	 5.043598e-15
1 	 334 	 3 	 4 	 -1.005885e-13 	 -5.450617e-15
1 	 335 	 3 	 4 	 -8.831584e-14 	 -1.452589e-14
1 	 336 	 3 	 4 	 -7.450579e-14 	 -2.091120e-14
1 	 337 	 3 	 4 	 -6.146980e-14 	 -2.458865e-14
1 	 338 	 3 	 4 	 -4.876801e-14 	 -2.670712e-14
1 	 339 	 3 	 4 	 -3.930235e-14 	 -2.683484e-14
1 	 340 	 3 	 4 	 -3.044071e-14 	 -2.665496e-14
1 	 341 	 3 	 4 	 -2.424651e-14 	 -2.550018e-14
1 	 342 	 3 	 4 	 -1.838778e-14 	 -2.428308e-14
1 	 343 	 3 	 4 	 -1.399247e-14 	 -2.265486e-14
1 	 344 	 3 	 4 	 -1.001211e-14 	 -2.097523e-14
1 	 345 	 3 	 4 	 -6.944929e-15 	 -1.915135e-14
1 	 346 	 3 	 4 	 -4.290906e-15 	 -1.733582e-14
1 	 347 	 3 	 4 	 -2.252201e-15 	 -1.551972e-14
1 	 348 	 3 	 4 	 -5.626958e-16 	 -1.378516e-14
1 	 349 	 3 	 4 	 6.948335e-16 	 -1.214378e-14
1 	 350 	 3 	 4 	 1.718587e-15 	 -1.062084e-14
1 	 351 	 3 	 4 	 2.446614e-15 	 -9.237062e-15
1 	 352 	 3 	 4 	 3.048534e-15 	 -7.980644e-15
1 	 353 	 3 	 4 	 3.455149e-15 	 -6.911236e-15
1 	 354 	 3 	 4 	 3.770532e-15 	 -5.877581e-15
1 	 355 	 3 	 4 	 3.874290e-15 	 -4.916857e-15
1 	 356 	 3 	 4 	 3.920380e-15 	 -3.972412e-15
1 	 357 	 3 	 4 	 3.691777e-15 	 -3.118440e-15
1 	 358 	 3 	 4 	 3.465931e-15 	 -2.261412e-15
1 	 359 	 3 	 4 	 3.187950e-15 	 -1.727148e-15
1 	 360 	 3 	 4 	 2.912858e-15 	 -1.183727e-15
1 	 361 	 3 	 4 	 2.656595e-15 	 -8.205587e-16
1 	 362 	 3 	 4 	 2.405391e-15 	 -4.924088e-16
1 	 363 	 3 	 4 	 2.167116e-15 	 -2.384175e-16
1 	 364 	 3 	 4 	 1.938456e-15 	 -4.228557e-17
1 	 365 	 3 	 4 	 1.717888e-15 	 1.343566e-16
1 	 366 	 3 	 4 	 1.519625e-15 	 2.421219e-16
1 	 367 	 3 	 4 	 1.320268e-15 	 3.541225e-16
1 	 368 	 3 	 4 	 1.159530e-15 	 4.101965e-16
1 	 369 	 3 	 4 	 1.001893e-15 	 4.623917e-16
1 	 370 	 3 	 4 	 8.660866e-16 	 4.988743e-16
1 	 371 	 3 	 4 	 7.527424e-16 	 5.189562e-16
1 	 372 	 3 	 4 	 6.389038e-16 	 5.392620e-16
1 	 373 	 3 	 4 	 5.290263e-16 	 5.231065e-16
1 	 374 	 3 	 4 	 4.173207e-16 	 5.080428e-16
1 	 375 	 3 	 4 	 3.222849e-16 	 4.803913e-16
1 	 376 	 3 	 4 	 2.411336e-16 	 4.417093e-16
1 	 377 	 3 	 4 	 1.584766e-16 	 4.032172e-16
1 	 378 	 3 	 4 	 1.157801e-16 	 3.671794e-16
1 	 379 	 3 	 4 	 7.260445e-17 	 3.313467e-16
1 	 380 	 3 	 4 	 3.684422e-17 	 2.977797e-16
1 	 381 	 3 	 4 	 1.366868e-17 	 2.676071e-16
1 	 382 	 3 	 4 	 -1.014115e-17 	 2.374501e-16
1 	 383 	 3 	 4 	 -2.481421e-17 	 2.111034e-16
1 	 384 	 3 	 4 	 -3.624789e-17 	 1.860870e-16
1 	 385 	 3 	 4 	 -4.807586e-17 	 1.609839e-16
1 	 386 	 3 	 4 	 -5.084980e-17 	 1.422444e-16
1 	 387 	 3 	 4 	 -5.390465e-17 	 1.233145e-16
1 	 388 	 3 	 4 	 -5.613890e-17 	 1.055967e-16
1 	 389 	 3 	 4 	 -5.506098e-17 	 9.219355e-17
1 	 390 	 3 	 4 	 -5.413665e-17 	 7.865500e-17
1 	 391 	 3 	 4 	 -5.325449e-17 	 6.578043e-17
1 	 392 	 3 	 4 	 -5.239144e-17 	 5.387709e-17
1 	 393 	 3 	 4 	 -5.167172e-17 	 4.183233e-17
1 	 394 	 3 	 4 	 -4.936296e-17 	 3.252300e-17
1 	 395 	 3 	 4 	 -4.552898e-17 	 2.568204e-17
1 	 396 	 3 	 4 	 -4.171183e-17 	 1.869295e-17
1 	 397 	 3 	 4 	 -3.768139e-17 	 1.391588e-17
1 	 398 	 3 	 4 	 -3.348339e-17 	 1.073715e-17
1 	 399 	 3 	 4 	 -2.928083e-17 	 7.448421e-18
1 	 400 	 3 	 4 	 -2.501516e-17 	 5.423415e-18
1 	 401 	 3 	 4 	 -2.065664e-17 	 4.334932e-18
1 	 402 	 3 	 4 	 -1.623148e-17 	 3.166771e-18
1 	 403 	 3 	 4 	 -1.260041e-17 	 2.409064e-18
1 	 404 	 3 	 4 	 -9.766497e-18 	 2.051215e-18
1 	 405 	 3 	 4 	 -6.886916e-18 	 1.632384e-18
1 	 406 	 3 	 4 	 -4.897273e-18 	 1.271987e-18
1 	 407 	 3 	 4 	 -4.464025e-18 	 1.065380e-18
1 	 408 	 3 	 4 	 -4.052292e-18 	 8.297566e-19
1 	 1 	 3 	 5 	 -2.105045e-19 	 -3.600864e-19
1 	 2 	 3 	 5 	 -7.315467e-19 	 -6.558240e-20
1 	 3 	 3 	 5 	 -1.047635e-18 	 1.488412e-19
1 	 4 	 3 	 5 	 -1.222170e-18 	 3.088899e-19
1 	 5 	 3 	 5 	 -1.394454e-18 	 4.717177e-19
1 	 6 	 3 	 5 	 -1.516172e-18 	 7.278179e-19
1 	 7 	 3 	 5 	 -1.566713e-18 	 1.116625e-18
1 	 8 	 3 	 5 	 -1.614128e-18 	 1.510604e-18
1 	 9 	 3 	 5 	 -1.483633e-18 	 1.871539e-18
1 	 10 	 3 	 5 	 -9.358141e-19 	 2.134902e-18
1 	 11 	 3 	 5 	 -3.743195e-19 	 2.391129e-18
1 	 12 	 3 	 5 	 1.687531e-19 	 2.853541e-18
1 	 13 	 3 	 5 	 6.353091e-19 	 3.949842e-18
1 	 14 	 3 	 5 	 1.116443e-18 	 5.046713e-18
1 	 15 	 3 	 5 	 1.709478e-18 	 6.296043e-18
1 	 16 	 3 	 5 	 2.580469e-18 	 7.982501e-18
1 	 17 	 3 	 5 	 3.467480e-18 	 9.689392e-18
1 	 18 	 3 	 5 	 4.695472e-18 	 1.144235e-17
1 	 19 	 3 	 5 	 6.598844e-18 	 1.324797e-17
1 	 20 	 3 	 5 	 8.544497e-18 	 1.504952e-17
1 	 21 	 3 	 5 	 1.149158e-17 	 1.630349e-17
1 	 22 	 3 	 5 	 1.557963e-17 	 1.691091e-17
1 	 23 	 3 	 5 	 1.972485e-17 	 1.747646e-17
1 	 24 	 3 	 5 	 2.519876e-17 	 1.689154e-17
1 	 25 	 3 	 5 	 3.137534e-17 	 1.566151e-17
1 	 26 	 3 	 5 	 3.759514e-17 	 1.435360e-17
1 	 27 	 3 	 5 	 4.614107e-17 	 9.931314e-18
1 	 28 	 3 	 5 	 5.487619e-17 	 5.153220e-18
1 	 29 	 3 	 5 	 6.396227e-17 	 -3.378928e-19
1 	 30 	 3 	 5 	 7.434120e-17 	 -8.317543e-18
1 	 31 	 3 	 5 	 8.479519e-17 	 -1.654408e-17
1 	 32 	 3 	 5 	 9.451366e-17 	 -2.831138e-17
1 	 33 	 3 	 5 	 1.036245e-16 	 -4.279710e-17
1 	 34 	 3 	 5 	 1.127077e-16 	 -5.761010e-17
1 	 35 	 3 	 5 	 1.178588e-16 	 -8.344194e-17
1 	 36 	 3 	 5 	 1.226986e-16 	 -1.098150e-16
1 	 37 	 3 	 5 	 1.232976e-16 	 -1.419491e-16
1 	 38 	 3 	 5 	 1.187285e-16 	 -1.808223e-16
1 	 39 	 3 	 5 	 1.136317e-16 	 -2.200333e-16
1 	 40 	 3 	 5 	 9.224295e-17 	 -2.714285e-16
1 	 41 	 3 	 5 	 6.979767e-17 	 -3.232713e-16
1 	 42 	 3 	 5 	 3.184337e-17 	 -3.799269e-16
1 	 43 	 3 	 5 	 -1.936760e-17 	 -4.405190e-16
1 	 44 	 3 	 5 	 -7.770881e-17 	 -5.009324e-16
1 	 45 	 3 	 5 	 -1.685869e-16 	 -5.599205e-16
1 	 46 	 3 	 5 	 -2.614012e-16 	 -6.185061e-16
1 	 47 	 3 	 5 	 -3.903521e-16 	 -6.619548e-16
1 	 48 	 3 	 5 	 -5.283200e-16 	 -7.013180e-16
1 	 49 	 3 	 5 	 -6.865692e-16 	 -7.225703e-16
1 	 50 	 3 	 5 	 -8.613623e-16 	 -7.276444e-16
1 	 51 	 3 	 5 	 -1.080957e-15 	 -7.168604e-16
1 	 52 	 3 	 5 	 -1.399024e-15 	 -6.735923e-16
1 	 53 	 3 	 5 	 -1.737381e-15 	 -6.080173e-16
1 	 54 	 3 	 5 	 -2.199260e-15 	 -4.039950e-16
1 	 55 	 3 	 5 	 -2.666123e-15 	 -1.913675e-16
1 	 56 	 3 	 5 	 -3.109566e-15 	 2.404864e-16
1 	 57 	 3 	 5 	 -3.550887e-15 	 6.895692e-16
1 	 58 	 3 	 5 	 -3.989254e-15 	 1.401205e-15
1 	 59 	 3 	 5 	 -4.423282e-15 	 2.164155e-15
1 	 60 	 3 	 5 	 -4.761996e-15 	 3.245373e-15
1 	 61 	 3 	 5 	 -5.066049e-15 	 4.418250e-15
1 	 62 	 3 	 5 	 -5.140471e-15 	 5.967469e-15
1 	 63 	 3 	 5 	 -5.138702e-15 	 7.627710e-15
1 	 64 	 3 	 5 	 -4.698470e-15 	 9.670263e-15
1 	 65 	 3 	 5 	 -4.133079e-15 	 1.181097e-14
1 	 66 	 3 	 5 	 -2.867109e-15 	 1.428873e-14
1 	 67 	 3 	 5 	 -1.466200e-15 	 1.681321e-14
1 	 68 	 3 	 5 	 1.204582e-15 	 2.036236e-14
1 	 69 	 3 	 5 	 4.185817e-15 	 2.393733e-14
1 	 70 	 3 	 5 	 8.833702e-15 	 2.743807e-14
1 	 71 	 3 	 5 	 1.443142e-14 	 3.096930e-14
1 	 72 	 3 	 5 	 2.211745e-14 	 3.457293e-14
1 	 73 	 3 	 5 	 3.148928e-14 	 3.728502e-14
1 	 74 	 3 	 5 	 4.243436e-14 	 3.912164e-14
1 	 75 	 3 	 5 	 5.646395e-14 	 3.897556e-14
1 	 76 	 3 	 5 	 7.178137e-14 	 3.785367e-14
1 	 77 	 3 	 5 	 9.136449e-14 	 3.260758e-14
1 	 78 	 3 	 5 	 1.127621e-13 	 2.444117e-14
1 	 79 	 3 	 5 	 1.368804e-13 	 1.175309e-14
1 	 80 	 3 	 5 	 1.638322e-13 	 -8.495746e-15
1 	 81 	 3 	 5 	 1.918094e-13 	 -3.341074e-14
1 	 82 	 3 	 5 	 2.198891e-13 	 -6.894557e-14
1 	 83 	 3 	 5 	 2.490781e-13 	 -1.144000e-13
1 	 84 	 3 	 5 	 2.788538e-13 	 -1.683187e-13
1 	 85 	 3 	 5 	 3.119401e-13 	 -2.492340e-13
1 	 86 	 3 	 5 	 3.501449e-13 	 -3.677823e-13
1 	 87 	 3 	 5 	 3.921991e-13 	 -5.250237e-13
1 	 88 	 3 	 5 	 3.863947e-13 	 -7.111917e-13
1 	 89 	 3 	 5 	 3.495704e-13 	 -9.400095e-13
1 	 90 	 3 	 5 	 2.741832e-13 	 -1.212041e-12
1 	 91 	 3 	 5 	 1.181482e-13 	 -1.547048e-12
1 	 92 	 3 	 5 	 -1.579659e-13 	 -1.951854e-12
1 	 93 	 3 	 5 	 -5.739235e-13 	 -2.405129e-12
1 	 94 	 3 	 5 	 -1.166737e-12 	 -2.898562e-12
1 	 95 	 3 	 5 	 -2.112032e-12 	 -3.408816e-12
1 	 96 	 3 	 5 	 -3.470461e-12 	 -3.825863e-12
1 	 97 	 3 	 5 	 -5.315072e-12 	 -4.025331e-12
1 	 98 	 3 	 5 	 -7.738217e-12 	 -3.813259e-12
1 	 99 	 3 	 5 	 -1.082750e-11 	 -2.884321e-12
1 	 100 	 3 	 5 	 -1.459726e-11 	 -7.560753e-15
1 	 101 	 3 	 5 	 -1.833640e-11 	 5.963499e-12
1 	 102 	 3 	 5 	 -2.067291e-11 	 1.770376e-11
1 	 103 	 3 	 5 	 2.625670e-11 	 -1.287234e-11
1 	 104 	 3 	 5 	 2.172739e-11 	 -3.293631e-12
1 	 105 	 3 	 5 	 1.674569e-11 	 1.791751e-12
1 	 106 	 3 	 5 	 1.233235e-11 	 4.236765e-12
1 	 107 	 3 	 5 	 8.712072e-12 	 4.855224e-12
1 	 108 	 3 	 5 	 5.904981e-12 	 4.771295e-12
1 	 109 	 3 	 5 	 3.820825e-12 	 4.357432e-12
1 	 110 	 3 	 5 	 2.336405e-12 	 3.799228e-12
1 	 111 	 3 	 5 	 1.312965e-12 	 3.196801e-12
1 	 112 	 3 	 5 	 6.907543e-13 	 2.646659e-12
1 	 113 	 3 	 5 	 2.483804e-13 	 2.153095e-12
1 	 114 	 3 	 5 	 -5.279676e-14 	 1.716311e-12
1 	 115 	 3 	 5 	 -2.327909e-13 	 1.347433e-12
1 	 116 	 3 	 5 	 -3.208371e-13 	 1.054010e-12
1 	 117 	 3 	 5 	 -3.710687e-13 	 8.065009e-13
1 	 118 	 3 	 5 	 -3.907662e-13 	 6.018091e-13
1 	 119 	 3 	 5 	 -3.924370e-13 	 4.677075e-13
1 	 120 	 3 	 5 	 -3.791812e-13 	 3.463549e-13
1 	 121 	 3 	 5 	 -3.528799e-13 	 2.361357e-13
1 	 122 	 3 	 5 	 -3.128977e-13 	 1.570616e-13
1 	 123 	 3 	 5 	 -2.715088e-13 	 9.266249e-14
1 	 124 	 3 	 5 	 -2.286698e-13 	 4.171412e-14
1 	 125 	 3 	 5 	 -1.912561e-13 	 1.226228e-14
1 	 126 	 3 	 5 	 -1.567939e-13 	 -1.143642e-14
1 	 127 	 3 	 5 	 -1.271634e-13 	 -2.588494e-14
1 	 128 	 3 	 5 	 -1.027924e-13 	 -3.411436e-14
1 	 129 	 3 	 5 	 -8.066514e-14 	 -3.987332e-14
1 	 130 	 3 	 5 	 -6.409221e-14 	 -4.092272e-14
1 	 131 	 3 	 5 	 -4.907829e-14 	 -4.108518e-14
1 	 132 	 3 	 5 	 -3.693360e-14 	 -3.944104e-14
1 	 133 	 3 	 5 	 -2.709902e-14 	 -3.695994e-14
1 	 134 	 3 	 5 	 -1.856255e-14 	 -3.399318e-14
1 	 135 	 3 	 5 	 -1.250595e-14 	 -3.059482e-14
1 	 136 	 3 	 5 	 -6.870616e-15 	 -2.714594e-14
1 	 137 	 3 	 5 	 -3.302171e-15 	 -2.376635e-14
1 	 138 	 3 	 5 	 6.461000e-18 	 -2.049024e-14
1 	 139 	 3 	 5 	 2.090892e-15 	 -1.760538e-14
1 	 140 	 3 	 5 	 3.886096e-15 	 -1.490814e-14
1 	 141 	 3 	 5 	 5.034322e-15 	 -1.260232e-14
1 	 142 	 3 	 5 	 5.791949e-15 	 -1.031997e-14
1 	 143 	 3 	 5 	 5.961273e-15 	 -8.047846e-15
1 	 144 	 3 	 5 	 5.901267e-15 	 -6.077474e-15
1 	 145 	 3 	 5 	 5.539019e-15 	 -4.469840e-15
1 	 146 	 3 	 5 	 5.142532e-15 	 -3.143706e-15
1 	 147 	 3 	 5 	 4.696758e-15 	 -2.172901e-15
1 	 148 	 3 	 5 	 4.248261e-15 	 -1.350996e-15
1 	 149 	 3 	 5 	 3.786351e-15 	 -7.533936e-16
1 	 150 	 3 	 5 	 3.336375e-15 	 -2.318534e-16
1 	 151 	 3 	 5 	 2.907266e-15 	 1.124116e-16
1 	 152 	 3 	 5 	 2.489709e-15 	 4.273947e-16
1 	 153 	 3 	 5 	 2.122282e-15 	 5.923686e-16
1 	 154 	 3 	 5 	 1.755923e-15 	 7.601636e-16
1 	 155 	 3 	 5 	 1.470728e-15 	 8.143362e-16
1 	 156 	 3 	 5 	 1.182576e-15 	 8.733612e-16
1 	 157 	 3 	 5 	 9.671766e-16 	 8.882005e-16
1 	 158 	 3 	 5 	 7.661113e-16 	 8.962082e-16
1 	 159 	 3 	 5 	 5.837841e-16 	 8.658716e-16
1 	 160 	 3 	 5 	 4.145988e-16 	 8.039953e-16
1 	 161 	 3 	 5 	 2.602068e-16 	 7.362289e-16
1 	 162 	 3 	 5 	 1.574104e-16 	 6.483768e-16
1 	 163 	 3 	 5 	 5.212133e-17 	 5.602884e-16
1 	 164 	 3 	 5 	 -1.383178e-18 	 4.891321e-16
1 	 165 	 3 	 5 	 -5.015829e-17 	 4.197194e-16
1 	 166 	 3 	 5 	 -8.467471e-17 	 3.583338e-16
1 	 167 	 3 	 5 	 -1.044627e-16 	 3.049311e-16
1 	 168 	 3 	 5 	 -1.242685e-16 	 2.519032e-16
1 	 169 	 3 	 5 	 -1.275901e-16 	 2.126070e-16
1 	 170 	 3 	 5 	 -1.315375e-16 	 1.729482e-16
1 	 171 	 3 	 5 	 -1.307836e-16 	 1.397423e-16
1 	 172 	 3 	 5 	 -1.259649e-16 	 1.118391e-16
1 	 173 	 3 	 5 	 -1.215106e-16 	 8.345086e-17
1 	 174 	 3 	 5 	 -1.129030e-16 	 6.538317e-17
1 	 175 	 3 	 5 	 -1.043783e-16 	 4.702835e-17
1 	 176 	 3 	 5 	 -9.595134e-17 	 3.162176e-17
1 	 177 	 3 	 5 	 -8.756289e-17 	 2.128306e-17
1 	 178 	 3 	 5 	 -7.925416e-17 	 1.072555e-17
1 	 179 	 3 	 5 	 -7.046791e-17 	 2.674156e-18
1 	 180 	 3 	 5 	 -6.146002e-17 	 -4.577768e-18
1 	 181 	 3 	 5 	 -5.243965e-17 	 -1.204674e-17
1 	 182 	 3 	 5 	 -4.501768e-17 	 -1.411322e-17
1 	 183 	 3 	 5 	 -3.751679e-17 	 -1.628783e-17
1 	 184 	 3 	 5 	 -3.059740e-17 	 -1.795120e-17
1 	 185 	 3 	 5 	 -2.571558e-17 	 -1.767823e-17
1 	 186 	 3 	 5 	 -2.074817e-17 	 -1.749526e-17
1 	 187 	 3 	 5 	 -1.651675e-17 	 -1.693610e-17
1 	 188 	 3 	 5 	 -1.338618e-17 	 -1.576518e-17
1 	 189 	 3 	 5 	 -1.018581e-17 	 -1.463716e-17
1 	 190 	 3 	 5 	 -7.560033e-18 	 -1.323016e-17
1 	 191 	 3 	 5 	 -5.448965e-18 	 -1.154329e-17
1 	 192 	 3 	 5 	 -3.264923e-18 	 -9.858849e-18
1 	 193 	 3 	 5 	 -1.825122e-18 	 -8.532873e-18
1 	 194 	 3 	 5 	 -9.474774e-19 	 -7.469827e-18
1 	 195 	 3 	 5 	 -4.798016e-20 	 -6.413118e-18
1 	 196 	 3 	 5 	 3.921216e-19 	 -5.564992e-18
1 	 197 	 3 	 5 	 4.906043e-19 	 -4.860280e-18
1 	 198 	 3 	 5 	 6.180582e-19 	 -4.140620e-18
1 	 199 	 3 	 5 	 6.753551e-19 	 -3.386288e-18
1 	 200 	 3 	 5 	 6.541923e-19 	 -2.597775e-18
1 	 201 	 3 	 5 	 6.486573e-19 	 -1.793542e-18
1 	 202 	 3 	 5 	 6.191713e-19 	 -9.858979e-19
1 	 203 	 3 	 5 	 5.364774e-19 	 -1.804406e-19
1 	 204 	 3 	 5 	 4.674597e-19 	 6.474570e-19
1 	 205 	 3 	 5 	 -2.191444e-21 	 -5.970443e-19
1 	 206 	 3 	 5 	 -2.251882e-19 	 -4.542937e-19
1 	 207 	 3 	 5 	 -5.141649e-19 	 -2.091284e-19
1 	 208 	 3 	 5 	 -8.494083e-19 	 1.095552e-19
1 	 209 	 3 	 5 	 -1.187033e-18 	 4.344206e-19
1 	 210 	 3 	 5 	 -1.484480e-18 	 8.156760e-19
1 	 211 	 3 	 5 	 -1.720606e-18 	 1.273014e-18
1 	 212 	 3 	 5 	 -1.954206e-18 	 1.734768e-18
1 	 213 	 3 	 5 	 -2.093381e-18 	 2.252061e-18
1 	 214 	 3 	 5 	 -2.013632e-18 	 2.893200e-18
1 	 215 	 3 	 5 	 -1.927664e-18 	 3.541634e-18
1 	 216 	 3 	 5 	 -1.673568e-18 	 4.200547e-18
1 	 217 	 3 	 5 	 -9.222241e-19 	 4.870944e-18
1 	 218 	 3 	 5 	 -1.506665e-19 	 5.544690e-18
1 	 219 	 3 	 5 	 9.851955e-19 	 6.074948e-18
1 	 220 	 3 	 5 	 3.084123e-18 	 6.232501e-18
1 	 221 	 3 	 5 	 5.196797e-18 	 6.418728e-18
1 	 222 	 3 	 5 	 6.995031e-18 	 7.371833e-18
1 	 223 	 3 	 5 	 8.201642e-18 	 9.773034e-18
1 	 224 	 3 	 5 	 9.498283e-18 	 1.212589e-17
1 	 225 	 3 	 5 	 1.142739e-17 	 1.426913e-17
1 	 226 	 3 	 5 	 1.404193e-17 	 1.620045e-17
1 	 227 	 3 	 5 	 1.671714e-17 	 1.811020e-17
1 	 228 	 3 	 5 	 2.112862e-17 	 1.860018e-17
1 	 229 	 3 	 5 	 2.647527e-17 	 1.829741e-17
1 	 230 	 3 	 5 	 3.189867e-17 	 1.791039e-17
1 	 231 	 3 	 5 	 3.910565e-17 	 1.531078e-17
1 	 232 	 3 	 5 	 4.653395e-17 	 1.237297e-17
1 	 233 	 3 	 5 	 5.431174e-17 	 8.424825e-18
1 	 234 	 3 	 5 	 6.316239e-17 	 1.319733e-18
1 	 235 	 3 	 5 	 7.199384e-17 	 -5.966248e-18
1 	 236 	 3 	 5 	 8.157076e-17 	 -1.676692e-17
1 	 237 	 3 	 5 	 9.165926e-17 	 -3.023719e-17
1 	 238 	 3 	 5 	 1.016859e-16 	 -4.388902e-17
1 	 239 	 3 	 5 	 1.096999e-16 	 -6.664564e-17
1 	 240 	 3 	 5 	 1.175488e-16 	 -8.962552e-17
1 	 241 	 3 	 5 	 1.222856e-16 	 -1.184899e-16
1 	 242 	 3 	 5 	 1.232840e-16 	 -1.543642e-16
1 	 243 	 3 	 5 	 1.240718e-16 	 -1.904746e-16
1 	 244 	 3 	 5 	 1.099468e-16 	 -2.382909e-16
1 	 245 	 3 	 5 	 9.494376e-17 	 -2.867557e-16
1 	 246 	 3 	 5 	 6.638121e-17 	 -3.408555e-16
1 	 247 	 3 	 5 	 2.619348e-17 	 -3.995884e-16
1 	 248 	 3 	 5 	 -2.078448e-17 	 -4.593606e-16
1 	 249 	 3 	 5 	 -9.852740e-17 	 -5.233519e-16
1 	 250 	 3 	 5 	 -1.776428e-16 	 -5.872811e-16
1 	 251 	 3 	 5 	 -2.991674e-16 	 -6.445095e-16
1 	 252 	 3 	 5 	 -4.306736e-16 	 -6.998154e-16
1 	 253 	 3 	 5 	 -5.972679e-16 	 -7.378066e-16
1 	 254 	 3 	 5 	 -7.936729e-16 	 -7.602069e-16
1 	 255 	 3 	 5 	 -1.012207e-15 	 -7.615751e-16
1 	 256 	 3 	 5 	 -1.277175e-15 	 -7.177962e-16
1 	 257 	 3 	 5 	 -1.551164e-15 	 -6.586968e-16
1 	 258 	 3 	 5 	 -1.872925e-15 	 -5.095732e-16
1 	 259 	 3 	 5 	 -2.196835e-15 	 -3.540312e-16
1 	 260 	 3 	 5 	 -2.587845e-15 	 -5.546132e-17
1 	 261 	 3 	 5 	 -2.981163e-15 	 2.560531e-16
1 	 262 	 3 	 5 	 -3.477095e-15 	 8.110031e-16
1 	 263 	 3 	 5 	 -3.989047e-15 	 1.415154e-15
1 	 264 	 3 	 5 	 -4.402904e-15 	 2.288489e-15
1 	 265 	 3 	 5 	 -4.786482e-15 	 3.237614e-15
1 	 266 	 3 	 5 	 -5.012281e-15 	 4.512384e-15
1 	 267 	 3 	 5 	 -5.184776e-15 	 5.886921e-15
1 	 268 	 3 	 5 	 -5.050774e-15 	 7.644892e-15
1 	 269 	 3 	 5 	 -4.819236e-15 	 9.510997e-15
1 	 270 	 3 	 5 	 -4.028844e-15 	 1.179321e-14
1 	 271 	 3 	 5 	 -3.122337e-15 	 1.414770e-14
1 	 272 	 3 	 5 	 -1.315576e-15 	 1.686008e-14
1 	 273 	 3 	 5 	 6.943936e-16 	 1.959485e-14
1 	 274 	 3 	 5 	 3.703753e-15 	 2.240988e-14
1 	 275 	 3 	 5 	 7.212809e-15 	 2.530387e-14
1 	 276 	 3 	 5 	 1.181989e-14 	 2.840396e-14
1 	 277 	 3 	 5 	 1.782844e-14 	 3.165507e-14
1 	 278 	 3 	 5 	 2.517552e-14 	 3.503895e-14
1 	 279 	 3 	 5 	 3.545179e-14 	 3.779301e-14
1 	 280 	 3 	 5 	 4.694468e-14 	 4.011870e-14
1 	 281 	 3 	 5 	 6.178563e-14 	 3.971810e-14
1 	 282 	 3 	 5 	 7.815907e-14 	 3.755633e-14
1 	 283 	 3 	 5 	 9.682898e-14 	 3.265035e-14
1 	 284 	 3 	 5 	 1.187793e-13 	 2.316983e-14
1 	 285 	 3 	 5 	 1.424448e-13 	 1.062483e-14
1 	 286 	 3 	 5 	 1.693543e-13 	 -9.647730e-15
1 	 287 	 3 	 5 	 1.980690e-13 	 -3.702797e-14
1 	 288 	 3 	 5 	 2.281001e-13 	 -7.047546e-14
1 	 289 	 3 	 5 	 2.580882e-13 	 -1.188672e-13
1 	 290 	 3 	 5 	 2.867562e-13 	 -1.774988e-13
1 	 291 	 3 	 5 	 3.137761e-13 	 -2.467414e-13
1 	 292 	 3 	 5 	 3.332310e-13 	 -3.368134e-13
1 	 293 	 3 	 5 	 3.460218e-13 	 -4.423466e-13
1 	 294 	 3 	 5 	 3.514318e-13 	 -5.637130e-13
1 	 295 	 3 	 5 	 3.451981e-13 	 -7.081614e-13
1 	 296 	 3 	 5 	 3.253872e-13 	 -8.957096e-13
1 	 297 	 3 	 5 	 2.754529e-13 	 -1.128655e-12
1 	 298 	 3 	 5 	 1.798266e-13 	 -1.410635e-12
1 	 299 	 3 	 5 	 -7.842479e-15 	 -1.702343e-12
1 	 300 	 3 	 5 	 -2.700238e-13 	 -1.995236e-12
1 	 301 	 3 	 5 	 -6.090224e-13 	 -2.287078e-12
1 	 302 	 3 	 5 	 -1.035922e-12 	 -2.568470e-12
1 	 303 	 3 	 5 	 -1.560533e-12 	 -2.821328e-12
1 	 304 	 3 	 5 	 -2.196173e-12 	 -2.991194e-12
1 	 305 	 3 	 5 	 -2.891362e-12 	 -3.054627e-12
1 	 306 	 3 	 5 	 -3.595666e-12 	 -2.983352e-12
1 	 307 	 3 	 5 	 3.811217e-12 	 3.002944e-12
1 	 308 	 3 	 5 	 3.129671e-12 	 3.091909e-12
1 	 309 	 3 	 5 	 2.444115e-12 	 3.049488e-12
1 	 310 	 3 	 5 	 1.804527e-12 	 2.890279e-12
1 	 311 	 3 	 5 	 1.264581e-12 	 2.644409e-12
1 	 312 	 3 	 5 	 8.258930e-13 	 2.390368e-12
1 	 313 	 3 	 5 	 4.701178e-13 	 2.156816e-12
1 	 314 	 3 	 5 	 1.786665e-13 	 1.925408e-12
1 	 315 	 3 	 5 	 -6.740490e-14 	 1.642896e-12
1 	 316 	 3 	 5 	 -2.178412e-13 	 1.366715e-12
1 	 317 	 3 	 5 	 -3.198460e-13 	 1.105381e-12
1 	 318 	 3 	 5 	 -3.803043e-13 	 8.662772e-13
1 	 319 	 3 	 5 	 -3.980665e-13 	 6.631989e-13
1 	 320 	 3 	 5 	 -3.883322e-13 	 5.070689e-13
1 	 321 	 3 	 5 	 -3.689286e-13 	 3.768672e-13
1 	 322 	 3 	 5 	 -3.421234e-13 	 2.700402e-13
1 	 323 	 3 	 5 	 -3.098433e-13 	 1.948874e-13
1 	 324 	 3 	 5 	 -2.771964e-13 	 1.324855e-13
1 	 325 	 3 	 5 	 -2.442220e-13 	 8.105991e-14
1 	 326 	 3 	 5 	 -2.128574e-13 	 4.631244e-14
1 	 327 	 3 	 5 	 -1.833411e-13 	 1.802713e-14
1 	 328 	 3 	 5 	 -1.554356e-13 	 -4.276839e-15
1 	 329 	 3 	 5 	 -1.312781e-13 	 -1.751685e-14
1 	 330 	 3 	 5 	 -1.089171e-13 	 -2.829197e-14
1 	 331 	 3 	 5 	 -8.948948e-14 	 -3.498416e-14
1 	 332 	 3 	 5 	 -7.305366e-14 	 -3.877474e-14
1 	 333 	 3 	 5 	 -5.784194e-14 	 -4.137486e-14
1 	 334 	 3 	 5 	 -4.664351e-14 	 -4.209411e-14
1 	 335 	 3 	 5 	 -3.580878e-14 	 -4.165219e-14
1 	 336 	 3 	 5 	 -2.564439e-14 	 -3.896985e-14
1 	 337 	 3 	 5 	 -1.735766e-14 	 -3.519253e-14
1 	 338 	 3 	 5 	 -1.009536e-14 	 -3.073287e-14
1 	 339 	 3 	 5 	 -5.542586e-15 	 -2.666285e-14
1 	 340 	 3 	 5 	 -1.458768e-15 	 -2.269737e-14
1 	 341 	 3 	 5 	 7.785780e-16 	 -1.944893e-14
1 	 342 	 3 	 5 	 2.821634e-15 	 -1.632661e-14
1 	 343 	 3 	 5 	 3.939233e-15 	 -1.369624e-14
1 	 344 	 3 	 5 	 4.837128e-15 	 -1.124221e-14
1 	 345 	 3 	 5 	 5.234381e-15 	 -9.164104e-15
1 	 346 	 3 	 5 	 5.453430e-15 	 -7.291714e-15
1 	 347 	 3 	 5 	 5.399597e-15 	 -5.720824e-15
1 	 348 	 3 	 5 	 5.239903e-15 	 -4.353437e-15
1 	 349 	 3 	 5 	 4.944904e-15 	 -3.235273e-15
1 	 350 	 3 	 5 	 4.614283e-15 	 -2.275892e-15
1 	 351 	 3 	 5 	 4.232806e-15 	 -1.514028e-15
1 	 352 	 3 	 5 	 3.861446e-15 	 -8.583189e-16
1 	 353 	 3 	 5 	 3.500621e-15 	 -3.639548e-16
1 	 354 	 3 	 5 	 3.131069e-15 	 7.183045e-17
1 	 355 	 3 	 5 	 2.736208e-15 	 3.744834e-16
1 	 356 	 3 	 5 	 2.337478e-15 	 6.446677e-16
1 	 357 	 3 	 5 	 1.923714e-15 	 7.550327e-16
1 	 358 	 3 	 5 	 1.509291e-15 	 8.678155e-16
1 	 359 	 3 	 5 	 1.227259e-15 	 8.682135e-16
1 	 360 	 3 	 5 	 9.415247e-16 	 8.723012e-16
1 	 361 	 3 	 5 	 7.405267e-16 	 8.394170e-16
1 	 362 	 3 	 5 	 5.560857e-16 	 7.997653e-16
1 	 363 	 3 	 5 	 4.082147e-16 	 7.493406e-16
1 	 364 	 3 	 5 	 2.887837e-16 	 6.902020e-16
1 	 365 	 3 	 5 	 1.796968e-16 	 6.308308e-16
1 	 366 	 3 	 5 	 1.063478e-16 	 5.677771e-16
1 	 367 	 3 	 5 	 3.084287e-17 	 5.049482e-16
1 	 368 	 3 	 5 	 -1.291418e-17 	 4.485918e-16
1 	 369 	 3 	 5 	 -5.438288e-17 	 3.927416e-16
1 	 370 	 3 	 5 	 -8.540482e-17 	 3.431806e-16
1 	 371 	 3 	 5 	 -1.055245e-16 	 2.999836e-16
1 	 372 	 3 	 5 	 -1.258323e-16 	 2.566701e-16
1 	 373 	 3 	 5 	 -1.303427e-16 	 2.142900e-16
1 	 374 	 3 	 5 	 -1.355213e-16 	 1.712710e-16
1 	 375 	 3 	 5 	 -1.340838e-16 	 1.344803e-16
1 	 376 	 3 	 5 	 -1.268900e-16 	 1.028453e-16
1 	 377 	 3 	 5 	 -1.199288e-16 	 7.064502e-17
1 	 378 	 3 	 5 	 -1.098248e-16 	 5.355549e-17
1 	 379 	 3 	 5 	 -9.981633e-17 	 3.626041e-17
1 	 380 	 3 	 5 	 -9.010932e-17 	 2.194051e-17
1 	 381 	 3 	 5 	 -8.073638e-17 	 1.267383e-17
1 	 382 	 3 	 5 	 -7.139489e-17 	 3.150324e-18
1 	 383 	 3 	 5 	 -6.300541e-17 	 -2.700760e-18
1 	 384 	 3 	 5 	 -5.493704e-17 	 -7.247426e-18
1 	 385 	 3 	 5 	 -4.684276e-17 	 -1.195170e-17
1 	 386 	 3 	 5 	 -4.047708e-17 	 -1.318457e-17
1 	 387 	 3 	 5 	 -3.403634e-17 	 -1.453005e-17
1 	 388 	 3 	 5 	 -2.797970e-17 	 -1.554852e-17
1 	 389 	 3 	 5 	 -2.331529e-17 	 -1.524333e-17
1 	 390 	 3 	 5 	 -1.858156e-17 	 -1.499670e-17
1 	 391 	 3 	 5 	 -1.458131e-17 	 -1.467178e-17
1 	 392 	 3 	 5 	 -1.170446e-17 	 -1.419844e-17
1 	 393 	 3 	 5 	 -8.772374e-18 	 -1.377206e-17
1 	 394 	 3 	 5 	 -6.538359e-18 	 -1.292831e-17
1 	 395 	 3 	 5 	 -4.933317e-18 	 -1.167576e-17
1 	 396 	 3 	 5 	 -3.270705e-18 	 -1.042519e-17
1 	 397 	 3 	 5 	 -2.113272e-18 	 -9.144731e-18
1 	 398 	 3 	 5 	 -1.322886e-18 	 -7.836091e-18
1 	 399 	 3 	 5 	 -4.934120e-19 	 -6.520495e-18
1 	 400 	 3 	 5 	 9.294348e-20 	 -5.186770e-18
1 	 401 	 3 	 5 	 5.043479e-19 	 -3.824621e-18
1 	 402 	 3 	 5 	 9.509140e-19 	 -2.437606e-18
1 	 403 	 3 	 5 	 1.173838e-18 	 -1.334851e-18
1 	 404 	 3 	 5 	 1.165146e-18 	 -5.127616e-19
1 	 405 	 3 	 5 	 1.172846e-18 	 3.285968e-19
1 	 406 	 3 	 5 	 1.042367e-18 	 8.483592e-19
1 	 407 	 3 	 5 	 6.541228e-19 	 8.048577e-19
1 	 408 	 3 	 5 	 2.578495e-19 	 7.584884e-19
1 	 1 	 3 	 6 	 3.844874e-19 	 -3.699405e-20
1 	 2 	 3 	 6 	 1.755534e-19 	 -1.259713e-19
1 	 3 	 3 	 6 	 8.823165e-20 	 -2.088890e-19
1 	 4 	 3 	 6 	 8.446833e-20 	 -2.885443e-19
1 	 5 	 3 	 6 	 8.095226e-20 	 -3.687580e-19
1 	 6 	 3 	 6 	 6.281144e-20 	 -4.316578e-19
1 	 7 	 3 	 6 	 2.258205e-20 	 -4.696066e-19
1 	 8 	 3 	 6 	 -1.910655e-20 	 -5.078347e-19
1 	 9 	 3 	 6 	 4.719061e-21 	 -5.421616e-19
1 	 10 	 3 	 6 	 1.913086e-19 	 -5.671209e-19
1 	 11 	 3 	 6 	 3.829859e-19 	 -5.917395e-19
1 	 12 	 3 	 6 	 4.634658e-19 	 -5.718209e-19
1 	 13 	 3 	 6 	 2.004199e-19 	 -4.169738e-19
1 	 14 	 3 	 6 	 -6.083122e-20 	 -2.590917e-19
1 	 15 	 3 	 6 	 -3.986820e-19 	 -3.908236e-20
1 	 16 	 3 	 6 	 -9.636252e-19 	 3.541658e-19
1 	 17 	 3 	 6 	 -1.538980e-18 	 7.585320e-19
1 	 18 	 3 	 6 	 -2.133324e-18 	 1.297922e-18
1 	 19 	 3 	 6 	 -2.745033e-18 	 2.094586e-18
1 	 20 	 3 	 6 	 -3.354688e-18 	 2.906895e-18
1 	 21 	 3 	 6 	 -3.608046e-18 	 3.937569e-18
1 	 22 	 3 	 6 	 -3.445360e-18 	 5.213889e-18
1 	 23 	 3 	 6 	 -3.263112e-18 	 6.506128e-18
1 	 24 	 3 	 6 	 -2.463462e-18 	 8.117713e-18
1 	 25 	 3 	 6 	 -1.323501e-18 	 9.893700e-18
1 	 26 	 3 	 6 	 -1.496944e-19 	 1.167570e-17
1 	 27 	 3 	 6 	 2.701787e-18 	 1.363206e-17
1 	 28 	 3 	 6 	 5.713518e-18 	 1.561473e-17
1 	 29 	 3 	 6 	 8.966090e-18 	 1.771735e-17
1 	 30 	 3 	 6 	 1.308904e-17 	 2.022280e-17
1 	 31 	 3 	 6 	 1.733180e-17 	 2.270081e-17
1 	 32 	 3 	 6 	 2.238665e-17 	 2.482786e-17
1 	 33 	 3 	 6 	 2.806584e-17 	 2.666343e-17
1 	 34 	 3 	 6 	 3.386763e-17 	 2.843721e-17
1 	 35 	 3 	 6 	 4.378309e-17 	 2.648778e-17
1 	 36 	 3 	 6 	 5.386383e-17 	 2.432602e-17
1 	 37 	 3 	 6 	 6.549910e-17 	 1.937336e-17
1 	 38 	 3 	 6 	 7.891907e-17 	 1.105104e-17
1 	 39 	 3 	 6 	 9.238758e-17 	 2.442019e-18
1 	 40 	 3 	 6 	 1.075583e-16 	 -1.557655e-17
1 	 41 	 3 	 6 	 1.227004e-16 	 -3.414581e-17
1 	 42 	 3 	 6 	 1.362673e-16 	 -6.032367e-17
1 	 43 	 3 	 6 	 1.484001e-16 	 -9.297397e-17
1 	 44 	 3 	 6 	 1.586662e-16 	 -1.286592e-16
1 	 45 	 3 	 6 	 1.600762e-16 	 -1.780328e-16
1 	 46 	 3 	 6 	 1.607961e-16 	 -2.281435e-16
1 	 47 	 3 	 6 	 1.449234e-16 	 -2.902810e-16
1 	 48 	 3 	 6 	 1.247476e-16 	 -3.553182e-16
1 	 49 	 3 	 6 	 9.035674e-17 	 -4.247529e-16
1 	 50 	 3 	 6 	 4.370044e-17 	 -4.974445e-16
1 	 51 	 3 	 6 	 -2.403849e-17 	 -5.822803e-16
1 	 52 	 3 	 6 	 -1.371109e-16 	 -6.940475e-16
1 	 53 	 3 	 6 	 -2.667551e-16 	 -8.065652e-16
1 	 54 	 3 	 6 	 -4.981474e-16 	 -9.223892e-16
1 	 55 	 3 	 6 	 -7.351292e-16 	 -1.037121e-15
1 	 56 	 3 	 6 	 -1.066378e-15 	 -1.065783e-15
1 	 57 	 3 	 6 	 -1.404942e-15 	 -1.087172e-15
1 	 58 	 3 	 6 	 -1.859182e-15 	 -9.997356e-16
1 	 59 	 3 	 6 	 -2.334746e-15 	 -8.891712e-16
1 	 60 	 3 	 6 	 -2.911175e-15 	 -5.971102e-16
1 	 61 	 3 	 6 	 -3.513716e-15 	 -2.490456e-16
1 	 62 	 3 	 6 	 -4.177705e-15 	 3.765014e-16
1 	 63 	 3 	 6 	 -4.855863e-15 	 1.088304e-15
1 	 64 	 3 	 6 	 -5.491433e-15 	 2.185453e-15
1 	 65 	 3 	 6 	 -6.109716e-15 	 3.387890e-15
1 	 66 	 3 	 6 	 -6.517229e-15 	 5.080613e-15
1 	 67 	 3 	 6 	 -6.876098e-15 	 6.859658e-15
1 	 68 	 3 	 6 	 -6.956995e-15 	 9.697930e-15
1 	 69 	 3 	 6 	 -6.874032e-15 	 1.268830e-14
1 	 70 	 3 	 6 	 -5.821340e-15 	 1.638949e-14
1 	 71 	 3 	 6 	 -4.214003e-15 	 2.050231e-14
1 	 72 	 3 	 6 	 -1.385890e-15 	 2.551738e-14
1 	 73 	 3 	 6 	 2.884117e-15 	 3.072287e-14
1 	 74 	 3 	 6 	 8.521964e-15 	 3.607872e-14
1 	 75 	 3 	 6 	 1.701714e-14 	 4.140633e-14
1 	 76 	 3 	 6 	 2.677643e-14 	 4.661510e-14
1 	 77 	 3 	 6 	 4.113147e-14 	 5.070812e-14
1 	 78 	 3 	 6 	 5.794905e-14 	 5.344205e-14
1 	 79 	 3 	 6 	 7.851449e-14 	 5.401869e-14
1 	 80 	 3 	 6 	 1.040847e-13 	 5.008515e-14
1 	 81 	 3 	 6 	 1.322250e-13 	 4.303941e-14
1 	 82 	 3 	 6 	 1.645482e-13 	 2.787826e-14
1 	 83 	 3 	 6 	 2.010946e-13 	 5.410709e-15
1 	 84 	 3 	 6 	 2.409754e-13 	 -2.346283e-14
1 	 85 	 3 	 6 	 2.918465e-13 	 -7.203715e-14
1 	 86 	 3 	 6 	 3.586844e-13 	 -1.480801e-13
1 	 87 	 3 	 6 	 4.408007e-13 	 -2.529949e-13
1 	 88 	 3 	 6 	 4.957960e-13 	 -3.999261e-13
1 	 89 	 3 	 6 	 5.388756e-13 	 -5.929116e-13
1 	 90 	 3 	 6 	 5.635285e-13 	 -8.353057e-13
1 	 91 	 3 	 6 	 5.399322e-13 	 -1.158599e-12
1 	 92 	 3 	 6 	 4.341896e-13 	 -1.582742e-12
1 	 93 	 3 	 6 	 2.195062e-13 	 -2.097015e-12
1 	 94 	 3 	 6 	 -1.418898e-13 	 -2.706944e-12
1 	 95 	 3 	 6 	 -8.221210e-13 	 -3.452197e-12
1 	 96 	 3 	 6 	 -1.923999e-12 	 -4.252861e-12
1 	 97 	 3 	 6 	 -3.568618e-12 	 -5.013530e-12
1 	 98 	 3 	 6 	 -5.919364e-12 	 -5.576256e-12
1 	 99 	 3 	 6 	 -9.175310e-12 	 -5.671051e-12
1 	 100 	 3 	 6 	 -1.374086e-11 	 -4.129366e-12
1 	 101 	 3 	 6 	 -1.920695e-11 	 3.431764e-13
1 	 102 	 3 	 6 	 -2.487772e-11 	 1.062830e-11
1 	 103 	 3 	 6 	 2.974081e-11 	 -6.126834e-12
1 	 104 	 3 	 6 	 2.227600e-11 	 2.254698e-12
1 	 105 	 3 	 6 	 1.567256e-11 	 5.944298e-12
1 	 106 	 3 	 6 	 1.047498e-11 	 7.111857e-12
1 	 107 	 3 	 6 	 6.696426e-12 	 6.678129e-12
1 	 108 	 3 	 6 	 4.008431e-12 	 5.787478e-12
1 	 109 	 3 	 6 	 2.165864e-12 	 4.793848e-12
1 	 110 	 3 	 6 	 9.655875e-13 	 3.847513e-12
1 	 111 	 3 	 6 	 2.237801e-13 	 3.007033e-12
1 	 112 	 3 	 6 	 -1.586120e-13 	 2.343643e-12
1 	 113 	 3 	 6 	 -3.955614e-13 	 1.788857e-12
1 	 114 	 3 	 6 	 -5.228919e-13 	 1.329643e-12
1 	 115 	 3 	 6 	 -5.633691e-13 	 9.688647e-13
1 	 116 	 3 	 6 	 -5.471033e-13 	 7.028086e-13
1 	 117 	 3 	 6 	 -5.125235e-13 	 4.877203e-13
1 	 118 	 3 	 6 	 -4.648994e-13 	 3.184781e-13
1 	 119 	 3 	 6 	 -4.225610e-13 	 2.125551e-13
1 	 120 	 3 	 6 	 -3.724836e-13 	 1.230193e-13
1 	 121 	 3 	 6 	 -3.156698e-13 	 4.782289e-14
1 	 122 	 3 	 6 	 -2.593120e-13 	 3.266810e-15
1 	 123 	 3 	 6 	 -2.072830e-13 	 -2.913623e-14
1 	 124 	 3 	 6 	 -1.590975e-13 	 -5.032464e-14
1 	 125 	 3 	 6 	 -1.229493e-13 	 -5.712401e-14
1 	 126 	 3 	 6 	 -9.110945e-14 	 -6.078853e-14
1 	 127 	 3 	 6 	 -6.627882e-14 	 -5.945877e-14
1 	 128 	 3 	 6 	 -4.755135e-14 	 -5.572562e-14
1 	 129 	 3 	 6 	 -3.134307e-14 	 -5.109735e-14
1 	 130 	 3 	 6 	 -2.080226e-14 	 -4.540678e-14
1 	 131 	 3 	 6 	 -1.165183e-14 	 -3.975931e-14
1 	 132 	 3 	 6 	 -5.145105e-15 	 -3.407403e-14
1 	 133 	 3 	 6 	 -4.618318e-16 	 -2.880885e-14
1 	 134 	 3 	 6 	 3.187873e-15 	 -2.376577e-14
1 	 135 	 3 	 6 	 5.128425e-15 	 -1.950637e-14
1 	 136 	 3 	 6 	 6.788955e-15 	 -1.539178e-14
1 	 137 	 3 	 6 	 7.256763e-15 	 -1.220514e-14
1 	 138 	 3 	 6 	 7.620200e-15 	 -9.186202e-15
1 	 139 	 3 	 6 	 7.451654e-15 	 -6.910921e-15
1 	 140 	 3 	 6 	 7.204606e-15 	 -4.861459e-15
1 	 141 	 3 	 6 	 6.767082e-15 	 -3.302804e-15
1 	 142 	 3 	 6 	 6.167070e-15 	 -1.945786e-15
1 	 143 	 3 	 6 	 5.309932e-15 	 -8.811677e-16
1 	 144 	 3 	 6 	 4.482667e-15 	 -6.161078e-17
1 	 145 	 3 	 6 	 3.679138e-15 	 4.501293e-16
1 	 146 	 3 	 6 	 2.979938e-15 	 8.221403e-16
1 	 147 	 3 	 6 	 2.409173e-15 	 1.014271e-15
1 	 148 	 3 	 6 	 1.902666e-15 	 1.142533e-15
1 	 149 	 3 	 6 	 1.489364e-15 	 1.169814e-15
1 	 150 	 3 	 6 	 1.114669e-15 	 1.172160e-15
1 	 151 	 3 	 6 	 8.274894e-16 	 1.113077e-15
1 	 152 	 3 	 6 	 5.577080e-16 	 1.048268e-15
1 	 153 	 3 	 6 	 3.740781e-16 	 9.501307e-16
1 	 154 	 3 	 6 	 1.894318e-16 	 8.534500e-16
1 	 155 	 3 	 6 	 8.376620e-17 	 7.527165e-16
1 	 156 	 3 	 6 	 -2.510275e-17 	 6.522343e-16
1 	 157 	 3 	 6 	 -9.040616e-17 	 5.675291e-16
1 	 158 	 3 	 6 	 -1.478973e-16 	 4.862501e-16
1 	 159 	 3 	 6 	 -1.830648e-16 	 4.046215e-16
1 	 160 	 3 	 6 	 -2.004715e-16 	 3.217111e-16
1 	 161 	 3 	 6 	 -2.115603e-16 	 2.439881e-16
1 	 162 	 3 	 6 	 -2.005622e-16 	 1.842438e-16
1 	 163 	 3 	 6 	 -1.901046e-16 	 1.233880e-16
1 	 164 	 3 	 6 	 -1.736315e-16 	 8.795891e-17
1 	 165 	 3 	 6 	 -1.566503e-16 	 5.487236e-17
1 	 166 	 3 	 6 	 -1.397945e-16 	 2.951075e-17
1 	 167 	 3 	 6 	 -1.229243e-16 	 1.207657e-17
1 	 168 	 3 	 6 	 -1.062021e-16 	 -5.303685e-18
1 	 169 	 3 	 6 	 -9.184268e-17 	 -1.302951e-17
1 	 170 	 3 	 6 	 -7.744006e-17 	 -2.109226e-17
1 	 171 	 3 	 6 	 -6.484434e-17 	 -2.604573e-17
1 	 172 	 3 	 6 	 -5.369423e-17 	 -2.834862e-17
1 	 173 	 3 	 6 	 -4.240207e-17 	 -3.088326e-17
1 	 174 	 3 	 6 	 -3.456369e-17 	 -3.003155e-17
1 	 175 	 3 	 6 	 -2.661853e-17 	 -2.925477e-17
1 	 176 	 3 	 6 	 -1.977164e-17 	 -2.805269e-17
1 	 177 	 3 	 6 	 -1.479746e-17 	 -2.606209e-17
1 	 178 	 3 	 6 	 -9.728706e-18 	 -2.412563e-17
1 	 179 	 3 	 6 	 -6.112855e-18 	 -2.187987e-17
1 	 180 	 3 	 6 	 -3.001155e-18 	 -1.951843e-17
1 	 181 	 3 	 6 	 1.856828e-19 	 -1.717657e-17
1 	 182 	 3 	 6 	 1.370588e-18 	 -1.489051e-17
1 	 183 	 3 	 6 	 2.598688e-18 	 -1.258531e-17
1 	 184 	 3 	 6 	 3.624515e-18 	 -1.042920e-17
1 	 185 	 3 	 6 	 3.859572e-18 	 -8.791650e-18
1 	 186 	 3 	 6 	 4.135625e-18 	 -7.128000e-18
1 	 187 	 3 	 6 	 4.228678e-18 	 -5.688630e-18
1 	 188 	 3 	 6 	 4.026963e-18 	 -4.583386e-18
1 	 189 	 3 	 6 	 3.845381e-18 	 -3.455030e-18
1 	 190 	 3 	 6 	 3.583637e-18 	 -2.460773e-18
1 	 191 	 3 	 6 	 3.243077e-18 	 -1.582228e-18
1 	 192 	 3 	 6 	 2.912612e-18 	 -6.742817e-19
1 	 193 	 3 	 6 	 2.563746e-18 	 -1.449245e-19
1 	 194 	 3 	 6 	 2.191418e-18 	 9.619693e-20
1 	 195 	 3 	 6 	 1.814855e-18 	 3.410724e-19
1 	 196 	 3 	 6 	 1.486156e-18 	 4.017697e-19
1 	 197 	 3 	 6 	 1.189385e-18 	 3.258661e-19
1 	 198 	 3 	 6 	 8.890597e-19 	 2.611808e-19
1 	 199 	 3 	 6 	 6.251912e-19 	 2.355291e-19
1 	 200 	 3 	 6 	 3.961109e-19 	 2.441840e-19
1 	 201 	 3 	 6 	 1.622584e-19 	 2.589504e-19
1 	 202 	 3 	 6 	 -6.371065e-20 	 2.915123e-19
1 	 203 	 3 	 6 	 -2.728830e-19 	 3.495441e-19
1 	 204 	 3 	 6 	 -4.868922e-19 	 4.141795e-19
1 	 205 	 3 	 6 	 5.603264e-19 	 -8.045589e-20
1 	 206 	 3 	 6 	 5.046098e-19 	 -1.113357e-19
1 	 207 	 3 	 6 	 4.036271e-19 	 -1.578801e-19
1 	 208 	 3 	 6 	 2.699925e-19 	 -2.149695e-19
1 	 209 	 3 	 6 	 1.334150e-19 	 -2.717066e-19
1 	 210 	 3 	 6 	 -5.992151e-21 	 -3.293749e-19
1 	 211 	 3 	 6 	 -1.468789e-19 	 -3.883744e-19
1 	 212 	 3 	 6 	 -2.888133e-19 	 -4.468514e-19
1 	 213 	 3 	 6 	 -4.273238e-19 	 -4.838504e-19
1 	 214 	 3 	 6 	 -5.566234e-19 	 -4.710784e-19
1 	 215 	 3 	 6 	 -6.879581e-19 	 -4.571858e-19
1 	 216 	 3 	 6 	 -7.855854e-19 	 -4.110200e-19
1 	 217 	 3 	 6 	 -7.754517e-19 	 -2.697188e-19
1 	 218 	 3 	 6 	 -7.643543e-19 	 -1.254877e-19
1 	 219 	 3 	 6 	 -6.056338e-19 	 5.510743e-20
1 	 220 	 3 	 6 	 -6.048638e-20 	 3.406705e-19
1 	 221 	 3 	 6 	 4.679808e-19 	 6.384452e-19
1 	 222 	 3 	 6 	 4.851952e-19 	 1.081511e-18
1 	 223 	 3 	 6 	 -4.658938e-19 	 1.801784e-18
1 	 224 	 3 	 6 	 -1.382822e-18 	 2.534723e-18
1 	 225 	 3 	 6 	 -2.231622e-18 	 3.459289e-18
1 	 226 	 3 	 6 	 -3.025706e-18 	 4.610009e-18
1 	 227 	 3 	 6 	 -3.810564e-18 	 5.787083e-18
1 	 228 	 3 	 6 	 -3.761886e-18 	 7.304011e-18
1 	 229 	 3 	 6 	 -3.254991e-18 	 9.002923e-18
1 	 230 	 3 	 6 	 -2.708567e-18 	 1.072154e-17
1 	 231 	 3 	 6 	 -1.126973e-18 	 1.286766e-17
1 	 232 	 3 	 6 	 6.073077e-19 	 1.506074e-17
1 	 233 	 3 	 6 	 2.786059e-18 	 1.725650e-17
1 	 234 	 3 	 6 	 6.368066e-18 	 1.944004e-17
1 	 235 	 3 	 6 	 1.002132e-17 	 2.159266e-17
1 	 236 	 3 	 6 	 1.521355e-17 	 2.341747e-17
1 	 237 	 3 	 6 	 2.157520e-17 	 2.496459e-17
1 	 238 	 3 	 6 	 2.801241e-17 	 2.645163e-17
1 	 239 	 3 	 6 	 3.679230e-17 	 2.626983e-17
1 	 240 	 3 	 6 	 4.561771e-17 	 2.600116e-17
1 	 241 	 3 	 6 	 5.647382e-17 	 2.326452e-17
1 	 242 	 3 	 6 	 6.974832e-17 	 1.756318e-17
1 	 243 	 3 	 6 	 8.308053e-17 	 1.173085e-17
1 	 244 	 3 	 6 	 9.825446e-17 	 -2.437183e-18
1 	 245 	 3 	 6 	 1.135168e-16 	 -1.709415e-17
1 	 246 	 3 	 6 	 1.281522e-16 	 -3.868295e-17
1 	 247 	 3 	 6 	 1.421605e-16 	 -6.618285e-17
1 	 248 	 3 	 6 	 1.549431e-16 	 -9.681756e-17
1 	 249 	 3 	 6 	 1.618729e-16 	 -1.415454e-16
1 	 250 	 3 	 6 	 1.684297e-16 	 -1.868539e-16
1 	 251 	 3 	 6 	 1.605616e-16 	 -2.485875e-16
1 	 252 	 3 	 6 	 1.491335e-16 	 -3.141084e-16
1 	 253 	 3 	 6 	 1.197666e-16 	 -3.898763e-16
1 	 254 	 3 	 6 	 7.471485e-17 	 -4.740814e-16
1 	 255 	 3 	 6 	 1.325269e-17 	 -5.613755e-16
1 	 256 	 3 	 6 	 -8.315843e-17 	 -6.547475e-16
1 	 257 	 3 	 6 	 -1.895447e-16 	 -7.469530e-16
1 	 258 	 3 	 6 	 -3.530520e-16 	 -8.297015e-16
1 	 259 	 3 	 6 	 -5.202533e-16 	 -9.111874e-16
1 	 260 	 3 	 6 	 -7.750401e-16 	 -9.676391e-16
1 	 261 	 3 	 6 	 -1.036598e-15 	 -1.020220e-15
1 	 262 	 3 	 6 	 -1.440132e-15 	 -1.018456e-15
1 	 263 	 3 	 6 	 -1.870823e-15 	 -1.003482e-15
1 	 264 	 3 	 6 	 -2.386712e-15 	 -8.341664e-16
1 	 265 	 3 	 6 	 -2.925472e-15 	 -6.198157e-16
1 	 266 	 3 	 6 	 -3.540703e-15 	 -1.877692e-16
1 	 267 	 3 	 6 	 -4.177224e-15 	 3.135754e-16
1 	 268 	 3 	 6 	 -4.839106e-15 	 1.136339e-15
1 	 269 	 3 	 6 	 -5.502782e-15 	 2.055376e-15
1 	 270 	 3 	 6 	 -6.069329e-15 	 3.436339e-15
1 	 271 	 3 	 6 	 -6.608986e-15 	 4.906858e-15
1 	 272 	 3 	 6 	 -6.826257e-15 	 6.972885e-15
1 	 273 	 3 	 6 	 -6.940191e-15 	 9.144056e-15
1 	 274 	 3 	 6 	 -6.524428e-15 	 1.181325e-14
1 	 275 	 3 	 6 	 -5.844673e-15 	 1.473553e-14
1 	 276 	 3 	 6 	 -4.597081e-15 	 1.822646e-14
1 	 277 	 3 	 6 	 -2.573354e-15 	 2.236177e-14
1 	 278 	 3 	 6 	 1.981694e-16 	 2.710483e-14
1 	 279 	 3 	 6 	 5.037328e-15 	 3.265663e-14
1 	 280 	 3 	 6 	 1.081891e-14 	 3.844170e-14
1 	 281 	 3 	 6 	 1.995333e-14 	 4.391534e-14
1 	 282 	 3 	 6 	 3.088000e-14 	 4.883364e-14
1 	 283 	 3 	 6 	 4.454218e-14 	 5.284027e-14
1 	 284 	 3 	 6 	 6.235808e-14 	 5.488439e-14
1 	 285 	 3 	 6 	 8.262818e-14 	 5.538456e-14
1 	 286 	 3 	 6 	 1.082987e-13 	 5.142379e-14
1 	 287 	 3 	 6 	 1.379987e-13 	 4.273142e-14
1 	 288 	 3 	 6 	 1.709726e-13 	 2.989085e-14
1 	 289 	 3 	 6 	 2.094225e-13 	 5.281588e-15
1 	 290 	 3 	 6 	 2.504130e-13 	 -2.802191e-14
1 	 291 	 3 	 6 	 2.937953e-13 	 -7.046765e-14
1 	 292 	 3 	 6 	 3.380603e-13 	 -1.326963e-13
1 	 293 	 3 	 6 	 3.817181e-13 	 -2.099944e-13
1 	 294 	 3 	 6 	 4.241217e-13 	 -3.029495e-13
1 	 295 	 3 	 6 	 4.632682e-13 	 -4.189454e-13
1 	 296 	 3 	 6 	 5.038774e-13 	 -5.736014e-13
1 	 297 	 3 	 6 	 5.344552e-13 	 -7.751458e-13
1 	 298 	 3 	 6 	 5.440158e-13 	 -1.032405e-12
1 	 299 	 3 	 6 	 4.815824e-13 	 -1.332862e-12
1 	 300 	 3 	 6 	 3.534800e-13 	 -1.663413e-12
1 	 301 	 3 	 6 	 1.547340e-13 	 -2.022135e-12
1 	 302 	 3 	 6 	 -1.300033e-13 	 -2.404181e-12
1 	 303 	 3 	 6 	 -5.171163e-13 	 -2.797192e-12
1 	 304 	 3 	 6 	 -1.042262e-12 	 -3.157711e-12
1 	 305 	 3 	 6 	 -1.668523e-12 	 -3.444369e-12
1 	 306 	 3 	 6 	 -2.360417e-12 	 -3.612248e-12
1 	 307 	 3 	 6 	 2.613701e-12 	 3.681215e-12
1 	 308 	 3 	 6 	 1.937007e-12 	 3.543587e-12
1 	 309 	 3 	 6 	 1.307371e-12 	 3.287177e-12
1 	 310 	 3 	 6 	 7.652236e-13 	 2.943683e-12
1 	 311 	 3 	 6 	 3.505867e-13 	 2.557796e-12
1 	 312 	 3 	 6 	 3.516417e-14 	 2.198913e-12
1 	 313 	 3 	 6 	 -2.082579e-13 	 1.883983e-12
1 	 314 	 3 	 6 	 -3.918972e-13 	 1.591549e-12
1 	 315 	 3 	 6 	 -5.172285e-13 	 1.271617e-12
1 	 316 	 3 	 6 	 -5.602133e-13 	 9.928847e-13
1 	 317 	 3 	 6 	 -5.646337e-13 	 7.449732e-13
1 	 318 	 3 	 6 	 -5.397591e-13 	 5.312931e-13
1 	 319 	 3 	 6 	 -4.904727e-13 	 3.635271e-13
1 	 320 	 3 	 6 	 -4.333200e-13 	 2.445874e-13
1 	 321 	 3 	 6 	 -3.765961e-13 	 1.503265e-13
1 	 322 	 3 	 6 	 -3.213653e-13 	 7.779591e-14
1 	 323 	 3 	 6 	 -2.722791e-13 	 3.276525e-14
1 	 324 	 3 	 6 	 -2.272782e-13 	 -2.027427e-15
1 	 325 	 3 	 6 	 -1.857782e-13 	 -2.799115e-14
1 	 326 	 3 	 6 	 -1.514511e-13 	 -4.149613e-14
1 	 327 	 3 	 6 	 -1.208768e-13 	 -5.074870e-14
1 	 328 	 3 	 6 	 -9.369843e-14 	 -5.601260e-14
1 	 329 	 3 	 6 	 -7.275717e-14 	 -5.593554e-14
1 	 330 	 3 	 6 	 -5.404409e-14 	 -5.474821e-14
1 	 331 	 3 	 6 	 -3.900860e-14 	 -5.171178e-14
1 	 332 	 3 	 6 	 -2.722068e-14 	 -4.777870e-14
1 	 333 	 3 	 6 	 -1.676595e-14 	 -4.347353e-14
1 	 334 	 3 	 6 	 -9.745949e-15 	 -3.937439e-14
1 	 335 	 3 	 6 	 -3.501909e-15 	 -3.477678e-14
1 	 336 	 3 	 6 	 1.259456e-15 	 -2.918710e-14
1 	 337 	 3 	 6 	 4.377695e-15 	 -2.380900e-14
1 	 338 	 3 	 6 	 6.558819e-15 	 -1.849929e-14
1 	 339 	 3 	 6 	 7.307837e-15 	 -1.455131e-14
1 	 340 	 3 	 6 	 7.826401e-15 	 -1.085734e-14
1 	 341 	 3 	 6 	 7.608856e-15 	 -8.342753e-15
1 	 342 	 3 	 6 	 7.341721e-15 	 -5.978860e-15
1 	 343 	 3 	 6 	 6.789343e-15 	 -4.281517e-15
1 	 344 	 3 	 6 	 6.202078e-15 	 -2.771550e-15
1 	 345 	 3 	 6 	 5.523540e-15 	 -1.676619e-15
1 	 346 	 3 	 6 	 4.849963e-15 	 -7.616966e-16
1 	 347 	 3 	 6 	 4.177701e-15 	 -1.165016e-16
1 	 348 	 3 	 6 	 3.547116e-15 	 3.867430e-16
1 	 349 	 3 	 6 	 2.964916e-15 	 7.131820e-16
1 	 350 	 3 	 6 	 2.437592e-15 	 9.532838e-16
1 	 351 	 3 	 6 	 1.975622e-15 	 1.082534e-15
1 	 352 	 3 	 6 	 1.564069e-15 	 1.170642e-15
1 	 353 	 3 	 6 	 1.227162e-15 	 1.193671e-15
1 	 354 	 3 	 6 	 9.151241e-16 	 1.190803e-15
1 	 355 	 3 	 6 	 6.576256e-16 	 1.126310e-15
1 	 356 	 3 	 6 	 4.144346e-16 	 1.050150e-15
1 	 357 	 3 	 6 	 2.427329e-16 	 9.167189e-16
1 	 358 	 3 	 6 	 6.964607e-17 	 7.839014e-16
1 	 359 	 3 	 6 	 -1.039540e-17 	 6.704722e-16
1 	 360 	 3 	 6 	 -9.327551e-17 	 5.565411e-16
1 	 361 	 3 	 6 	 -1.338566e-16 	 4.671424e-16
1 	 362 	 3 	 6 	 -1.663316e-16 	 3.825602e-16
1 	 363 	 3 	 6 	 -1.835700e-16 	 3.107743e-16
1 	 364 	 3 	 6 	 -1.887733e-16 	 2.488291e-16
1 	 365 	 3 	 6 	 -1.911491e-16 	 1.913011e-16
1 	 366 	 3 	 6 	 -1.823967e-16 	 1.483723e-16
1 	 367 	 3 	 6 	 -1.742762e-16 	 1.045463e-16
1 	 368 	 3 	 6 	 -1.609458e-16 	 7.586993e-17
1 	 369 	 3 	 6 	 -1.472144e-16 	 4.828465e-17
1 	 370 	 3 	 6 	 -1.335809e-16 	 2.650952e-17
1 	 371 	 3 	 6 	 -1.199356e-16 	 1.076197e-17
1 	 372 	 3 	 6 	 -1.063078e-16 	 -5.087711e-18
1 	 373 	 3 	 6 	 -9.118840e-17 	 -1.366452e-17
1 	 374 	 3 	 6 	 -7.593212e-17 	 -2.263261e-17
1 	 375 	 3 	 6 	 -6.228620e-17 	 -2.782816e-17
1 	 376 	 3 	 6 	 -4.992955e-17 	 -2.977535e-17
1 	 377 	 3 	 6 	 -3.739439e-17 	 -3.190753e-17
1 	 378 	 3 	 6 	 -2.995804e-17 	 -3.041159e-17
1 	 379 	 3 	 6 	 -2.244180e-17 	 -2.898147e-17
1 	 380 	 3 	 6 	 -1.610741e-17 	 -2.724753e-17
1 	 381 	 3 	 6 	 -1.176667e-17 	 -2.492161e-17
1 	 382 	 3 	 6 	 -7.325199e-18 	 -2.263902e-17
1 	 383 	 3 	 6 	 -4.414234e-18 	 -2.027401e-17
1 	 384 	 3 	 6 	 -2.045576e-18 	 -1.787019e-17
1 	 385 	 3 	 6 	 3.888499e-19 	 -1.547214e-17
1 	 386 	 3 	 6 	 1.413012e-18 	 -1.331019e-17
1 	 387 	 3 	 6 	 2.490048e-18 	 -1.112866e-17
1 	 388 	 3 	 6 	 3.414290e-18 	 -9.054221e-18
1 	 389 	 3 	 6 	 3.721944e-18 	 -7.360294e-18
1 	 390 	 3 	 6 	 4.061255e-18 	 -5.640931e-18
1 	 391 	 3 	 6 	 4.194381e-18 	 -4.289323e-18
1 	 392 	 3 	 6 	 3.994044e-18 	 -3.499911e-18
1 	 393 	 3 	 6 	 3.814194e-18 	 -2.692089e-18
1 	 394 	 3 	 6 	 3.525504e-18 	 -2.058621e-18
1 	 395 	 3 	 6 	 3.127541e-18 	 -1.579801e-18
1 	 396 	 3 	 6 	 2.734387e-18 	 -1.078739e-18
1 	 397 	 3 	 6 	 2.351341e-18 	 -6.956618e-19
1 	 398 	 3 	 6 	 1.972421e-18 	 -3.987539e-19
1 	 399 	 3 	 6 	 1.592714e-18 	 -8.715416e-20
1 	 400 	 3 	 6 	 1.222352e-18 	 1.880102e-19
1 	 401 	 3 	 6 	 8.559060e-19 	 4.399136e-19
1 	 402 	 3 	 6 	 4.851321e-19 	 7.073279e-19
1 	 403 	 3 	 6 	 1.795591e-19 	 8.554017e-19
1 	 404 	 3 	 6 	 -6.578282e-20 	 8.794072e-19
1 	 405 	 3 	 6 	 -3.175406e-19 	 9.094304e-19
1 	 406 	 3 	 6 	 -4.931089e-19 	 8.381477e-19
1 	 407 	 3 	 6 	 -5.361404e-19 	 5.849180e-19
1 	 408 	 3 	 6 	 -5.832651e-19 	 3.249267e-19
